0.0005,0,0.1,0,
0.0005,0,0.1,0,
0.0005,0,0.1,0,
0.0005,0,0.1,0,
0.0005,0,0.1,0,
0.0005,0,0.1,0,
0.0005,0,0.1,0,
0.0005,0,0.1,0,
0.0005,0,0.1,0,
0.0005,0,0.1,0,
0.0005,0,0.1,0,
0.0005,0,0.1,0,
0.0005,0,0.1,0,
0.0005,0,0.1,0,
0.0005,0,0.1,0,
0.0005,0,0.1,0,
0.0005,0,0.1,0,
0.0005,0,0.1,0,
0.0005,0,0.1,0,
0.0005,0,0.1,0,
0.0005,0,0.1,0,
0.0005,0,0.1,5.73396e-15,
0.0005,0,0.1,1.14679e-14,
0.0005,0,0.1,1.72019e-14,
0.0005,0,0.1,2.29358e-14,
0.0005,0,0.1,2.86698e-14,
0.0005,0,0.1,3.44038e-14,
0.0005,0,0.1,4.01377e-14,
0.0005,0,0.1,4.58717e-14,
0.0005,0,0.1,5.16056e-14,
0.0005,0,0.1,5.73396e-14,
0.0005,0,0.1,6.30735e-14,
0.0005,0,0.1,6.88075e-14,
0.0005,0,0.1,7.45415e-14,
0.0005,0,0.1,8.02754e-14,
0.0005,0,0.1,8.60094e-14,
0.0005,0,0.1,9.17433e-14,
0.0005,0,0.1,9.74773e-14,
0.0005,0,0.1,1.03211e-13,
0.0005,0,0.1,1.08945e-13,
0.0005,0,0.1,1.14679e-13,
0.0005,0,0.1,1.14288e-13,
0.0005,0,0.1,1.13897e-13,
0.0005,0,0.1,1.13505e-13,
0.0005,0,0.1,1.13114e-13,
0.0005,0,0.1,1.12723e-13,
0.0005,0,0.1,1.12332e-13,
0.0005,0,0.1,1.1194e-13,
0.0005,0,0.1,1.11549e-13,
0.0005,0,0.1,1.11158e-13,
0.0005,0,0.1,1.10767e-13,
0.0005,0,0.1,1.10375e-13,
0.0005,0,0.1,1.09984e-13,
0.0005,0,0.1,1.09593e-13,
0.0005,0,0.1,1.09202e-13,
0.000411592,0.000101737,0.0823185,0.0203475,
0.000411604,0.000101839,0.0823209,0.0203677,
0.000411603,0.000101924,0.0823205,0.0203848,
0.000411589,0.000101995,0.0823178,0.020399,
0.000411565,0.000102053,0.082313,0.0204106,
0.000411547,0.000102163,0.0823095,0.0204327,
0.000411555,0.000102389,0.082311,0.0204777,
0.000413423,0.000110535,0.0826846,0.022107,
0.000413418,0.000110462,0.0826835,0.0220923,
0.000413598,0.000111177,0.0827197,0.0222353,
0.000413779,0.000111892,0.0827558,0.0223783,
0.000413959,0.000112607,0.0827919,0.0225213,
0.00041414,0.000113322,0.082828,0.0226643,
0.00041636,0.000123164,0.083272,0.0246327,
0.000423166,0.000153668,0.0846332,0.0307335,
0.000423174,0.000153651,0.0846349,0.0307303,
0.000423177,0.000153647,0.0846353,0.0307293,
0.000423174,0.000153653,0.0846347,0.0307306,
0.000423166,0.000153668,0.0846332,0.0307336,
0.000414864,0.000117496,0.0829729,0.0234993,
0.00041393,0.000112385,0.0827861,0.0224771,
0.000411578,0.00010322,0.0823157,0.0206439,
0.000411581,0.000103222,0.0823162,0.0206445,
0.000455791,5.16111e-05,0.0911581,0.0103222,
0.0005,0,0.1,0,
0.0005,0,0.1,0,
0.0005,0,0.1,0,
0.000455787,5.1575e-05,0.0911573,0.010315,
0.000411573,0.00010315,0.0823146,0.02063,
0.000413388,0.000110125,0.0826776,0.022025,
0.000413391,0.000110133,0.0826782,0.0220265,
0.000413394,0.00011014,0.0826789,0.0220279,
0.000413399,0.000110146,0.0826797,0.0220292,
0.000413404,0.000110153,0.0826807,0.0220306,
0.000413409,0.00011016,0.0826818,0.022032,
0.000413415,0.000110167,0.082683,0.0220335,
0.000413421,0.000110176,0.0826842,0.0220351,
0.000413428,0.000110185,0.0826856,0.0220369,
0.0004136,0.000110935,0.08272,0.0221871,
0.000413772,0.000111686,0.0827544,0.0223372,
0.000414261,0.000113862,0.0828521,0.0227724,
0.000413311,0.000110709,0.0826621,0.0221418,
0.000413753,0.000112625,0.0827505,0.0225251,
0.000414068,0.000113991,0.0828137,0.0227982,
0.000414267,0.000114843,0.0828533,0.0229686,
0.000414358,0.000115226,0.0828715,0.0230452,
0.000414359,0.000115216,0.0828719,0.0230433,
0.000414289,0.000114887,0.0828578,0.0229775,
0.000414162,0.000114306,0.0828324,0.0228613,
0.000413996,0.000113547,0.0827992,0.0227094,
0.000413808,0.000112681,0.0827615,0.0225361,
0.000413611,0.000111772,0.0827222,0.0223544,
0.00041342,0.000110876,0.0826839,0.0221751,
0.000413228,0.000109972,0.0826456,0.0219945,
0.000413036,0.000109069,0.0826073,0.0218138,
0.000412845,0.000108165,0.082569,0.0216331,
0.000412653,0.000107262,0.0825307,0.0214524,
0.000412462,0.000106359,0.0824923,0.0212717,
0.000412237,0.000105297,0.0824474,0.0210593,
0.000412012,0.000104235,0.0824025,0.020847,
0.000411728,0.000102946,0.0823455,0.0205892,
0.000411663,0.000102673,0.0823326,0.0205346,
0.000411661,0.000102698,0.0823321,0.0205396,
0.000411657,0.000102732,0.0823315,0.0205465,
0.000411726,0.000103064,0.0823452,0.0206129,
0.000411795,0.000103396,0.0823589,0.0206792,
0.000411785,0.00010339,0.0823569,0.020678,
0.000411779,0.000103387,0.0823559,0.0206774,
0.000411774,0.000103384,0.0823548,0.0206767,
0.000411772,0.000103383,0.0823544,0.0206765,
0.000411756,0.000103297,0.0823511,0.0206594,
0.000411739,0.000103211,0.0823478,0.0206423,
0.000411722,0.000103126,0.0823445,0.0206251,
0.000411706,0.00010304,0.0823411,0.020608,
0.000411689,0.000102954,0.0823378,0.0205909,
0.000411672,0.000102869,0.0823345,0.0205737,
0.000411656,0.000102783,0.0823311,0.0205566,
0.000411657,0.000102775,0.0823314,0.0205549,
0.000411658,0.000102766,0.0823317,0.0205533,
0.000411658,0.000102772,0.0823316,0.0205543,
0.000411656,0.000102783,0.0823312,0.0205566,
0.000411804,0.000103411,0.0823608,0.0206821,
0.000411803,0.00010341,0.0823606,0.020682,
0.000411802,0.000103409,0.0823604,0.0206818,
0.000411729,0.000103093,0.0823457,0.0206186,
0.000411656,0.000102777,0.0823311,0.0205554,
0.000411655,0.000102779,0.082331,0.0205557,
0.000411654,0.00010278,0.0823308,0.020556,
0.000411653,0.000102782,0.0823306,0.0205563,
0.000411652,0.000102783,0.0823305,0.0205566,
0.0004118,0.000103405,0.08236,0.0206811,
0.000411798,0.000103404,0.0823596,0.0206807,
0.000411799,0.000103404,0.0823599,0.0206808,
0.000411651,0.000102778,0.0823301,0.0205556,
0.000411688,0.000102934,0.0823376,0.0205868,
0.000411726,0.00010309,0.0823452,0.020618,
0.000411763,0.000103246,0.0823527,0.0206491,
0.000411801,0.000103402,0.0823602,0.0206803,
0.000411648,0.00010277,0.0823295,0.020554,
0.000411723,0.000103084,0.0823446,0.0206168,
0.000411799,0.000103398,0.0823597,0.0206795,
0.000411646,0.000102766,0.0823292,0.0205531,
0.000411696,0.000102975,0.0823392,0.0205949,
0.000411746,0.000103184,0.0823492,0.0206367,
0.000411796,0.000103393,0.0823593,0.0206786,
0.000411643,0.000102759,0.0823286,0.0205518,
0.000411681,0.000102916,0.0823361,0.0205831,
0.000411718,0.000103072,0.0823436,0.0206144,
0.000411756,0.000103229,0.0823511,0.0206458,
0.000411793,0.000103386,0.0823586,0.0206771,
0.000411639,0.000102749,0.0823279,0.0205497,
0.000411664,0.000102853,0.0823329,0.0205706,
0.000411689,0.000102957,0.0823378,0.0205914,
0.000411714,0.000103061,0.0823428,0.0206123,
0.000411739,0.000103166,0.0823478,0.0206331,
0.000411764,0.00010327,0.0823528,0.020654,
0.000411789,0.000103374,0.0823577,0.0206749,
0.000411634,0.000102732,0.0823268,0.0205464,
0.000411526,0.000102238,0.0823052,0.0204476,
0.000411418,0.000101744,0.0822835,0.0203488,
0.00041131,0.00010125,0.0822619,0.0202501,
0.000411201,0.000100756,0.0822403,0.0201513,
0.000411093,0.000100263,0.0822187,0.0200525,
0.000410985,9.97688e-05,0.082197,0.0199538,
0.000410877,9.9275e-05,0.0821754,0.019855,
0.000410769,9.87812e-05,0.0821538,0.0197562,
0.000410661,9.82873e-05,0.0821322,0.0196575,
0.000410553,9.77935e-05,0.0821105,0.0195587,
0.000410445,9.72997e-05,0.0820889,0.0194599,
0.000410336,9.68058e-05,0.0820673,0.0193612,
0.000410228,9.6312e-05,0.0820457,0.0192624,
0.00041012,9.58182e-05,0.082024,0.0191636,
0.000410012,9.53243e-05,0.0820024,0.0190649,
0.000409904,9.48305e-05,0.0819808,0.0189661,
0.000409796,9.43367e-05,0.0819592,0.0188673,
0.000409688,9.38428e-05,0.0819375,0.0187686,
0.00040958,9.3349e-05,0.0819159,0.0186698,
0.000409471,9.28552e-05,0.0818943,0.018571,
0.000409441,9.27159e-05,0.0818882,0.0185432,
0.000409411,9.25766e-05,0.0818821,0.0185153,
0.00040938,9.24373e-05,0.0818761,0.0184875,
0.00040935,9.2298e-05,0.08187,0.0184596,
0.00040932,9.21588e-05,0.0818639,0.0184318,
0.000409289,9.20195e-05,0.0818578,0.0184039,
0.000409259,9.18802e-05,0.0818518,0.018376,
0.000409228,9.17409e-05,0.0818457,0.0183482,
0.000409198,9.16016e-05,0.0818396,0.0183203,
0.000409168,9.14623e-05,0.0818335,0.0182925,
0.000409137,9.13231e-05,0.0818275,0.0182646,
0.000409107,9.11838e-05,0.0818214,0.0182368,
0.000409077,9.10445e-05,0.0818153,0.0182089,
0.000409046,9.09052e-05,0.0818093,0.018181,
0.000409016,9.07659e-05,0.0818032,0.0181532,
0.000408986,9.06266e-05,0.0817971,0.0181253,
0.000408955,9.04874e-05,0.081791,0.0180975,
0.000408925,9.03481e-05,0.081785,0.0180696,
0.000408894,9.02088e-05,0.0817789,0.0180418,
0.000408864,9.00695e-05,0.0817728,0.0180139,
0.000408835,8.99386e-05,0.0817671,0.0179877,
0.000408807,8.98076e-05,0.0817613,0.0179615,
0.000408778,8.96766e-05,0.0817556,0.0179353,
0.000408749,8.95457e-05,0.0817499,0.0179091,
0.000408721,8.94147e-05,0.0817441,0.017883,
0.000408692,8.92838e-05,0.0817384,0.0178568,
0.000408663,8.91528e-05,0.0817326,0.0178306,
0.000408635,8.90219e-05,0.0817269,0.0178044,
0.000408606,8.88909e-05,0.0817212,0.0177782,
0.000408577,8.87599e-05,0.0817154,0.017752,
0.000408549,8.8629e-05,0.0817097,0.0177258,
0.00040852,8.8498e-05,0.081704,0.0176996,
0.000408491,8.83671e-05,0.0816982,0.0176734,
0.000408462,8.82361e-05,0.0816925,0.0176472,
0.000408434,8.81052e-05,0.0816868,0.017621,
0.000408405,8.79742e-05,0.081681,0.0175948,
0.000408376,8.78432e-05,0.0816753,0.0175687,
0.000408348,8.77123e-05,0.0816695,0.0175425,
0.000408319,8.75813e-05,0.0816638,0.0175163,
0.00040829,8.74504e-05,0.0816581,0.0174901,
0.000408124,8.66973e-05,0.0816249,0.0173395,
0.000407958,8.59443e-05,0.0815916,0.0171889,
0.000407792,8.51913e-05,0.0815584,0.0170383,
0.000407626,8.44382e-05,0.0815252,0.0168877,
0.00040746,8.36852e-05,0.081492,0.016737,
0.000407294,8.29321e-05,0.0814588,0.0165864,
0.000407128,8.21791e-05,0.0814256,0.0164358,
0.000406962,8.1426e-05,0.0813924,0.0162852,
0.000406796,8.0673e-05,0.0813592,0.0161346,
0.00040663,7.992e-05,0.0813259,0.015984,
0.000406464,7.91669e-05,0.0812927,0.0158334,
0.000406298,7.84139e-05,0.0812595,0.0156828,
0.000406132,7.76608e-05,0.0812263,0.0155322,
0.000405965,7.69078e-05,0.0811931,0.0153816,
0.000405799,7.61547e-05,0.0811599,0.015231,
0.000405633,7.54017e-05,0.0811267,0.0150804,
0.000405467,7.46487e-05,0.0810934,0.0149297,
0.000405301,7.38956e-05,0.0810602,0.0147791,
0.000405135,7.31426e-05,0.081027,0.0146285,
0.000404969,7.23895e-05,0.0809938,0.0144779,
0.000404955,7.23253e-05,0.080991,0.0144651,
0.000404941,7.2261e-05,0.0809882,0.0144522,
0.000404927,7.21968e-05,0.0809854,0.0144394,
0.000404913,7.21325e-05,0.0809826,0.0144265,
0.000404899,7.20683e-05,0.0809798,0.0144137,
0.000404885,7.2004e-05,0.080977,0.0144008,
0.000404871,7.19398e-05,0.0809743,0.014388,
0.000404857,7.18755e-05,0.0809715,0.0143751,
0.000404843,7.18113e-05,0.0809687,0.0143623,
0.000404829,7.17471e-05,0.0809659,0.0143494,
0.000404815,7.16828e-05,0.0809631,0.0143366,
0.000404801,7.16186e-05,0.0809603,0.0143237,
0.000404787,7.15543e-05,0.0809575,0.0143109,
0.000404773,7.14901e-05,0.0809547,0.014298,
0.000404759,7.14258e-05,0.0809519,0.0142852,
0.000404746,7.13616e-05,0.0809491,0.0142723,
0.000404732,7.12973e-05,0.0809463,0.0142595,
0.000404718,7.12331e-05,0.0809435,0.0142466,
0.000404704,7.11688e-05,0.0809407,0.0142338,
0.00040469,7.11046e-05,0.0809379,0.0142209,
0.000404681,7.10653e-05,0.0809362,0.014213,
0.000404673,7.10259e-05,0.0809345,0.0142052,
0.000404664,7.09866e-05,0.0809328,0.0141973,
0.000404656,7.09473e-05,0.0809311,0.0141895,
0.000404647,7.0908e-05,0.0809294,0.0141816,
0.000404639,7.08687e-05,0.0809277,0.0141737,
0.00040463,7.08294e-05,0.080926,0.0141659,
0.000404621,7.07901e-05,0.0809243,0.014158,
0.000404613,7.07507e-05,0.0809226,0.0141501,
0.000404604,7.07114e-05,0.0809209,0.0141423,
0.000404596,7.06721e-05,0.0809192,0.0141344,
0.000404587,7.06328e-05,0.0809175,0.0141266,
0.000404579,7.05935e-05,0.0809158,0.0141187,
0.00040457,7.05542e-05,0.0809141,0.0141108,
0.000404562,7.05149e-05,0.0809124,0.014103,
0.000404553,7.04756e-05,0.0809107,0.0140951,
0.000404545,7.04362e-05,0.080909,0.0140872,
0.000404536,7.03969e-05,0.0809073,0.0140794,
0.000404528,7.03576e-05,0.0809056,0.0140715,
0.000404519,7.03183e-05,0.0809039,0.0140637,
0.000404519,7.03177e-05,0.0809039,0.0140635,
0.00040452,7.0317e-05,0.0809039,0.0140634,
0.00040452,7.03164e-05,0.080904,0.0140633,
0.00040452,7.03157e-05,0.080904,0.0140631,
0.00040452,7.03151e-05,0.0809041,0.014063,
0.00040452,7.03144e-05,0.0809041,0.0140629,
0.000404521,7.03138e-05,0.0809041,0.0140628,
0.000404521,7.03132e-05,0.0809042,0.0140626,
0.000404521,7.03125e-05,0.0809042,0.0140625,
0.000404521,7.03119e-05,0.0809043,0.0140624,
0.000404521,7.03112e-05,0.0809043,0.0140622,
0.000404522,7.03106e-05,0.0809043,0.0140621,
0.000404522,7.03099e-05,0.0809044,0.014062,
0.000404522,7.03093e-05,0.0809044,0.0140619,
0.000404522,7.03086e-05,0.0809045,0.0140617,
0.000404522,7.0308e-05,0.0809045,0.0140616,
0.000404523,7.03074e-05,0.0809045,0.0140615,
0.000404523,7.03067e-05,0.0809046,0.0140613,
0.000404523,7.03061e-05,0.0809046,0.0140612,
0.000404523,7.03054e-05,0.0809046,0.0140611,
0.000404315,6.93661e-05,0.080863,0.0138732,
0.000404107,6.84267e-05,0.0808214,0.0136853,
0.000403899,6.74874e-05,0.0807798,0.0134975,
0.000403691,6.65481e-05,0.0807382,0.0133096,
0.000403483,6.56087e-05,0.0806966,0.0131217,
0.000403275,6.46694e-05,0.0806549,0.0129339,
0.000403067,6.373e-05,0.0806133,0.012746,
0.000402859,6.27907e-05,0.0805717,0.0125581,
0.00040265,6.18513e-05,0.0805301,0.0123703,
0.000402442,6.0912e-05,0.0804885,0.0121824,
0.000402234,5.99727e-05,0.0804469,0.0119945,
0.000402026,5.90333e-05,0.0804052,0.0118067,
0.000401818,5.8094e-05,0.0803636,0.0116188,
0.00040161,5.71546e-05,0.080322,0.0114309,
0.000401402,5.62153e-05,0.0802804,0.0112431,
0.000401194,5.52759e-05,0.0802388,0.0110552,
0.000400986,5.43366e-05,0.0801971,0.0108673,
0.000400778,5.33973e-05,0.0801555,0.0106795,
0.00040057,5.24579e-05,0.0801139,0.0104916,
0.000400361,5.15186e-05,0.0800723,0.0103037,
0.000400362,5.15191e-05,0.0800724,0.0103038,
0.000400362,5.15196e-05,0.0800724,0.0103039,
0.000400363,5.15202e-05,0.0800725,0.0103041,
0.000400363,5.15207e-05,0.0800726,0.0103042,
0.000400363,5.15213e-05,0.0800727,0.0103043,
0.000400364,5.15218e-05,0.0800727,0.0103044,
0.000400364,5.15223e-05,0.0800728,0.0103045,
0.000400364,5.15229e-05,0.0800729,0.0103046,
0.000400365,5.15234e-05,0.080073,0.0103047,
0.000400365,5.1524e-05,0.080073,0.0103048,
0.000400366,5.15245e-05,0.0800731,0.0103049,
0.000400366,5.1525e-05,0.0800732,0.010305,
0.000400366,5.15256e-05,0.0800733,0.0103051,
0.000400367,5.15261e-05,0.0800733,0.0103052,
0.000400367,5.15266e-05,0.0800734,0.0103053,
0.000400367,5.15272e-05,0.0800735,0.0103054,
0.000400368,5.15277e-05,0.0800736,0.0103055,
0.000400368,5.15283e-05,0.0800736,0.0103056,
0.000400369,5.15288e-05,0.0800737,0.0103057,
0.000400369,5.15293e-05,0.0800738,0.0103059,
0.000400369,5.15297e-05,0.0800738,0.0103059,
0.000400369,5.15301e-05,0.0800739,0.010306,
0.00040037,5.15304e-05,0.0800739,0.0103061,
0.00040037,5.15308e-05,0.080074,0.0103061,
0.00040037,5.15311e-05,0.0800741,0.0103062,
0.000400371,5.15315e-05,0.0800741,0.0103063,
0.000400371,5.15319e-05,0.0800742,0.0103064,
0.000400371,5.15322e-05,0.0800742,0.0103064,
0.000400371,5.15326e-05,0.0800743,0.0103065,
0.000400372,5.15329e-05,0.0800743,0.0103066,
0.000400372,5.15333e-05,0.0800744,0.0103067,
0.000400372,5.15337e-05,0.0800744,0.0103067,
0.000400372,5.1534e-05,0.0800745,0.0103068,
0.000400373,5.15344e-05,0.0800745,0.0103069,
0.000400373,5.15347e-05,0.0800746,0.0103069,
0.000400373,5.15351e-05,0.0800746,0.010307,
0.000400374,5.15355e-05,0.0800747,0.0103071,
0.000400374,5.15358e-05,0.0800748,0.0103072,
0.000400374,5.15362e-05,0.0800748,0.0103072,
0.000400374,5.15366e-05,0.0800749,0.0103073,
0.000400375,5.15368e-05,0.0800749,0.0103074,
0.000400375,5.15371e-05,0.0800749,0.0103074,
0.000400375,5.15374e-05,0.080075,0.0103075,
0.000400375,5.15376e-05,0.080075,0.0103075,
0.000400375,5.15379e-05,0.0800751,0.0103076,
0.000400376,5.15382e-05,0.0800751,0.0103076,
0.000400376,5.15385e-05,0.0800752,0.0103077,
0.000400376,5.15387e-05,0.0800752,0.0103077,
0.000400376,5.1539e-05,0.0800752,0.0103078,
0.000400376,5.15393e-05,0.0800753,0.0103079,
0.000400377,5.15395e-05,0.0800753,0.0103079,
0.000400377,5.15398e-05,0.0800754,0.010308,
0.000400377,5.15401e-05,0.0800754,0.010308,
0.000400377,5.15404e-05,0.0800755,0.0103081,
0.000400378,5.15406e-05,0.0800755,0.0103081,
0.000400378,5.15409e-05,0.0800755,0.0103082,
0.000400378,5.15412e-05,0.0800756,0.0103082,
0.000400378,5.15414e-05,0.0800756,0.0103083,
0.000400378,5.15417e-05,0.0800757,0.0103084,
0.000400379,5.1542e-05,0.0800757,0.0103084,
0.000400379,5.15422e-05,0.0800758,0.0103085,
0.000400379,5.15424e-05,0.0800758,0.0103085,
0.000400379,5.15427e-05,0.0800758,0.0103085,
0.000400379,5.15429e-05,0.0800759,0.0103086,
0.00040038,5.15431e-05,0.0800759,0.0103086,
0.00040038,5.15434e-05,0.0800759,0.0103087,
0.00040038,5.15436e-05,0.080076,0.0103087,
0.00040038,5.15438e-05,0.080076,0.0103088,
0.00040038,5.1544e-05,0.0800761,0.0103088,
0.00040038,5.15443e-05,0.0800761,0.0103089,
0.000400381,5.15445e-05,0.0800761,0.0103089,
0.000400381,5.15447e-05,0.0800762,0.0103089,
0.000400381,5.1545e-05,0.0800762,0.010309,
0.000400381,5.15452e-05,0.0800762,0.010309,
0.000400381,5.15454e-05,0.0800763,0.0103091,
0.000400382,5.15456e-05,0.0800763,0.0103091,
0.000400382,5.15459e-05,0.0800764,0.0103092,
0.000400382,5.15461e-05,0.0800764,0.0103092,
0.000400382,5.15463e-05,0.0800764,0.0103093,
0.000400382,5.15465e-05,0.0800765,0.0103093,
0.000400382,5.15467e-05,0.0800765,0.0103093,
0.000400383,5.15469e-05,0.0800765,0.0103094,
0.000400383,5.15471e-05,0.0800766,0.0103094,
0.000400383,5.15473e-05,0.0800766,0.0103095,
0.000400383,5.15475e-05,0.0800766,0.0103095,
0.000400383,5.15477e-05,0.0800767,0.0103095,
0.000400383,5.15479e-05,0.0800767,0.0103096,
0.000400384,5.15481e-05,0.0800767,0.0103096,
0.000400384,5.15482e-05,0.0800768,0.0103096,
0.000400384,5.15484e-05,0.0800768,0.0103097,
0.000400384,5.15486e-05,0.0800768,0.0103097,
0.000400384,5.15488e-05,0.0800769,0.0103098,
0.000400384,5.1549e-05,0.0800769,0.0103098,
0.000400385,5.15492e-05,0.0800769,0.0103098,
0.000400385,5.15494e-05,0.080077,0.0103099,
0.000400385,5.15496e-05,0.080077,0.0103099,
0.000400385,5.15498e-05,0.080077,0.0103099,
0.000400385,5.15499e-05,0.0800771,0.01031,
0.000400385,5.15501e-05,0.0800771,0.01031,
0.000400386,5.15503e-05,0.0800771,0.0103101,
0.000400386,5.15505e-05,0.0800771,0.0103101,
0.000400386,5.15506e-05,0.0800772,0.0103101,
0.000400386,5.15508e-05,0.0800772,0.0103102,
0.000400386,5.1551e-05,0.0800772,0.0103102,
0.000400386,5.15511e-05,0.0800773,0.0103102,
0.000400386,5.15513e-05,0.0800773,0.0103103,
0.000400387,5.15514e-05,0.0800773,0.0103103,
0.000400387,5.15516e-05,0.0800773,0.0103103,
0.000400387,5.15518e-05,0.0800774,0.0103103,
0.000400387,5.15519e-05,0.0800774,0.0103104,
0.000400387,5.15521e-05,0.0800774,0.0103104,
0.000400387,5.15523e-05,0.0800775,0.0103104,
0.000400387,5.15524e-05,0.0800775,0.0103105,
0.000400388,5.15526e-05,0.0800775,0.0103105,
0.000400388,5.15527e-05,0.0800775,0.0103105,
0.000400388,5.15529e-05,0.0800776,0.0103106,
0.000400388,5.15531e-05,0.0800776,0.0103106,
0.000400388,5.15532e-05,0.0800776,0.0103106,
0.000400388,5.15534e-05,0.0800777,0.0103107,
0.000400388,5.15535e-05,0.0800777,0.0103107,
0.000400389,5.15537e-05,0.0800777,0.0103107,
0.000400389,5.15538e-05,0.0800777,0.0103108,
0.000400389,5.1554e-05,0.0800778,0.0103108,
0.000400389,5.15541e-05,0.0800778,0.0103108,
0.000400389,5.15543e-05,0.0800778,0.0103108,
0.000400389,5.15544e-05,0.0800778,0.0103109,
0.000400389,5.15545e-05,0.0800779,0.0103109,
0.000400389,5.15547e-05,0.0800779,0.0103109,
0.00040039,5.15548e-05,0.0800779,0.010311,
0.00040039,5.1555e-05,0.0800779,0.010311,
0.00040039,5.15551e-05,0.080078,0.010311,
0.00040039,5.15553e-05,0.080078,0.010311,
0.00040039,5.15554e-05,0.080078,0.0103111,
0.00040039,5.15556e-05,0.080078,0.0103111,
0.00040039,5.15557e-05,0.0800781,0.0103111,
0.00040039,5.15558e-05,0.0800781,0.0103112,
0.000400391,5.1556e-05,0.0800781,0.0103112,
0.000400391,5.15561e-05,0.0800781,0.0103112,
0.000400391,5.15563e-05,0.0800782,0.0103112,
0.000400391,5.15564e-05,0.0800782,0.0103113,
0.000400391,5.15565e-05,0.0800782,0.0103113,
0.000400391,5.15567e-05,0.0800782,0.0103113,
0.000400391,5.15568e-05,0.0800783,0.0103113,
0.000400391,5.15569e-05,0.0800783,0.0103114,
0.000400392,5.1557e-05,0.0800783,0.0103114,
0.000400392,5.15572e-05,0.0800783,0.0103114,
0.000400392,5.15573e-05,0.0800784,0.0103114,
0.000400392,5.15574e-05,0.0800784,0.0103115,
0.000400392,5.15575e-05,0.0800784,0.0103115,
0.000400392,5.15576e-05,0.0800784,0.0103115,
0.000400392,5.15578e-05,0.0800784,0.0103115,
0.000400392,5.15579e-05,0.0800785,0.0103116,
0.000400392,5.1558e-05,0.0800785,0.0103116,
0.000400393,5.15581e-05,0.0800785,0.0103116,
0.000400393,5.15583e-05,0.0800785,0.0103116,
0.000400393,5.15584e-05,0.0800786,0.0103117,
0.000400393,5.15585e-05,0.0800786,0.0103117,
0.000400393,5.15586e-05,0.0800786,0.0103117,
0.000400393,5.15587e-05,0.0800786,0.0103117,
0.000400393,5.15589e-05,0.0800786,0.0103118,
0.000400393,5.1559e-05,0.0800787,0.0103118,
0.000400393,5.15591e-05,0.0800787,0.0103118,
0.000400394,5.15592e-05,0.0800787,0.0103118,
0.000400394,5.15593e-05,0.0800787,0.0103119,
0.000400394,5.15594e-05,0.0800787,0.0103119,
0.000400394,5.15595e-05,0.0800788,0.0103119,
0.000400394,5.15596e-05,0.0800788,0.0103119,
0.000400394,5.15597e-05,0.0800788,0.0103119,
0.000400394,5.15598e-05,0.0800788,0.010312,
0.000400394,5.15599e-05,0.0800788,0.010312,
0.000400394,5.156e-05,0.0800789,0.010312,
0.000400394,5.15601e-05,0.0800789,0.010312,
0.000400394,5.15602e-05,0.0800789,0.010312,
0.000400395,5.15603e-05,0.0800789,0.0103121,
0.000400395,5.15605e-05,0.0800789,0.0103121,
0.000400395,5.15606e-05,0.080079,0.0103121,
0.000400395,5.15607e-05,0.080079,0.0103121,
0.000400395,5.15608e-05,0.080079,0.0103122,
0.000400395,5.15609e-05,0.080079,0.0103122,
0.000400395,5.1561e-05,0.080079,0.0103122,
0.000400395,5.15611e-05,0.080079,0.0103122,
0.000400395,5.15612e-05,0.0800791,0.0103122,
0.000400395,5.15612e-05,0.0800791,0.0103122,
0.000400396,5.15613e-05,0.0800791,0.0103123,
0.000400396,5.15614e-05,0.0800791,0.0103123,
0.000400396,5.15615e-05,0.0800791,0.0103123,
0.000400396,5.15616e-05,0.0800792,0.0103123,
0.000400396,5.15617e-05,0.0800792,0.0103123,
0.000400396,5.15618e-05,0.0800792,0.0103124,
0.000400396,5.15619e-05,0.0800792,0.0103124,
0.000400396,5.1562e-05,0.0800792,0.0103124,
0.000400396,5.1562e-05,0.0800792,0.0103124,
0.000400396,5.15621e-05,0.0800793,0.0103124,
0.000400396,5.15622e-05,0.0800793,0.0103125,
0.000400396,5.15623e-05,0.0800793,0.0103125,
0.000400397,5.15624e-05,0.0800793,0.0103125,
0.000400397,5.15625e-05,0.0800793,0.0103125,
0.000400397,5.15626e-05,0.0800793,0.0103125,
0.000400397,5.15627e-05,0.0800794,0.0103125,
0.000400397,5.15628e-05,0.0800794,0.0103126,
0.000400397,5.15628e-05,0.0800794,0.0103126,
0.000400397,5.15629e-05,0.0800794,0.0103126,
0.000400397,5.1563e-05,0.0800794,0.0103126,
0.000400397,5.15631e-05,0.0800794,0.0103126,
0.000400397,5.15632e-05,0.0800794,0.0103126,
0.000400397,5.15633e-05,0.0800795,0.0103127,
0.000400397,5.15633e-05,0.0800795,0.0103127,
0.000400397,5.15634e-05,0.0800795,0.0103127,
0.000400398,5.15635e-05,0.0800795,0.0103127,
0.000400398,5.15636e-05,0.0800795,0.0103127,
0.000400398,5.15637e-05,0.0800795,0.0103127,
0.000400398,5.15638e-05,0.0800795,0.0103128,
0.000400398,5.15638e-05,0.0800796,0.0103128,
0.000400398,5.15639e-05,0.0800796,0.0103128,
0.000400398,5.1564e-05,0.0800796,0.0103128,
0.000400398,5.15641e-05,0.0800796,0.0103128,
0.000400398,5.15642e-05,0.0800796,0.0103128,
0.000400398,5.15643e-05,0.0800796,0.0103129,
0.000400398,5.15643e-05,0.0800796,0.0103129,
0.000400398,5.15644e-05,0.0800797,0.0103129,
0.000400398,5.15645e-05,0.0800797,0.0103129,
0.000400398,5.15646e-05,0.0800797,0.0103129,
0.000400398,5.15646e-05,0.0800797,0.0103129,
0.000400399,5.15647e-05,0.0800797,0.0103129,
0.000400399,5.15648e-05,0.0800797,0.010313,
0.000400399,5.15649e-05,0.0800797,0.010313,
0.000400399,5.15649e-05,0.0800797,0.010313,
0.000400399,5.1565e-05,0.0800798,0.010313,
0.000400399,5.15651e-05,0.0800798,0.010313,
0.000400399,5.15651e-05,0.0800798,0.010313,
0.000400399,5.15652e-05,0.0800798,0.010313,
0.000400399,5.15653e-05,0.0800798,0.0103131,
0.000400399,5.15654e-05,0.0800798,0.0103131,
0.000400399,5.15654e-05,0.0800798,0.0103131,
0.000400399,5.15655e-05,0.0800798,0.0103131,
0.000400399,5.15656e-05,0.0800799,0.0103131,
0.000400399,5.15656e-05,0.0800799,0.0103131,
0.000400399,5.15657e-05,0.0800799,0.0103131,
0.0004004,5.15658e-05,0.0800799,0.0103131,
0.0004004,5.15659e-05,0.0800799,0.0103132,
0.0004004,5.15659e-05,0.0800799,0.0103132,
0.0004004,5.1566e-05,0.0800799,0.0103132,
0.0004004,5.1566e-05,0.0800799,0.0103132,
0.0004004,5.15661e-05,0.08008,0.0103132,
0.0004004,5.15661e-05,0.08008,0.0103132,
0.0004004,5.15662e-05,0.08008,0.0103132,
0.0004004,5.15663e-05,0.08008,0.0103132,
0.0004004,5.15663e-05,0.08008,0.0103133,
0.0004004,5.15664e-05,0.08008,0.0103133,
0.0004004,5.15664e-05,0.08008,0.0103133,
0.0004004,5.15665e-05,0.08008,0.0103133,
0.0004004,5.15665e-05,0.08008,0.0103133,
0.0004004,5.15666e-05,0.0800801,0.0103133,
0.0004004,5.15666e-05,0.0800801,0.0103133,
0.0004004,5.15667e-05,0.0800801,0.0103133,
0.0004004,5.15668e-05,0.0800801,0.0103134,
0.0004004,5.15668e-05,0.0800801,0.0103134,
0.000400401,5.15669e-05,0.0800801,0.0103134,
0.000400401,5.15669e-05,0.0800801,0.0103134,
0.000400401,5.1567e-05,0.0800801,0.0103134,
0.000400401,5.1567e-05,0.0800801,0.0103134,
0.000400401,5.15671e-05,0.0800801,0.0103134,
0.000400401,5.15671e-05,0.0800802,0.0103134,
0.000400401,5.15672e-05,0.0800802,0.0103134,
0.000400401,5.15673e-05,0.0800802,0.0103135,
0.000400401,5.15673e-05,0.0800802,0.0103135,
0.000400401,5.15674e-05,0.0800802,0.0103135,
0.000400401,5.15674e-05,0.0800802,0.0103135,
0.000400401,5.15675e-05,0.0800802,0.0103135,
0.000400401,5.15675e-05,0.0800802,0.0103135,
0.000400401,5.15676e-05,0.0800802,0.0103135,
0.000400401,5.15676e-05,0.0800802,0.0103135,
0.000400401,5.15677e-05,0.0800802,0.0103135,
0.000400401,5.15678e-05,0.0800803,0.0103135,
0.000400401,5.15678e-05,0.0800803,0.0103136,
0.000400401,5.15679e-05,0.0800803,0.0103136,
0.000400401,5.15679e-05,0.0800803,0.0103136,
0.000400401,5.1568e-05,0.0800803,0.0103136,
0.000400402,5.1568e-05,0.0800803,0.0103136,
0.000400402,5.15681e-05,0.0800803,0.0103136,
0.000400402,5.15681e-05,0.0800803,0.0103136,
0.000400402,5.15682e-05,0.0800803,0.0103136,
0.000400402,5.15682e-05,0.0800803,0.0103136,
0.000400402,5.15683e-05,0.0800803,0.0103136,
0.000400402,5.15683e-05,0.0800804,0.0103136,
0.000400402,5.15683e-05,0.0800804,0.0103137,
0.000400402,5.15684e-05,0.0800804,0.0103137,
0.000400402,5.15684e-05,0.0800804,0.0103137,
0.000400402,5.15685e-05,0.0800804,0.0103137,
0.000400402,5.15685e-05,0.0800804,0.0103137,
0.000400402,5.15686e-05,0.0800804,0.0103137,
0.000400402,5.15686e-05,0.0800804,0.0103137,
0.000400402,5.15687e-05,0.0800804,0.0103137,
0.000400402,5.15687e-05,0.0800804,0.0103137,
0.000400402,5.15687e-05,0.0800804,0.0103137,
0.000400402,5.15688e-05,0.0800804,0.0103137,
0.000400402,5.15688e-05,0.0800804,0.0103138,
0.000400402,5.15689e-05,0.0800805,0.0103138,
0.000400402,5.15689e-05,0.0800805,0.0103138,
0.000400402,5.1569e-05,0.0800805,0.0103138,
0.000400402,5.1569e-05,0.0800805,0.0103138,
0.000400402,5.1569e-05,0.0800805,0.0103138,
0.000400402,5.15691e-05,0.0800805,0.0103138,
0.000400403,5.15691e-05,0.0800805,0.0103138,
0.000400403,5.15691e-05,0.0800805,0.0103138,
0.000400403,5.15692e-05,0.0800805,0.0103138,
0.000400403,5.15692e-05,0.0800805,0.0103138,
0.000400403,5.15692e-05,0.0800805,0.0103138,
0.000400403,5.15693e-05,0.0800805,0.0103138,
0.000400403,5.15693e-05,0.0800805,0.0103139,
0.000400403,5.15693e-05,0.0800805,0.0103139,
0.000400403,5.15694e-05,0.0800806,0.0103139,
0.000400403,5.15694e-05,0.0800806,0.0103139,
0.000400403,5.15694e-05,0.0800806,0.0103139,
0.000400403,5.15695e-05,0.0800806,0.0103139,
0.000400403,5.15695e-05,0.0800806,0.0103139,
0.000400403,5.15695e-05,0.0800806,0.0103139,
0.000400403,5.15696e-05,0.0800806,0.0103139,
0.000400403,5.15696e-05,0.0800806,0.0103139,
0.000400403,5.15696e-05,0.0800806,0.0103139,
0.000400403,5.15697e-05,0.0800806,0.0103139,
0.000400403,5.15697e-05,0.0800806,0.0103139,
0.000400403,5.15697e-05,0.0800806,0.0103139,
0.000400403,5.15697e-05,0.0800806,0.010314,
0.000400403,5.15698e-05,0.0800806,0.010314,
0.000400403,5.15698e-05,0.0800806,0.010314,
0.000400403,5.15698e-05,0.0800806,0.010314,
0.000400403,5.15699e-05,0.0800807,0.010314,
0.000400403,5.15699e-05,0.0800807,0.010314,
0.000400403,5.15699e-05,0.0800807,0.010314,
0.000400403,5.15699e-05,0.0800807,0.010314,
0.000400403,5.157e-05,0.0800807,0.010314,
0.000400403,5.157e-05,0.0800807,0.010314,
0.000400403,5.157e-05,0.0800807,0.010314,
0.000400403,5.15701e-05,0.0800807,0.010314,
0.000400404,5.15701e-05,0.0800807,0.010314,
0.000400404,5.15701e-05,0.0800807,0.010314,
0.000400404,5.15701e-05,0.0800807,0.010314,
0.000400404,5.15702e-05,0.0800807,0.010314,
0.000400404,5.15702e-05,0.0800807,0.0103141,
0.000400404,5.15702e-05,0.0800807,0.0103141,
0.000400404,5.15702e-05,0.0800807,0.0103141,
0.000400404,5.15703e-05,0.0800807,0.0103141,
0.000400404,5.15703e-05,0.0800807,0.0103141,
0.000400404,5.15703e-05,0.0800807,0.0103141,
0.000400404,5.15704e-05,0.0800808,0.0103141,
0.000400404,5.15704e-05,0.0800808,0.0103141,
0.000400404,5.15704e-05,0.0800808,0.0103141,
0.000400404,5.15704e-05,0.0800808,0.0103141,
0.000400404,5.15705e-05,0.0800808,0.0103141,
0.000400404,5.15705e-05,0.0800808,0.0103141,
0.000400404,5.15705e-05,0.0800808,0.0103141,
0.000400404,5.15706e-05,0.0800808,0.0103141,
0.000400404,5.15706e-05,0.0800808,0.0103141,
0.000400404,5.15706e-05,0.0800808,0.0103141,
0.000400404,5.15706e-05,0.0800808,0.0103141,
0.000400404,5.15707e-05,0.0800808,0.0103141,
0.000400404,5.15707e-05,0.0800808,0.0103142,
0.000400404,5.15707e-05,0.0800808,0.0103142,
0.000400404,5.15707e-05,0.0800808,0.0103142,
0.000400404,5.15708e-05,0.0800808,0.0103142,
0.000400404,5.15708e-05,0.0800808,0.0103142,
0.000400404,5.15708e-05,0.0800808,0.0103142,
0.000400404,5.15709e-05,0.0800808,0.0103142,
0.000400404,5.15709e-05,0.0800808,0.0103142,
0.000400404,5.15709e-05,0.0800808,0.0103142,
0.000400404,5.15709e-05,0.0800808,0.0103142,
0.000400404,5.1571e-05,0.0800809,0.0103142,
0.000400404,5.1571e-05,0.0800809,0.0103142,
0.000400404,5.1571e-05,0.0800809,0.0103142,
0.000400404,5.15711e-05,0.0800809,0.0103142,
0.000400404,5.15711e-05,0.0800809,0.0103142,
0.000400404,5.15711e-05,0.0800809,0.0103142,
0.000400404,5.15711e-05,0.0800809,0.0103142,
0.000400404,5.15712e-05,0.0800809,0.0103142,
0.000400404,5.15712e-05,0.0800809,0.0103142,
0.000400404,5.15712e-05,0.0800809,0.0103142,
0.000400404,5.15712e-05,0.0800809,0.0103142,
0.000400404,5.15713e-05,0.0800809,0.0103142,
0.000400405,5.15713e-05,0.0800809,0.0103143,
0.000401011,5.126e-05,0.0802021,0.010252,
0.000401617,5.09487e-05,0.0803234,0.0101897,
0.000402223,5.06374e-05,0.0804446,0.0101275,
0.000402829,5.03261e-05,0.0805658,0.0100652,
0.000403435,5.00149e-05,0.0806871,0.010003,
0.000404041,4.97036e-05,0.0808083,0.00994071,
0.000404648,4.93923e-05,0.0809295,0.00987845,
0.000405254,4.9081e-05,0.0810507,0.00981619,
0.00040586,4.87697e-05,0.081172,0.00975393,
0.000406466,4.84584e-05,0.0812932,0.00969167,
0.000407072,4.81471e-05,0.0814144,0.00962942,
0.000407678,4.78358e-05,0.0815357,0.00956716,
0.000408284,4.75245e-05,0.0816569,0.0095049,
0.000408891,4.72132e-05,0.0817781,0.00944264,
0.000409497,4.6902e-05,0.0818993,0.00938038,
0.000410103,4.65907e-05,0.0820206,0.00931813,
0.000410709,4.62794e-05,0.0821418,0.00925587,
0.000411315,4.59681e-05,0.082263,0.00919361,
0.000411921,4.56568e-05,0.0823843,0.00913135,
0.000412527,4.53455e-05,0.0825055,0.00906909,
0.000412808,4.52011e-05,0.0825616,0.00904021,
0.000413089,4.50567e-05,0.0826177,0.00901133,
0.000413369,4.49123e-05,0.0826739,0.00898245,
0.00041365,4.47679e-05,0.08273,0.00895357,
0.000413931,4.46235e-05,0.0827861,0.00892469,
0.000414211,4.44791e-05,0.0828423,0.00889581,
0.000414492,4.43347e-05,0.0828984,0.00886693,
0.000414773,4.41903e-05,0.0829545,0.00883805,
0.000415053,4.40458e-05,0.0830106,0.00880917,
0.000415334,4.39014e-05,0.0830668,0.00878029,
0.000415614,4.3757e-05,0.0831229,0.00875141,
0.000415895,4.36126e-05,0.083179,0.00872253,
0.000416176,4.34682e-05,0.0832351,0.00869365,
0.000416456,4.33238e-05,0.0832913,0.00866477,
0.000416737,4.31794e-05,0.0833474,0.00863589,
0.000417018,4.3035e-05,0.0834035,0.00860701,
0.000417298,4.28906e-05,0.0834596,0.00857813,
0.000417579,4.27462e-05,0.0835158,0.00854925,
0.000417859,4.26018e-05,0.0835719,0.00852037,
0.00041814,4.24574e-05,0.083628,0.00849149,
0.00041838,4.2334e-05,0.0836759,0.00846681,
0.000418619,4.22106e-05,0.0837238,0.00844213,
0.000418859,4.20872e-05,0.0837718,0.00841744,
0.000419098,4.19637e-05,0.0838197,0.00839276,
0.000419338,4.18403e-05,0.0838676,0.00836808,
0.000419577,4.17169e-05,0.0839155,0.0083434,
0.000419817,4.15935e-05,0.0839634,0.00831872,
0.000420057,4.14701e-05,0.0840113,0.00829404,
0.000420296,4.13467e-05,0.0840592,0.00826935,
0.000420536,4.12233e-05,0.0841071,0.00824467,
0.000420775,4.10999e-05,0.084155,0.00821999,
0.000421015,4.09765e-05,0.0842029,0.00819531,
0.000421254,4.08531e-05,0.0842509,0.00817063,
0.000421494,4.07297e-05,0.0842988,0.00814595,
0.000421733,4.06063e-05,0.0843467,0.00812126,
0.000421973,4.04829e-05,0.0843946,0.00809658,
0.000422212,4.03595e-05,0.0844425,0.0080719,
0.000422452,4.0236e-05,0.0844904,0.00804722,
0.000422692,4.01126e-05,0.0845383,0.00802254,
0.000422931,3.99892e-05,0.0845862,0.00799786,
0.000423156,3.98734e-05,0.0846311,0.00797469,
0.00042338,3.97576e-05,0.0846761,0.00795152,
0.000423605,3.96417e-05,0.084721,0.00792836,
0.00042383,3.95259e-05,0.0847659,0.00790519,
0.000424054,3.94101e-05,0.0848108,0.00788202,
0.000424279,3.92942e-05,0.0848558,0.00785885,
0.000424503,3.91784e-05,0.0849007,0.00783569,
0.000424728,3.90626e-05,0.0849456,0.00781252,
0.000424953,3.89467e-05,0.0849905,0.00778935,
0.000425177,3.88309e-05,0.0850355,0.00776619,
0.000425402,3.8715e-05,0.0850804,0.00774302,
0.000425627,3.85992e-05,0.0851253,0.00771985,
0.000425851,3.84834e-05,0.0851702,0.00769669,
0.000426076,3.83675e-05,0.0852152,0.00767352,
0.0004263,3.82517e-05,0.0852601,0.00765035,
0.000426525,3.81359e-05,0.085305,0.00762719,
0.00042675,3.802e-05,0.0853499,0.00760402,
0.000426974,3.79042e-05,0.0853948,0.00758085,
0.000427199,3.77884e-05,0.0854398,0.00755768,
0.000427423,3.76725e-05,0.0854847,0.00753452,
0.000427632,3.75651e-05,0.0855263,0.00751303,
0.00042784,3.74577e-05,0.0855679,0.00749155,
0.000428048,3.73503e-05,0.0856096,0.00747007,
0.000428256,3.72429e-05,0.0856512,0.00744858,
0.000428464,3.71354e-05,0.0856928,0.0074271,
0.000428672,3.7028e-05,0.0857344,0.00740561,
0.00042888,3.69206e-05,0.085776,0.00738413,
0.000429088,3.68132e-05,0.0858177,0.00736265,
0.000429296,3.67058e-05,0.0858593,0.00734116,
0.000429505,3.65983e-05,0.0859009,0.00731968,
0.000429713,3.64909e-05,0.0859425,0.0072982,
0.000429921,3.63835e-05,0.0859842,0.00727671,
0.000430129,3.62761e-05,0.0860258,0.00725523,
0.000430337,3.61687e-05,0.0860674,0.00723374,
0.000430545,3.60612e-05,0.086109,0.00721226,
0.000430753,3.59538e-05,0.0861506,0.00719078,
0.000430961,3.58464e-05,0.0861923,0.00716929,
0.000431169,3.5739e-05,0.0862339,0.00714781,
0.000431378,3.56316e-05,0.0862755,0.00712633,
0.000431586,3.55241e-05,0.0863171,0.00710484,
0.000431778,3.54248e-05,0.0863556,0.00708496,
0.00043197,3.53254e-05,0.0863941,0.00706509,
0.000432163,3.5226e-05,0.0864326,0.00704521,
0.000432355,3.51266e-05,0.086471,0.00702534,
0.000432548,3.50272e-05,0.0865095,0.00700546,
0.00043274,3.49278e-05,0.086548,0.00698558,
0.000432932,3.48285e-05,0.0865865,0.00696571,
0.000433125,3.47291e-05,0.0866249,0.00694583,
0.000433317,3.46297e-05,0.0866634,0.00692595,
0.000433509,3.45303e-05,0.0867019,0.00690608,
0.000433702,3.44309e-05,0.0867404,0.0068862,
0.000433894,3.43316e-05,0.0867788,0.00686633,
0.000434087,3.42322e-05,0.0868173,0.00684645,
0.000434279,3.41328e-05,0.0868558,0.00682657,
0.000434471,3.40334e-05,0.0868943,0.0068067,
0.000434664,3.3934e-05,0.0869327,0.00678682,
0.000434856,3.38347e-05,0.0869712,0.00676694,
0.000435048,3.37353e-05,0.0870097,0.00674707,
0.000435241,3.36359e-05,0.0870482,0.00672719,
0.000435433,3.35365e-05,0.0870867,0.00670731,
0.000435611,3.34447e-05,0.0871222,0.00668895,
0.000435789,3.33529e-05,0.0871577,0.00667058,
0.000435966,3.3261e-05,0.0871932,0.00665222,
0.000436144,3.31692e-05,0.0872288,0.00663385,
0.000436321,3.30774e-05,0.0872643,0.00661548,
0.000436499,3.29855e-05,0.0872998,0.00659712,
0.000436677,3.28937e-05,0.0873353,0.00657875,
0.000436854,3.28019e-05,0.0873709,0.00656039,
0.000437032,3.27101e-05,0.0874064,0.00654202,
0.00043721,3.26182e-05,0.0874419,0.00652365,
0.000437387,3.25264e-05,0.0874775,0.00650529,
0.000437565,3.24346e-05,0.087513,0.00648692,
0.000437743,3.23428e-05,0.0875485,0.00646855,
0.00043792,3.22509e-05,0.087584,0.00645019,
0.000438098,3.21591e-05,0.0876196,0.00643182,
0.000438275,3.20673e-05,0.0876551,0.00641346,
0.000438453,3.19755e-05,0.0876906,0.00639509,
0.000438631,3.18836e-05,0.0877261,0.00637672,
0.000438808,3.17918e-05,0.0877617,0.00635836,
0.000438986,3.17e-05,0.0877972,0.00633999,
0.00043915,3.16152e-05,0.08783,0.00632304,
0.000439314,3.15304e-05,0.0878628,0.00630608,
0.000439478,3.14457e-05,0.0878955,0.00628913,
0.000439642,3.13609e-05,0.0879283,0.00627218,
0.000439805,3.12761e-05,0.0879611,0.00625522,
0.000439969,3.11913e-05,0.0879939,0.00623827,
0.000440133,3.11066e-05,0.0880266,0.00622131,
0.000440297,3.10218e-05,0.0880594,0.00620436,
0.000440461,3.0937e-05,0.0880922,0.00618741,
0.000440625,3.08523e-05,0.088125,0.00617045,
0.000440789,3.07675e-05,0.0881577,0.0061535,
0.000440953,3.06827e-05,0.0881905,0.00613654,
0.000441116,3.0598e-05,0.0882233,0.00611959,
0.00044128,3.05132e-05,0.0882561,0.00610264,
0.000441444,3.04284e-05,0.0882888,0.00608568,
0.000441608,3.03436e-05,0.0883216,0.00606873,
0.000441772,3.02589e-05,0.0883544,0.00605177,
0.000441936,3.01741e-05,0.0883872,0.00603482,
0.0004421,3.00893e-05,0.0884199,0.00601787,
0.000442264,3.00046e-05,0.0884527,0.00600091,
0.000442415,2.99264e-05,0.0884829,0.00598527,
0.000442566,2.98482e-05,0.0885131,0.00596963,
0.000442717,2.977e-05,0.0885434,0.005954,
0.000442868,2.96918e-05,0.0885736,0.00593836,
0.000443019,2.96136e-05,0.0886038,0.00592272,
0.00044317,2.95354e-05,0.088634,0.00590708,
0.000443321,2.94572e-05,0.0886642,0.00589144,
0.000443472,2.9379e-05,0.0886944,0.0058758,
0.000443623,2.93008e-05,0.0887246,0.00586016,
0.000443774,2.92226e-05,0.0887549,0.00584452,
0.000443925,2.91444e-05,0.0887851,0.00582888,
0.000444076,2.90662e-05,0.0888153,0.00581324,
0.000444228,2.8988e-05,0.0888455,0.0057976,
0.000444379,2.89099e-05,0.0888757,0.00578196,
0.00044453,2.88317e-05,0.0889059,0.00576633,
0.000444681,2.87535e-05,0.0889362,0.00575069,
0.000444832,2.86753e-05,0.0889664,0.00573505,
0.000444983,2.85971e-05,0.0889966,0.00571941,
0.000445134,2.85189e-05,0.0890268,0.00570377,
0.000445285,2.84407e-05,0.089057,0.00568813,
0.000445424,2.83686e-05,0.0890849,0.00567371,
0.000445564,2.82965e-05,0.0891127,0.00565929,
0.000445703,2.82244e-05,0.0891406,0.00564487,
0.000445842,2.81523e-05,0.0891684,0.00563045,
0.000445981,2.80802e-05,0.0891963,0.00561603,
0.000446121,2.80081e-05,0.0892241,0.00560161,
0.00044626,2.7936e-05,0.0892519,0.00558719,
0.000446399,2.78639e-05,0.0892798,0.00557277,
0.000446538,2.77918e-05,0.0893076,0.00555835,
0.000446677,2.77197e-05,0.0893355,0.00554393,
0.000446817,2.76476e-05,0.0893633,0.00552952,
0.000446956,2.75755e-05,0.0893912,0.0055151,
0.000447095,2.75033e-05,0.089419,0.00550068,
0.000447234,2.74312e-05,0.0894469,0.00548626,
0.000447374,2.73591e-05,0.0894747,0.00547184,
0.000447513,2.7287e-05,0.0895026,0.00545742,
0.000447652,2.72149e-05,0.0895304,0.005443,
0.000447791,2.71428e-05,0.0895582,0.00542858,
0.00044793,2.70707e-05,0.0895861,0.00541416,
0.00044807,2.69986e-05,0.0896139,0.00539974,
0.000448198,2.69322e-05,0.0896396,0.00538645,
0.000448326,2.68657e-05,0.0896652,0.00537316,
0.000448455,2.67993e-05,0.0896909,0.00535987,
0.000448583,2.67328e-05,0.0897166,0.00534658,
0.000448711,2.66664e-05,0.0897422,0.00533329,
0.000448839,2.65999e-05,0.0897679,0.00531999,
0.000448968,2.65335e-05,0.0897935,0.0053067,
0.000449096,2.64671e-05,0.0898192,0.00529341,
0.000449224,2.64006e-05,0.0898448,0.00528012,
0.000449352,2.63342e-05,0.0898705,0.00526683,
0.000449481,2.62677e-05,0.0898961,0.00525354,
0.000449609,2.62013e-05,0.0899218,0.00524025,
0.000449737,2.61348e-05,0.0899474,0.00522696,
0.000449865,2.60684e-05,0.0899731,0.00521367,
0.000449994,2.60019e-05,0.0899988,0.00520038,
0.000450122,2.59355e-05,0.0900244,0.00518709,
0.00045025,2.5869e-05,0.0900501,0.0051738,
0.000450379,2.58026e-05,0.0900757,0.0051605,
0.000450507,2.57361e-05,0.0901014,0.00514721,
0.000450635,2.56697e-05,0.090127,0.00513392,
0.000450753,2.56084e-05,0.0901507,0.00512167,
0.000450871,2.55472e-05,0.0901743,0.00510942,
0.00045099,2.54859e-05,0.0901979,0.00509717,
0.000451108,2.54247e-05,0.0902216,0.00508492,
0.000451226,2.53634e-05,0.0902452,0.00507267,
0.000451344,2.53022e-05,0.0902688,0.00506042,
0.000451462,2.52409e-05,0.0902925,0.00504817,
0.000451581,2.51797e-05,0.0903161,0.00503592,
0.000451699,2.51184e-05,0.0903397,0.00502367,
0.000451817,2.50572e-05,0.0903634,0.00501142,
0.000451935,2.49959e-05,0.090387,0.00499917,
0.000452053,2.49347e-05,0.0904107,0.00498692,
0.000452171,2.48734e-05,0.0904343,0.00497467,
0.00045229,2.48122e-05,0.0904579,0.00496242,
0.000452408,2.47509e-05,0.0904816,0.00495017,
0.000452526,2.46897e-05,0.0905052,0.00493792,
0.000452644,2.46284e-05,0.0905288,0.00492567,
0.000452762,2.45672e-05,0.0905525,0.00491342,
0.00045288,2.45059e-05,0.0905761,0.00490117,
0.000452999,2.44447e-05,0.0905997,0.00488892,
0.000453108,2.43882e-05,0.0906215,0.00487763,
0.000453216,2.43317e-05,0.0906433,0.00486634,
0.000453325,2.42753e-05,0.0906651,0.00485505,
0.000453434,2.42188e-05,0.0906869,0.00484375,
0.000453543,2.41623e-05,0.0907086,0.00483246,
0.000453652,2.41059e-05,0.0907304,0.00482117,
0.000453761,2.40494e-05,0.0907522,0.00480988,
0.00045387,2.39929e-05,0.090774,0.00479859,
0.000453979,2.39365e-05,0.0907958,0.00478729,
0.000454088,2.388e-05,0.0908175,0.004776,
0.000454197,2.38235e-05,0.0908393,0.00476471,
0.000454305,2.37671e-05,0.0908611,0.00475342,
0.000454414,2.37106e-05,0.0908829,0.00474212,
0.000454523,2.36541e-05,0.0909047,0.00473083,
0.000454632,2.35977e-05,0.0909264,0.00471954,
0.000454741,2.35412e-05,0.0909482,0.00470825,
0.00045485,2.34847e-05,0.09097,0.00469695,
0.000454959,2.34283e-05,0.0909918,0.00468566,
0.000455068,2.33718e-05,0.0910136,0.00467437,
0.000455177,2.33153e-05,0.0910353,0.00466308,
0.000455277,2.32633e-05,0.0910554,0.00465266,
0.000455377,2.32112e-05,0.0910755,0.00464225,
0.000455478,2.31592e-05,0.0910956,0.00463184,
0.000455578,2.31071e-05,0.0911156,0.00462142,
0.000455679,2.30551e-05,0.0911357,0.00461101,
0.000455779,2.3003e-05,0.0911558,0.0046006,
0.000455879,2.29509e-05,0.0911759,0.00459018,
0.00045598,2.28989e-05,0.091196,0.00457977,
0.00045608,2.28468e-05,0.091216,0.00456936,
0.000456181,2.27948e-05,0.0912361,0.00455895,
0.000456281,2.27427e-05,0.0912562,0.00454853,
0.000456381,2.26906e-05,0.0912763,0.00453812,
0.000456482,2.26386e-05,0.0912963,0.00452771,
0.000456582,2.25865e-05,0.0913164,0.00451729,
0.000456682,2.25345e-05,0.0913365,0.00450688,
0.000456783,2.24824e-05,0.0913566,0.00449647,
0.000456883,2.24304e-05,0.0913767,0.00448605,
0.000456984,2.23783e-05,0.0913967,0.00447564,
0.000457084,2.23262e-05,0.0914168,0.00446523,
0.000457184,2.22742e-05,0.0914369,0.00445482,
0.000457277,2.22261e-05,0.0914554,0.00444521,
0.00045737,2.21781e-05,0.0914739,0.0044356,
0.000457462,2.213e-05,0.0914924,0.00442599,
0.000457555,2.2082e-05,0.091511,0.00441639,
0.000457647,2.2034e-05,0.0915295,0.00440678,
0.00045774,2.19859e-05,0.091548,0.00439717,
0.000457833,2.19379e-05,0.0915665,0.00438757,
0.000457925,2.18898e-05,0.091585,0.00437796,
0.000458018,2.18418e-05,0.0916035,0.00436835,
0.00045811,2.17937e-05,0.0916221,0.00435875,
0.000458203,2.17457e-05,0.0916406,0.00434914,
0.000458296,2.16976e-05,0.0916591,0.00433953,
0.000458388,2.16496e-05,0.0916776,0.00432992,
0.000458481,2.16016e-05,0.0916961,0.00432032,
0.000458573,2.15535e-05,0.0917147,0.00431071,
0.000458666,2.15055e-05,0.0917332,0.0043011,
0.000458758,2.14574e-05,0.0917517,0.0042915,
0.000458851,2.14094e-05,0.0917702,0.00428189,
0.000458944,2.13613e-05,0.0917887,0.00427228,
0.000459036,2.13133e-05,0.0918072,0.00426267,
0.000459122,2.12689e-05,0.0918243,0.00425381,
0.000459207,2.12246e-05,0.0918414,0.00424494,
0.000459293,2.11803e-05,0.0918585,0.00423607,
0.000459378,2.11359e-05,0.0918756,0.0042272,
0.000459464,2.10916e-05,0.0918927,0.00421833,
0.000459549,2.10472e-05,0.0919098,0.00420946,
0.000459634,2.10029e-05,0.0919269,0.00420059,
0.00045972,2.09585e-05,0.091944,0.00419172,
0.000459805,2.09142e-05,0.0919611,0.00418285,
0.000459891,2.08699e-05,0.0919782,0.00417398,
0.000459976,2.08255e-05,0.0919953,0.00416511,
0.000460062,2.07812e-05,0.0920123,0.00415624,
0.000460147,2.07368e-05,0.0920294,0.00414737,
0.000460233,2.06925e-05,0.0920465,0.0041385,
0.000460318,2.06481e-05,0.0920636,0.00412963,
0.000460404,2.06038e-05,0.0920807,0.00412076,
0.000460489,2.05595e-05,0.0920978,0.00411189,
0.000460574,2.05151e-05,0.0921149,0.00410302,
0.00046066,2.04708e-05,0.092132,0.00409415,
0.000460745,2.04264e-05,0.0921491,0.00408528,
0.000460824,2.03855e-05,0.0921649,0.00407709,
0.000460903,2.03445e-05,0.0921807,0.00406889,
0.000460982,2.03035e-05,0.0921964,0.0040607,
0.000461061,2.02625e-05,0.0922122,0.0040525,
0.00046114,2.02215e-05,0.092228,0.00404431,
0.000461219,2.01806e-05,0.0922438,0.00403611,
0.000461298,2.01396e-05,0.0922596,0.00402792,
0.000461377,2.00986e-05,0.0922754,0.00401972,
0.000461456,2.00576e-05,0.0922912,0.00401152,
0.000461535,2.00167e-05,0.092307,0.00400333,
0.000461614,1.99757e-05,0.0923228,0.00399513,
0.000461693,1.99347e-05,0.0923385,0.00398694,
0.000461772,1.98937e-05,0.0923543,0.00397874,
0.000461851,1.98527e-05,0.0923701,0.00397055,
0.00046193,1.98118e-05,0.0923859,0.00396235,
0.000462008,1.97708e-05,0.0924017,0.00395416,
0.000462087,1.97298e-05,0.0924175,0.00394596,
0.000462166,1.96888e-05,0.0924333,0.00393777,
0.000462245,1.96479e-05,0.0924491,0.00392957,
0.000462324,1.96069e-05,0.0924649,0.00392138,
0.000462397,1.9569e-05,0.0924795,0.0039138,
0.00046247,1.95311e-05,0.0924941,0.00390621,
0.000462543,1.94932e-05,0.0925087,0.00389863,
0.000462616,1.94553e-05,0.0925233,0.00389105,
0.000462689,1.94174e-05,0.0925379,0.00388347,
0.000462762,1.93795e-05,0.0925525,0.00387589,
0.000462835,1.93416e-05,0.0925671,0.00386831,
0.000462908,1.93036e-05,0.0925817,0.00386073,
0.000462981,1.92657e-05,0.0925963,0.00385315,
0.000463054,1.92278e-05,0.0926109,0.00384557,
0.000463127,1.91899e-05,0.0926255,0.00383799,
0.0004632,1.9152e-05,0.0926401,0.00383041,
0.000463273,1.91141e-05,0.0926547,0.00382283,
0.000463346,1.90762e-05,0.0926693,0.00381525,
0.000463419,1.90383e-05,0.0926839,0.00380767,
0.000463492,1.90004e-05,0.0926985,0.00380009,
0.000463565,1.89625e-05,0.0927131,0.00379251,
0.000463638,1.89246e-05,0.0927277,0.00378493,
0.000463711,1.88867e-05,0.0927423,0.00377735,
0.000463784,1.88488e-05,0.0927569,0.00376977,
0.000463852,1.88137e-05,0.0927704,0.00376275,
0.00046392,1.87786e-05,0.0927839,0.00375573,
0.000463987,1.87435e-05,0.0927974,0.00374871,
0.000464055,1.87084e-05,0.0928109,0.00374169,
0.000464122,1.86733e-05,0.0928245,0.00373467,
0.00046419,1.86382e-05,0.092838,0.00372765,
0.000464257,1.86032e-05,0.0928515,0.00372063,
0.000464325,1.85681e-05,0.092865,0.00371361,
0.000464393,1.8533e-05,0.0928785,0.00370659,
0.00046446,1.84979e-05,0.092892,0.00369958,
0.000464528,1.84628e-05,0.0929056,0.00369256,
0.000464595,1.84277e-05,0.0929191,0.00368554,
0.000464663,1.83926e-05,0.0929326,0.00367852,
0.000464731,1.83575e-05,0.0929461,0.0036715,
0.000464798,1.83224e-05,0.0929596,0.00366448,
0.000464866,1.82873e-05,0.0929731,0.00365746,
0.000464933,1.82522e-05,0.0929867,0.00365044,
0.000465001,1.82171e-05,0.0930002,0.00364342,
0.000465068,1.8182e-05,0.0930137,0.0036364,
0.000465136,1.81469e-05,0.0930272,0.00362939,
0.000465199,1.81144e-05,0.0930397,0.00362288,
0.000465261,1.80818e-05,0.0930523,0.00361637,
0.000465324,1.80493e-05,0.0930648,0.00360986,
0.000465387,1.80168e-05,0.0930773,0.00360335,
0.000465449,1.79842e-05,0.0930899,0.00359685,
0.000465512,1.79517e-05,0.0931024,0.00359034,
0.000465575,1.79191e-05,0.0931149,0.00358383,
0.000465637,1.78866e-05,0.0931274,0.00357732,
0.0004657,1.78541e-05,0.09314,0.00357082,
0.000465762,1.78215e-05,0.0931525,0.00356431,
0.000465825,1.7789e-05,0.093165,0.0035578,
0.000465888,1.77564e-05,0.0931776,0.00355129,
0.00046595,1.77239e-05,0.0931901,0.00354479,
0.000466013,1.76914e-05,0.0932026,0.00353828,
0.000466076,1.76588e-05,0.0932151,0.00353177,
0.000466138,1.76263e-05,0.0932277,0.00352526,
0.000466201,1.75937e-05,0.0932402,0.00351876,
0.000466264,1.75612e-05,0.0932527,0.00351225,
0.000466326,1.75287e-05,0.0932653,0.00350574,
0.000466389,1.74961e-05,0.0932778,0.00349923,
0.000466447,1.74659e-05,0.0932894,0.00349319,
0.000466505,1.74357e-05,0.0933011,0.00348715,
0.000466563,1.74055e-05,0.0933127,0.00348111,
0.000466622,1.73753e-05,0.0933243,0.00347507,
0.00046668,1.73451e-05,0.0933359,0.00346903,
0.000466738,1.73149e-05,0.0933476,0.00346299,
0.000466796,1.72847e-05,0.0933592,0.00345695,
0.000466854,1.72545e-05,0.0933708,0.0034509,
0.000466912,1.72243e-05,0.0933825,0.00344486,
0.00046697,1.71941e-05,0.0933941,0.00343882,
0.000467029,1.71639e-05,0.0934057,0.00343278,
0.000467087,1.71337e-05,0.0934173,0.00342674,
0.000467145,1.71035e-05,0.093429,0.0034207,
0.000467203,1.70733e-05,0.0934406,0.00341466,
0.000467261,1.70431e-05,0.0934522,0.00340862,
0.000467319,1.70129e-05,0.0934639,0.00340258,
0.000467377,1.69827e-05,0.0934755,0.00339653,
0.000467436,1.69525e-05,0.0934871,0.00339049,
0.000467494,1.69222e-05,0.0934987,0.00338445,
0.000467552,1.6892e-05,0.0935104,0.00337841,
0.000467606,1.6864e-05,0.0935212,0.0033728,
0.00046766,1.68359e-05,0.093532,0.00336718,
0.000467714,1.68078e-05,0.0935428,0.00336156,
0.000467768,1.67797e-05,0.0935536,0.00335595,
0.000467822,1.67517e-05,0.0935644,0.00335033,
0.000467876,1.67236e-05,0.0935752,0.00334472,
0.00046793,1.66955e-05,0.093586,0.0033391,
0.000467984,1.66674e-05,0.0935969,0.00333348,
0.000468038,1.66393e-05,0.0936077,0.00332787,
0.000468092,1.66113e-05,0.0936185,0.00332225,
0.000468146,1.65832e-05,0.0936293,0.00331664,
0.0004682,1.65551e-05,0.0936401,0.00331102,
0.000468254,1.6527e-05,0.0936509,0.00330541,
0.000468309,1.6499e-05,0.0936617,0.00329979,
0.000468363,1.64709e-05,0.0936725,0.00329417,
0.000468417,1.64428e-05,0.0936833,0.00328856,
0.000468471,1.64147e-05,0.0936941,0.00328294,
0.000468525,1.63866e-05,0.0937049,0.00327733,
0.000468579,1.63586e-05,0.0937158,0.00327171,
0.000468633,1.63305e-05,0.0937266,0.00326609,
0.000468683,1.63043e-05,0.0937366,0.00326087,
0.000468733,1.62782e-05,0.0937467,0.00325564,
0.000468784,1.62521e-05,0.0937567,0.00325041,
0.000468834,1.62259e-05,0.0937668,0.00324518,
0.000468884,1.61998e-05,0.0937769,0.00323995,
0.000468935,1.61736e-05,0.0937869,0.00323472,
0.000468985,1.61475e-05,0.093797,0.0032295,
0.000469035,1.61213e-05,0.0938071,0.00322427,
0.000469086,1.60952e-05,0.0938171,0.00321904,
0.000469136,1.6069e-05,0.0938272,0.00321381,
0.000469186,1.60429e-05,0.0938372,0.00320858,
0.000469236,1.60167e-05,0.0938473,0.00320336,
0.000469287,1.59906e-05,0.0938574,0.00319813,
0.000469337,1.59645e-05,0.0938674,0.0031929,
0.000469387,1.59383e-05,0.0938775,0.00318767,
0.000469438,1.59122e-05,0.0938875,0.00318244,
0.000469488,1.5886e-05,0.0938976,0.00317721,
0.000469538,1.58599e-05,0.0939077,0.00317199,
0.000469589,1.58337e-05,0.0939177,0.00316676,
0.000469639,1.58076e-05,0.0939278,0.00316153,
0.000469686,1.57832e-05,0.0939372,0.00315666,
0.000469733,1.57588e-05,0.0939465,0.00315178,
0.00046978,1.57345e-05,0.0939559,0.00314691,
0.000469827,1.57101e-05,0.0939653,0.00314203,
0.000469873,1.56857e-05,0.0939747,0.00313716,
0.00046992,1.56614e-05,0.0939841,0.00313228,
0.000469967,1.5637e-05,0.0939934,0.00312741,
0.000470014,1.56126e-05,0.0940028,0.00312253,
0.000470061,1.55883e-05,0.0940122,0.00311766,
0.000470108,1.55639e-05,0.0940216,0.00311278,
0.000470155,1.55395e-05,0.094031,0.00310791,
0.000470202,1.55151e-05,0.0940403,0.00310303,
0.000470249,1.54908e-05,0.0940497,0.00309816,
0.000470296,1.54664e-05,0.0940591,0.00309328,
0.000470342,1.5442e-05,0.0940685,0.00308841,
0.000470389,1.54177e-05,0.0940779,0.00308353,
0.000470436,1.53933e-05,0.0940872,0.00307866,
0.000470483,1.53689e-05,0.0940966,0.00307378,
0.00047053,1.53446e-05,0.094106,0.00306891,
0.000470577,1.53202e-05,0.0941154,0.00306403,
0.000470621,1.52974e-05,0.0941241,0.00305948,
0.000470665,1.52747e-05,0.0941329,0.00305493,
0.000470708,1.52519e-05,0.0941417,0.00305038,
0.000470752,1.52291e-05,0.0941504,0.00304583,
0.000470796,1.52064e-05,0.0941592,0.00304127,
0.00047084,1.51836e-05,0.0941679,0.00303672,
0.000470883,1.51608e-05,0.0941767,0.00303217,
0.000470927,1.51381e-05,0.0941855,0.00302762,
0.000470971,1.51153e-05,0.0941942,0.00302307,
0.000471015,1.50925e-05,0.094203,0.00301851,
0.000471059,1.50698e-05,0.0942117,0.00301396,
0.000471102,1.5047e-05,0.0942205,0.00300941,
0.000471146,1.50242e-05,0.0942292,0.00300486,
0.00047119,1.50015e-05,0.094238,0.0030003,
0.000471234,1.49787e-05,0.0942468,0.00299575,
0.000471278,1.49559e-05,0.0942555,0.0029912,
0.000471321,1.49332e-05,0.0942643,0.00298665,
0.000471365,1.49104e-05,0.094273,0.0029821,
0.000471409,1.48877e-05,0.0942818,0.00297754,
0.000471453,1.48649e-05,0.0942905,0.00297299,
0.000471494,1.48436e-05,0.0942987,0.00296873,
0.000471535,1.48223e-05,0.0943069,0.00296448,
0.000471576,1.4801e-05,0.0943151,0.00296022,
0.000471617,1.47798e-05,0.0943233,0.00295596,
0.000471658,1.47585e-05,0.0943315,0.00295171,
0.000471698,1.47372e-05,0.0943397,0.00294745,
0.000471739,1.47159e-05,0.0943479,0.00294319,
0.00047178,1.46946e-05,0.0943561,0.00293893,
0.000471821,1.46733e-05,0.0943643,0.00293468,
0.000471862,1.46521e-05,0.0943724,0.00293042,
0.000471903,1.46308e-05,0.0943806,0.00292616,
0.000471944,1.46095e-05,0.0943888,0.00292191,
0.000471985,1.45882e-05,0.094397,0.00291765,
0.000472026,1.45669e-05,0.0944052,0.00291339,
0.000472067,1.45456e-05,0.0944134,0.00290913,
0.000472108,1.45244e-05,0.0944216,0.00290488,
0.000472149,1.45031e-05,0.0944298,0.00290062,
0.00047219,1.44818e-05,0.094438,0.00289636,
0.000472231,1.44605e-05,0.0944462,0.0028921,
0.000472272,1.44392e-05,0.0944543,0.00288785,
0.00047231,1.44193e-05,0.094462,0.00288386,
0.000472348,1.43993e-05,0.0944697,0.00287987,
0.000472387,1.43794e-05,0.0944774,0.00287588,
0.000472425,1.43595e-05,0.094485,0.0028719,
0.000472464,1.43395e-05,0.0944927,0.00286791,
0.000472502,1.43196e-05,0.0945004,0.00286392,
0.00047254,1.42997e-05,0.094508,0.00285993,
0.000472579,1.42797e-05,0.0945157,0.00285594,
0.000472617,1.42598e-05,0.0945234,0.00285196,
0.000472655,1.42398e-05,0.0945311,0.00284797,
0.000472694,1.42199e-05,0.0945387,0.00284398,
0.000472732,1.42e-05,0.0945464,0.00283999,
0.00047277,1.418e-05,0.0945541,0.00283601,
0.000472809,1.41601e-05,0.0945617,0.00283202,
0.000472847,1.41401e-05,0.0945694,0.00282803,
0.000472885,1.41202e-05,0.0945771,0.00282404,
0.000472924,1.41003e-05,0.0945847,0.00282005,
0.000472962,1.40803e-05,0.0945924,0.00281607,
0.000473,1.40604e-05,0.0946001,0.00281208,
0.000473039,1.40404e-05,0.0946078,0.00280809,
0.000473075,1.40217e-05,0.094615,0.00280435,
0.000473111,1.4003e-05,0.0946221,0.00280061,
0.000473147,1.39843e-05,0.0946293,0.00279687,
0.000473183,1.39656e-05,0.0946365,0.00279313,
0.000473219,1.39469e-05,0.0946437,0.00278939,
0.000473255,1.39282e-05,0.0946509,0.00278565,
0.000473291,1.39095e-05,0.0946581,0.00278191,
0.000473327,1.38908e-05,0.0946653,0.00277817,
0.000473363,1.38721e-05,0.0946725,0.00277443,
0.000473399,1.38534e-05,0.0946797,0.00277069,
0.000473434,1.38347e-05,0.0946869,0.00276695,
0.00047347,1.3816e-05,0.0946941,0.00276321,
0.000473506,1.37973e-05,0.0947013,0.00275946,
0.000473542,1.37786e-05,0.0947085,0.00275572,
0.000473578,1.37599e-05,0.0947157,0.00275198,
0.000473614,1.37412e-05,0.0947229,0.00274824,
0.00047365,1.37225e-05,0.0947301,0.0027445,
0.000473686,1.37038e-05,0.0947373,0.00274076,
0.000473722,1.36851e-05,0.0947444,0.00273702,
0.000473758,1.36664e-05,0.0947516,0.00273328,
0.000473792,1.36488e-05,0.0947584,0.00272977,
0.000473826,1.36313e-05,0.0947652,0.00272625,
0.00047386,1.36137e-05,0.0947719,0.00272274,
0.000473893,1.35961e-05,0.0947787,0.00271922,
0.000473927,1.35786e-05,0.0947854,0.00271571,
0.000473961,1.3561e-05,0.0947922,0.0027122,
0.000473995,1.35434e-05,0.094799,0.00270868,
0.000474029,1.35258e-05,0.0948057,0.00270517,
0.000474062,1.35083e-05,0.0948125,0.00270165,
0.000474096,1.34907e-05,0.0948192,0.00269814,
0.00047413,1.34731e-05,0.094826,0.00269463,
0.000474164,1.34556e-05,0.0948327,0.00269111,
0.000474198,1.3438e-05,0.0948395,0.0026876,
0.000474231,1.34204e-05,0.0948463,0.00268408,
0.000474265,1.34029e-05,0.094853,0.00268057,
0.000474299,1.33853e-05,0.0948598,0.00267706,
0.000474333,1.33677e-05,0.0948665,0.00267354,
0.000474366,1.33502e-05,0.0948733,0.00267003,
0.0004744,1.33326e-05,0.0948801,0.00266651,
0.000474434,1.3315e-05,0.0948868,0.002663,
0.000474466,1.32985e-05,0.0948932,0.00265969,
0.000474498,1.32819e-05,0.0948995,0.00265639,
0.000474529,1.32654e-05,0.0949059,0.00265308,
0.000474561,1.32489e-05,0.0949122,0.00264977,
0.000474593,1.32323e-05,0.0949186,0.00264647,
0.000474625,1.32158e-05,0.094925,0.00264316,
0.000474657,1.31993e-05,0.0949313,0.00263985,
0.000474688,1.31827e-05,0.0949377,0.00263655,
0.00047472,1.31662e-05,0.094944,0.00263324,
0.000474752,1.31496e-05,0.0949504,0.00262994,
0.000474784,1.31331e-05,0.0949567,0.00262663,
0.000474816,1.31166e-05,0.0949631,0.00262332,
0.000474847,1.31e-05,0.0949695,0.00262002,
0.000474879,1.30835e-05,0.0949758,0.00261671,
0.000474911,1.3067e-05,0.0949822,0.0026134,
0.000474943,1.30504e-05,0.0949885,0.0026101,
0.000474974,1.30339e-05,0.0949949,0.00260679,
0.000475006,1.30174e-05,0.0950013,0.00260348,
0.000475038,1.30008e-05,0.0950076,0.00260018,
0.00047507,1.29843e-05,0.095014,0.00259687,
0.0004751,1.29687e-05,0.09502,0.00259376,
0.00047513,1.29531e-05,0.095026,0.00259064,
0.00047516,1.29376e-05,0.0950319,0.00258753,
0.00047519,1.2922e-05,0.0950379,0.00258441,
0.00047522,1.29064e-05,0.0950439,0.00258129,
0.00047525,1.28909e-05,0.0950499,0.00257818,
0.00047528,1.28753e-05,0.0950559,0.00257506,
0.000475309,1.28597e-05,0.0950619,0.00257195,
0.000475339,1.28441e-05,0.0950679,0.00256883,
0.000475369,1.28286e-05,0.0950739,0.00256572,
0.000475399,1.2813e-05,0.0950799,0.0025626,
0.000475429,1.27974e-05,0.0950859,0.00255949,
0.000475459,1.27819e-05,0.0950918,0.00255637,
0.000475489,1.27663e-05,0.0950978,0.00255326,
0.000475519,1.27507e-05,0.0951038,0.00255014,
0.000475549,1.27351e-05,0.0951098,0.00254703,
0.000475579,1.27196e-05,0.0951158,0.00254391,
0.000475609,1.2704e-05,0.0951218,0.0025408,
0.000475639,1.26884e-05,0.0951278,0.00253768,
0.000475669,1.26729e-05,0.0951338,0.00253456,
0.000475697,1.26582e-05,0.0951394,0.00253163,
0.000475725,1.26435e-05,0.0951451,0.00252869,
0.000475754,1.26288e-05,0.0951507,0.00252575,
0.000475782,1.26141e-05,0.0951564,0.00252281,
0.00047581,1.25994e-05,0.095162,0.00251987,
0.000475838,1.25847e-05,0.0951677,0.00251693,
0.000475867,1.257e-05,0.0951733,0.00251399,
0.000475895,1.25553e-05,0.095179,0.00251105,
0.000475923,1.25406e-05,0.0951846,0.00250811,
0.000475951,1.25259e-05,0.0951903,0.00250517,
0.00047598,1.25112e-05,0.0951959,0.00250223,
0.000476008,1.24965e-05,0.0952016,0.00249929,
0.000476036,1.24818e-05,0.0952072,0.00249635,
0.000476064,1.24671e-05,0.0952129,0.00249341,
0.000476093,1.24524e-05,0.0952185,0.00249048,
0.000476121,1.24377e-05,0.0952242,0.00248754,
0.000476149,1.2423e-05,0.0952299,0.0024846,
0.000476178,1.24083e-05,0.0952355,0.00248166,
0.000476206,1.23936e-05,0.0952412,0.00247872,
0.000476234,1.23789e-05,0.0952468,0.00247578,
0.000476261,1.2365e-05,0.0952521,0.002473,
0.000476287,1.23511e-05,0.0952575,0.00247023,
0.000476314,1.23372e-05,0.0952628,0.00246745,
0.000476341,1.23234e-05,0.0952682,0.00246467,
0.000476367,1.23095e-05,0.0952735,0.0024619,
0.000476394,1.22956e-05,0.0952788,0.00245912,
0.000476421,1.22817e-05,0.0952842,0.00245634,
0.000476448,1.22679e-05,0.0952895,0.00245357,
0.000476474,1.2254e-05,0.0952949,0.00245079,
0.000476501,1.22401e-05,0.0953002,0.00244801,
0.000476528,1.22262e-05,0.0953055,0.00244523,
0.000476554,1.22123e-05,0.0953109,0.00244246,
0.000476581,1.21985e-05,0.0953162,0.00243968,
0.000476608,1.21846e-05,0.0953215,0.0024369,
0.000476634,1.21707e-05,0.0953269,0.00243413,
0.000476661,1.21568e-05,0.0953322,0.00243135,
0.000476688,1.2143e-05,0.0953376,0.00242857,
0.000476714,1.21291e-05,0.0953429,0.0024258,
0.000476741,1.21152e-05,0.0953482,0.00242302,
0.000476768,1.21013e-05,0.0953536,0.00242024,
0.000476793,1.20882e-05,0.0953586,0.00241762,
0.000476818,1.20751e-05,0.0953637,0.00241499,
0.000476844,1.20619e-05,0.0953687,0.00241237,
0.000476869,1.20488e-05,0.0953738,0.00240974,
0.000476894,1.20357e-05,0.0953788,0.00240711,
0.000476919,1.20225e-05,0.0953839,0.00240449,
0.000476945,1.20094e-05,0.0953889,0.00240186,
0.00047697,1.19962e-05,0.095394,0.00239923,
0.000476995,1.19831e-05,0.095399,0.00239661,
0.00047702,1.197e-05,0.0954041,0.00239398,
0.000477046,1.19568e-05,0.0954091,0.00239136,
0.000477071,1.19437e-05,0.0954142,0.00238873,
0.000477096,1.19306e-05,0.0954192,0.0023861,
0.000477121,1.19174e-05,0.0954243,0.00238348,
0.000477147,1.19043e-05,0.0954293,0.00238085,
0.000477172,1.18912e-05,0.0954344,0.00237823,
0.000477197,1.1878e-05,0.0954394,0.0023756,
0.000477222,1.18649e-05,0.0954445,0.00237297,
0.000477248,1.18518e-05,0.0954495,0.00237035,
0.000477273,1.18386e-05,0.0954545,0.00236772,
0.000477297,1.18262e-05,0.0954593,0.00236523,
0.000477321,1.18138e-05,0.0954641,0.00236275,
0.000477344,1.18013e-05,0.0954689,0.00236026,
0.000477368,1.17889e-05,0.0954737,0.00235778,
0.000477392,1.17765e-05,0.0954784,0.00235529,
0.000477416,1.1764e-05,0.0954832,0.0023528,
0.00047744,1.17516e-05,0.095488,0.00235032,
0.000477464,1.17392e-05,0.0954928,0.00234783,
0.000477488,1.17267e-05,0.0954976,0.00234534,
0.000477512,1.17143e-05,0.0955023,0.00234286,
0.000477536,1.17019e-05,0.0955071,0.00234037,
0.00047756,1.16894e-05,0.0955119,0.00233789,
0.000477583,1.1677e-05,0.0955167,0.0023354,
0.000477607,1.16646e-05,0.0955215,0.00233291,
0.000477631,1.16521e-05,0.0955262,0.00233043,
0.000477655,1.16397e-05,0.095531,0.00232794,
0.000477679,1.16273e-05,0.0955358,0.00232545,
0.000477703,1.16148e-05,0.0955406,0.00232297,
0.000477727,1.16024e-05,0.0955454,0.00232048,
0.000477751,1.159e-05,0.0955501,0.002318,
0.000477773,1.15782e-05,0.0955547,0.00231564,
0.000477796,1.15664e-05,0.0955592,0.00231328,
0.000477819,1.15546e-05,0.0955637,0.00231093,
0.000477841,1.15429e-05,0.0955682,0.00230857,
0.000477864,1.15311e-05,0.0955728,0.00230622,
0.000477887,1.15193e-05,0.0955773,0.00230386,
0.000477909,1.15075e-05,0.0955818,0.00230151,
0.000477932,1.14958e-05,0.0955864,0.00229915,
0.000477954,1.1484e-05,0.0955909,0.0022968,
0.000477977,1.14722e-05,0.0955954,0.00229444,
0.000478,1.14604e-05,0.0955999,0.00229209,
0.000478022,1.14487e-05,0.0956045,0.00228973,
0.000478045,1.14369e-05,0.095609,0.00228737,
0.000478068,1.14251e-05,0.0956135,0.00228502,
0.00047809,1.14133e-05,0.0956181,0.00228266,
0.000478113,1.14016e-05,0.0956226,0.00228031,
0.000478136,1.13898e-05,0.0956271,0.00227795,
0.000478158,1.1378e-05,0.0956316,0.0022756,
0.000478181,1.13662e-05,0.0956362,0.00227324,
0.000478203,1.13545e-05,0.0956407,0.00227089,
0.000478225,1.13433e-05,0.095645,0.00226865,
0.000478246,1.13321e-05,0.0956493,0.00226642,
0.000478268,1.1321e-05,0.0956536,0.00226419,
0.000478289,1.13098e-05,0.0956579,0.00226196,
0.000478311,1.12987e-05,0.0956621,0.00225972,
0.000478332,1.12875e-05,0.0956664,0.00225749,
0.000478354,1.12763e-05,0.0956707,0.00225526,
0.000478375,1.12652e-05,0.095675,0.00225303,
0.000478397,1.1254e-05,0.0956793,0.00225079,
0.000478418,1.12428e-05,0.0956836,0.00224856,
0.000478439,1.12317e-05,0.0956879,0.00224633,
0.000478461,1.12205e-05,0.0956922,0.0022441,
0.000478482,1.12094e-05,0.0956965,0.00224186,
0.000478504,1.11982e-05,0.0957008,0.00223963,
0.000478525,1.1187e-05,0.0957051,0.0022374,
0.000478547,1.11759e-05,0.0957093,0.00223517,
0.000478568,1.11647e-05,0.0957136,0.00223293,
0.00047859,1.11535e-05,0.0957179,0.0022307,
0.000478611,1.11424e-05,0.0957222,0.00222847,
0.000478633,1.11312e-05,0.0957265,0.00222624,
0.000478653,1.11206e-05,0.0957306,0.00222412,
0.000478673,1.11101e-05,0.0957346,0.00222201,
0.000478694,1.10995e-05,0.0957387,0.00221989,
0.000478714,1.10889e-05,0.0957428,0.00221778,
0.000478734,1.10783e-05,0.0957468,0.00221566,
0.000478754,1.10678e-05,0.0957509,0.00221355,
0.000478775,1.10572e-05,0.095755,0.00221143,
0.000478795,1.10466e-05,0.095759,0.00220932,
0.000478815,1.1036e-05,0.0957631,0.0022072,
0.000478836,1.10255e-05,0.0957672,0.00220508,
0.000478856,1.10149e-05,0.0957712,0.00220297,
0.000478876,1.10043e-05,0.0957753,0.00220085,
0.000478897,1.09937e-05,0.0957794,0.00219874,
0.000478917,1.09832e-05,0.0957834,0.00219662,
0.000478937,1.09726e-05,0.0957875,0.00219451,
0.000478958,1.0962e-05,0.0957916,0.00219239,
0.000478978,1.09514e-05,0.0957956,0.00219028,
0.000478998,1.09409e-05,0.0957997,0.00218816,
0.000479019,1.09303e-05,0.0958038,0.00218605,
0.000479039,1.09197e-05,0.0958078,0.00218393,
0.000479058,1.09097e-05,0.0958117,0.00218193,
0.000479078,1.08997e-05,0.0958155,0.00217993,
0.000479097,1.08897e-05,0.0958194,0.00217793,
0.000479116,1.08797e-05,0.0958232,0.00217592,
0.000479135,1.08696e-05,0.0958271,0.00217392,
0.000479155,1.08596e-05,0.0958309,0.00217192,
0.000479174,1.08496e-05,0.0958348,0.00216992,
0.000479193,1.08396e-05,0.0958386,0.00216792,
0.000479212,1.08296e-05,0.0958424,0.00216592,
0.000479231,1.08196e-05,0.0958463,0.00216391,
0.000479251,1.08096e-05,0.0958501,0.00216191,
0.00047927,1.07995e-05,0.095854,0.00215991,
0.000479289,1.07895e-05,0.0958578,0.00215791,
0.000479308,1.07795e-05,0.0958617,0.00215591,
0.000479328,1.07695e-05,0.0958655,0.0021539,
0.000479347,1.07595e-05,0.0958694,0.0021519,
0.000479366,1.07495e-05,0.0958732,0.0021499,
0.000479385,1.07395e-05,0.0958771,0.0021479,
0.000479405,1.07294e-05,0.0958809,0.0021459,
0.000479424,1.07194e-05,0.0958848,0.00214389,
0.000479442,1.071e-05,0.0958884,0.00214201,
0.00047946,1.07005e-05,0.095892,0.00214012,
0.000479478,1.06911e-05,0.0958957,0.00213823,
0.000479496,1.06817e-05,0.0958993,0.00213634,
0.000479515,1.06722e-05,0.0959029,0.00213445,
0.000479533,1.06628e-05,0.0959066,0.00213256,
0.000479551,1.06533e-05,0.0959102,0.00213067,
0.000479569,1.06439e-05,0.0959138,0.00212878,
0.000479587,1.06344e-05,0.0959174,0.00212689,
0.000479605,1.0625e-05,0.0959211,0.002125,
0.000479624,1.06156e-05,0.0959247,0.00212311,
0.000479642,1.06061e-05,0.0959283,0.00212122,
0.00047966,1.05967e-05,0.095932,0.00211933,
0.000479678,1.05872e-05,0.0959356,0.00211744,
0.000479696,1.05778e-05,0.0959392,0.00211555,
0.000479714,1.05683e-05,0.0959429,0.00211366,
0.000479732,1.05589e-05,0.0959465,0.00211177,
0.000479751,1.05495e-05,0.0959501,0.00210989,
0.000479769,1.054e-05,0.0959538,0.002108,
0.000479787,1.05306e-05,0.0959574,0.00210611,
0.000479804,1.05217e-05,0.0959608,0.00210433,
0.000479821,1.05128e-05,0.0959642,0.00210256,
0.000479838,1.0504e-05,0.0959676,0.00210078,
0.000479855,1.04951e-05,0.095971,0.00209901,
0.000479872,1.04862e-05,0.0959744,0.00209724,
0.000479889,1.04774e-05,0.0959778,0.00209546,
0.000479906,1.04685e-05,0.0959813,0.00209369,
0.000479923,1.04596e-05,0.0959847,0.00209191,
0.00047994,1.04507e-05,0.0959881,0.00209014,
0.000479957,1.04419e-05,0.0959915,0.00208837,
0.000479974,1.0433e-05,0.0959949,0.00208659,
0.000479991,1.04241e-05,0.0959983,0.00208482,
0.000480009,1.04153e-05,0.0960017,0.00208305,
0.000480026,1.04064e-05,0.0960051,0.00208127,
0.000480043,1.03975e-05,0.0960085,0.0020795,
0.00048006,1.03886e-05,0.0960119,0.00207772,
0.000480077,1.03798e-05,0.0960153,0.00207595,
0.000480094,1.03709e-05,0.0960188,0.00207418,
0.000480111,1.0362e-05,0.0960222,0.0020724,
0.000480128,1.03532e-05,0.0960256,0.00207063,
0.000480144,1.03449e-05,0.0960287,0.00206898,
0.00048016,1.03367e-05,0.0960319,0.00206733,
0.000480175,1.03284e-05,0.0960351,0.00206568,
0.000480191,1.03202e-05,0.0960382,0.00206403,
0.000480207,1.03119e-05,0.0960414,0.00206238,
0.000480223,1.03037e-05,0.0960446,0.00206073,
0.000480239,1.02954e-05,0.0960478,0.00205908,
0.000480255,1.02872e-05,0.0960509,0.00205743,
0.00048027,1.02789e-05,0.0960541,0.00205578,
0.000480286,1.02707e-05,0.0960573,0.00205413,
0.000480302,1.02624e-05,0.0960604,0.00205248,
0.000480318,1.02542e-05,0.0960636,0.00205083,
0.000480334,1.02459e-05,0.0960668,0.00204918,
0.00048035,1.02377e-05,0.0960699,0.00204753,
0.000480366,1.02294e-05,0.0960731,0.00204588,
0.000480381,1.02212e-05,0.0960763,0.00204423,
0.000480397,1.02129e-05,0.0960795,0.00204259,
0.000480413,1.02047e-05,0.0960826,0.00204094,
0.000480429,1.01964e-05,0.0960858,0.00203929,
0.000480445,1.01882e-05,0.096089,0.00203764,
0.000480459,1.01806e-05,0.0960919,0.00203613,
0.000480474,1.01731e-05,0.0960948,0.00203462,
0.000480488,1.01656e-05,0.0960977,0.00203311,
0.000480503,1.0158e-05,0.0961006,0.00203161,
0.000480517,1.01505e-05,0.0961035,0.0020301,
0.000480532,1.0143e-05,0.0961063,0.00202859,
0.000480546,1.01354e-05,0.0961092,0.00202708,
0.000480561,1.01279e-05,0.0961121,0.00202558,
0.000480575,1.01203e-05,0.096115,0.00202407,
0.00048059,1.01128e-05,0.0961179,0.00202256,
0.000480604,1.01053e-05,0.0961208,0.00202105,
0.000480619,1.00977e-05,0.0961237,0.00201955,
0.000480633,1.00902e-05,0.0961266,0.00201804,
0.000480648,1.00826e-05,0.0961295,0.00201653,
0.000480662,1.00751e-05,0.0961324,0.00201502,
0.000480677,1.00676e-05,0.0961353,0.00201352,
0.000480691,1.006e-05,0.0961382,0.00201201,
0.000480706,1.00525e-05,0.0961411,0.0020105,
0.00048072,1.0045e-05,0.096144,0.00200899,
0.000480735,1.00374e-05,0.0961469,0.00200748,
0.000480747,1.00307e-05,0.0961495,0.00200615,
0.00048076,1.00241e-05,0.096152,0.00200482,
0.000480773,1.00174e-05,0.0961546,0.00200348,
0.000480786,1.00107e-05,0.0961572,0.00200215,
0.000480799,1.00041e-05,0.0961597,0.00200081,
0.000480811,9.99738e-06,0.0961623,0.00199948,
0.000480824,9.99071e-06,0.0961649,0.00199814,
0.000480837,9.98404e-06,0.0961674,0.00199681,
0.00048085,9.97736e-06,0.09617,0.00199547,
0.000480863,9.97069e-06,0.0961726,0.00199414,
0.000480876,9.96402e-06,0.0961751,0.0019928,
0.000480888,9.95735e-06,0.0961777,0.00199147,
0.000480901,9.95067e-06,0.0961802,0.00199013,
0.000480914,9.944e-06,0.0961828,0.0019888,
0.000480927,9.93733e-06,0.0961854,0.00198746,
0.00048094,9.93066e-06,0.0961879,0.00198613,
0.000480953,9.92398e-06,0.0961905,0.00198479,
0.000480965,9.91731e-06,0.0961931,0.00198346,
0.000480978,9.91064e-06,0.0961956,0.00198212,
0.000480991,9.90397e-06,0.0961982,0.00198079,
0.000481002,9.89841e-06,0.0962003,0.00197968,
0.000481012,9.89285e-06,0.0962025,0.00197857,
0.000481023,9.8873e-06,0.0962046,0.00197746,
0.000481034,9.88174e-06,0.0962067,0.00197634,
0.000481044,9.87618e-06,0.0962089,0.00197523,
0.000481055,9.87063e-06,0.096211,0.00197412,
0.000481066,9.86507e-06,0.0962131,0.00197301,
0.000481076,9.85951e-06,0.0962153,0.0019719,
0.000481087,9.85396e-06,0.0962174,0.00197079,
0.000481098,9.8484e-06,0.0962195,0.00196968,
0.000481108,9.84284e-06,0.0962217,0.00196857,
0.000481119,9.83729e-06,0.0962238,0.00196746,
0.00048113,9.83173e-06,0.0962259,0.00196635,
0.00048114,9.82617e-06,0.0962281,0.00196524,
0.000481151,9.82062e-06,0.0962302,0.00196413,
0.000481162,9.81506e-06,0.0962324,0.00196301,
0.000481172,9.8095e-06,0.0962345,0.0019619,
0.000481183,9.80395e-06,0.0962366,0.00196079,
0.000481194,9.79839e-06,0.0962388,0.00195968,
0.000481204,9.79283e-06,0.0962409,0.00195857,
0.000481212,9.78881e-06,0.0962424,0.00195777,
0.00048122,9.7848e-06,0.096244,0.00195696,
0.000481228,9.78078e-06,0.0962455,0.00195616,
0.000481235,9.77676e-06,0.0962471,0.00195535,
0.000481243,9.77274e-06,0.0962486,0.00195455,
0.000481251,9.76872e-06,0.0962502,0.00195375,
0.000481259,9.7647e-06,0.0962517,0.00195294,
0.000481266,9.76068e-06,0.0962533,0.00195214,
0.000481274,9.75666e-06,0.0962548,0.00195133,
0.000481282,9.75264e-06,0.0962563,0.00195053,
0.000481289,9.74862e-06,0.0962579,0.00194972,
0.000481297,9.74461e-06,0.0962594,0.00194892,
0.000481305,9.74059e-06,0.096261,0.00194812,
0.000481313,9.73657e-06,0.0962625,0.00194731,
0.00048132,9.73255e-06,0.0962641,0.00194651,
0.000481328,9.72853e-06,0.0962656,0.0019457,
0.000481336,9.72451e-06,0.0962672,0.0019449,
0.000481344,9.72049e-06,0.0962687,0.00194409,
0.000481351,9.71647e-06,0.0962703,0.00194329,
0.000481359,9.71245e-06,0.0962718,0.00194249,
0.000481363,9.71062e-06,0.0962725,0.00194212,
0.000481366,9.70879e-06,0.0962732,0.00194175,
0.00048137,9.70696e-06,0.0962739,0.00194139,
0.000481373,9.70513e-06,0.0962746,0.00194102,
0.000481377,9.70329e-06,0.0962753,0.00194065,
0.00048138,9.70146e-06,0.096276,0.00194028,
0.000481384,9.69963e-06,0.0962767,0.00193992,
0.000481387,9.6978e-06,0.0962774,0.00193955,
0.000481391,9.69597e-06,0.0962781,0.00193918,
0.000481394,9.69413e-06,0.0962788,0.00193882,
0.000481398,9.6923e-06,0.0962796,0.00193845,
0.000481401,9.69047e-06,0.0962803,0.00193808,
0.000481405,9.68864e-06,0.096281,0.00193772,
0.000481408,9.68681e-06,0.0962817,0.00193735,
0.000481412,9.68498e-06,0.0962824,0.00193698,
0.000481415,9.68314e-06,0.0962831,0.00193662,
0.000481419,9.68131e-06,0.0962838,0.00193625,
0.000481422,9.67948e-06,0.0962845,0.00193588,
0.000481426,9.67765e-06,0.0962852,0.00193551,
0.00048143,9.67582e-06,0.0962859,0.00193515,
0.000481427,9.67719e-06,0.0962854,0.00193542,
0.000481424,9.67856e-06,0.0962848,0.0019357,
0.000481422,9.67993e-06,0.0962843,0.00193597,
0.000481419,9.6813e-06,0.0962838,0.00193625,
0.000481416,9.68267e-06,0.0962833,0.00193652,
0.000481414,9.68404e-06,0.0962827,0.0019368,
0.000481411,9.68541e-06,0.0962822,0.00193707,
0.000481408,9.68678e-06,0.0962817,0.00193735,
0.000481406,9.68816e-06,0.0962811,0.00193762,
0.000481403,9.68953e-06,0.0962806,0.0019379,
0.0004814,9.6909e-06,0.0962801,0.00193817,
0.000481398,9.69227e-06,0.0962796,0.00193845,
0.000481395,9.69364e-06,0.096279,0.00193872,
0.000481392,9.69501e-06,0.0962785,0.001939,
0.00048139,9.69638e-06,0.096278,0.00193927,
0.000481387,9.69775e-06,0.0962774,0.00193955,
0.000481385,9.69912e-06,0.0962769,0.00193982,
0.000481382,9.7005e-06,0.0962764,0.0019401,
0.000481379,9.70187e-06,0.0962759,0.00194037,
0.000481377,9.70324e-06,0.0962753,0.00194065,
0.000481365,9.70941e-06,0.096273,0.00194188,
0.000481353,9.71557e-06,0.0962706,0.00194312,
0.000481341,9.72174e-06,0.0962682,0.00194435,
0.000481329,9.72791e-06,0.0962658,0.00194558,
0.000481317,9.73407e-06,0.0962635,0.00194682,
0.000481306,9.74024e-06,0.0962611,0.00194805,
0.000481294,9.74641e-06,0.0962587,0.00194928,
0.000481282,9.75258e-06,0.0962564,0.00195052,
0.00048127,9.75874e-06,0.096254,0.00195175,
0.000481258,9.76491e-06,0.0962516,0.00195298,
0.000481246,9.77108e-06,0.0962493,0.00195422,
0.000481234,9.77725e-06,0.0962469,0.00195545,
0.000481223,9.78341e-06,0.0962445,0.00195668,
0.000481211,9.78958e-06,0.0962422,0.00195792,
0.000481199,9.79575e-06,0.0962398,0.00195915,
0.000481187,9.80191e-06,0.0962374,0.00196038,
0.000481175,9.80808e-06,0.096235,0.00196162,
0.000481163,9.81425e-06,0.0962327,0.00196285,
0.000481152,9.82042e-06,0.0962303,0.00196408,
0.00048114,9.82658e-06,0.0962279,0.00196532,
0.000481114,9.83995e-06,0.0962228,0.00196799,
0.000481088,9.85332e-06,0.0962177,0.00197066,
0.000481063,9.86669e-06,0.0962125,0.00197334,
0.000481037,9.88005e-06,0.0962074,0.00197601,
0.000481011,9.89342e-06,0.0962022,0.00197868,
0.000480986,9.90679e-06,0.0961971,0.00198136,
0.00048096,9.92015e-06,0.096192,0.00198403,
0.000480934,9.93352e-06,0.0961868,0.0019867,
0.000480908,9.94689e-06,0.0961817,0.00198938,
0.000480883,9.96025e-06,0.0961766,0.00199205,
0.000480857,9.97362e-06,0.0961714,0.00199472,
0.000480831,9.98699e-06,0.0961663,0.0019974,
0.000480806,1.00004e-05,0.0961612,0.00200007,
0.00048078,1.00137e-05,0.096156,0.00200274,
0.000480754,1.00271e-05,0.0961509,0.00200542,
0.000480729,1.00405e-05,0.0961457,0.00200809,
0.000480703,1.00538e-05,0.0961406,0.00201076,
0.000480677,1.00672e-05,0.0961355,0.00201344,
0.000480652,1.00806e-05,0.0961303,0.00201611,
0.000480626,1.00939e-05,0.0961252,0.00201878,
0.00048058,1.01181e-05,0.0961159,0.00202361,
0.000480533,1.01422e-05,0.0961066,0.00202845,
0.000480487,1.01664e-05,0.0960973,0.00203328,
0.00048044,1.01906e-05,0.0960881,0.00203811,
0.000480394,1.02147e-05,0.0960788,0.00204294,
0.000480347,1.02389e-05,0.0960695,0.00204777,
0.000480301,1.0263e-05,0.0960602,0.00205261,
0.000480255,1.02872e-05,0.0960509,0.00205744,
0.000480208,1.03114e-05,0.0960416,0.00206227,
0.000480162,1.03355e-05,0.0960323,0.0020671,
0.000480115,1.03597e-05,0.0960231,0.00207194,
0.000480069,1.03838e-05,0.0960138,0.00207677,
0.000480022,1.0408e-05,0.0960045,0.0020816,
0.000479976,1.04321e-05,0.0959952,0.00208643,
0.00047993,1.04563e-05,0.0959859,0.00209126,
0.000479883,1.04805e-05,0.0959766,0.0020961,
0.000479837,1.05046e-05,0.0959673,0.00210093,
0.00047979,1.05288e-05,0.0959581,0.00210576,
0.000479744,1.05529e-05,0.0959488,0.00211059,
0.000479697,1.05771e-05,0.0959395,0.00211542,
0.00047962,1.06173e-05,0.095924,0.00212346,
0.000479543,1.06574e-05,0.0959086,0.00213149,
0.000479466,1.06976e-05,0.0958932,0.00213952,
0.000479389,1.07377e-05,0.0958777,0.00214755,
0.000479312,1.07779e-05,0.0958623,0.00215558,
0.000479234,1.0818e-05,0.0958469,0.00216361,
0.000479157,1.08582e-05,0.0958314,0.00217164,
0.00047908,1.08983e-05,0.095816,0.00217967,
0.000479003,1.09385e-05,0.0958006,0.0021877,
0.000478926,1.09787e-05,0.0957851,0.00219573,
0.000478848,1.10188e-05,0.0957697,0.00220376,
0.000478771,1.1059e-05,0.0957543,0.0022118,
0.000478694,1.10991e-05,0.0957388,0.00221983,
0.000478617,1.11393e-05,0.0957234,0.00222786,
0.00047854,1.11794e-05,0.095708,0.00223589,
0.000478463,1.12196e-05,0.0956925,0.00224392,
0.000478385,1.12598e-05,0.0956771,0.00225195,
0.000478308,1.12999e-05,0.0956616,0.00225998,
0.000478231,1.13401e-05,0.0956462,0.00226801,
0.000478154,1.13802e-05,0.0956308,0.00227604,
0.000478032,1.14435e-05,0.0956064,0.00228871,
0.00047791,1.15069e-05,0.0955821,0.00230137,
0.000477789,1.15702e-05,0.0955577,0.00231403,
0.000477667,1.16335e-05,0.0955334,0.00232669,
0.000477545,1.16968e-05,0.0955091,0.00233935,
0.000477424,1.17601e-05,0.0954847,0.00235202,
0.000477302,1.18234e-05,0.0954604,0.00236468,
0.00047718,1.18867e-05,0.095436,0.00237734,
0.000477058,1.195e-05,0.0954117,0.00239,
0.000476937,1.20133e-05,0.0953873,0.00240267,
0.000476815,1.20766e-05,0.095363,0.00241533,
0.000476693,1.214e-05,0.0953387,0.00242799,
0.000476572,1.22033e-05,0.0953143,0.00244065,
0.00047645,1.22666e-05,0.09529,0.00245332,
0.000476328,1.23299e-05,0.0952656,0.00246598,
0.000476206,1.23932e-05,0.0952413,0.00247864,
0.000476085,1.24565e-05,0.0952169,0.0024913,
0.000475963,1.25198e-05,0.0951926,0.00250397,
0.000475841,1.25831e-05,0.0951683,0.00251663,
0.00047572,1.26464e-05,0.0951439,0.00252929,
0.000475536,1.2742e-05,0.0951072,0.00254841,
0.000475352,1.28376e-05,0.0950704,0.00256752,
0.000475168,1.29332e-05,0.0950336,0.00258664,
0.000474984,1.30288e-05,0.0949969,0.00260575,
0.0004748,1.31243e-05,0.0949601,0.00262487,
0.000474617,1.32199e-05,0.0949233,0.00264398,
0.000474433,1.33155e-05,0.0948866,0.0026631,
0.000474249,1.34111e-05,0.0948498,0.00268222,
0.000474065,1.35067e-05,0.094813,0.00270133,
0.000473881,1.36022e-05,0.0947763,0.00272045,
0.000473698,1.36978e-05,0.0947395,0.00273956,
0.000473514,1.37934e-05,0.0947028,0.00275868,
0.00047333,1.3889e-05,0.094666,0.00277779,
0.000473146,1.39845e-05,0.0946292,0.00279691,
0.000472962,1.40801e-05,0.0945925,0.00281602,
0.000472778,1.41757e-05,0.0945557,0.00283514,
0.000472595,1.42713e-05,0.0945189,0.00285426,
0.000472411,1.43669e-05,0.0944822,0.00287337,
0.000472227,1.44624e-05,0.0944454,0.00289249,
0.000472043,1.4558e-05,0.0944086,0.0029116,
0.000471778,1.4696e-05,0.0943555,0.00293919,
0.000471512,1.48339e-05,0.0943025,0.00296679,
0.000471247,1.49719e-05,0.0942494,0.00299438,
0.000470981,1.51098e-05,0.0941963,0.00302197,
0.000470716,1.52478e-05,0.0941432,0.00304956,
0.00047045,1.53858e-05,0.0940901,0.00307715,
0.000470185,1.55237e-05,0.094037,0.00310474,
0.000469919,1.56617e-05,0.0939839,0.00313233,
0.000469654,1.57996e-05,0.0939308,0.00315992,
0.000469388,1.59376e-05,0.0938777,0.00318752,
0.000469123,1.60755e-05,0.0938246,0.00321511,
0.000468857,1.62135e-05,0.0937715,0.0032427,
0.000468592,1.63515e-05,0.0937184,0.00327029,
0.000468326,1.64894e-05,0.0936653,0.00329788,
0.000468061,1.66274e-05,0.0936122,0.00332547,
0.000467796,1.67653e-05,0.0935591,0.00335306,
0.00046753,1.69033e-05,0.093506,0.00338066,
0.000467265,1.70412e-05,0.0934529,0.00340825,
0.000466999,1.71792e-05,0.0933998,0.00343584,
0.000466734,1.73171e-05,0.0933467,0.00346343,
0.00046637,1.75062e-05,0.0932739,0.00350123,
0.000466005,1.76952e-05,0.0932011,0.00353904,
0.000465641,1.78842e-05,0.0931283,0.00357684,
0.000465277,1.80732e-05,0.0930555,0.00361464,
0.000464913,1.82623e-05,0.0929827,0.00365245,
0.000464549,1.84513e-05,0.0929098,0.00369025,
0.000464185,1.86403e-05,0.092837,0.00372805,
0.000463821,1.88293e-05,0.0927642,0.00376586,
0.000463457,1.90183e-05,0.0926914,0.00380366,
0.000463093,1.92074e-05,0.0926186,0.00384146,
0.000462729,1.93964e-05,0.0925458,0.00387927,
0.000462365,1.95854e-05,0.092473,0.00391707,
0.000462001,1.97744e-05,0.0924002,0.00395487,
0.000461637,1.99634e-05,0.0923273,0.00399268,
0.000461273,2.01525e-05,0.0922545,0.00403048,
0.000460909,2.03415e-05,0.0921817,0.00406828,
0.000460544,2.05305e-05,0.0921089,0.00410609,
0.00046018,2.07195e-05,0.0920361,0.00414389,
0.000459816,2.09085e-05,0.0919633,0.00418169,
0.000459452,2.10976e-05,0.0918905,0.0042195,
0.000458982,2.13413e-05,0.0917964,0.00426825,
0.000458512,2.15851e-05,0.0917024,0.004317,
0.000458042,2.18288e-05,0.0916084,0.00436575,
0.000457572,2.20726e-05,0.0915144,0.0044145,
0.000457102,2.23163e-05,0.0914204,0.00446325,
0.000456632,2.25601e-05,0.0913264,0.004512,
0.000456162,2.28038e-05,0.0912323,0.00456075,
0.000455692,2.30476e-05,0.0911383,0.0046095,
0.000455222,2.32913e-05,0.0910443,0.00465825,
0.000454751,2.35351e-05,0.0909503,0.004707,
0.000454281,2.37788e-05,0.0908563,0.00475575,
0.000453811,2.40226e-05,0.0907623,0.0048045,
0.000453341,2.42663e-05,0.0906682,0.00485326,
0.000452871,2.45101e-05,0.0905742,0.00490201,
0.000452401,2.47538e-05,0.0904802,0.00495076,
0.000451931,2.49976e-05,0.0903862,0.00499951,
0.000451461,2.52413e-05,0.0902922,0.00504826,
0.000450991,2.54851e-05,0.0901982,0.00509701,
0.000450521,2.57288e-05,0.0901041,0.00514576,
0.000450051,2.59726e-05,0.0900101,0.00519451,
0.000449481,2.62674e-05,0.0898962,0.00525348,
0.000448911,2.65623e-05,0.0897823,0.00531245,
0.000448342,2.68571e-05,0.0896684,0.00537142,
0.000447772,2.71519e-05,0.0895544,0.00543039,
0.000447203,2.74468e-05,0.0894405,0.00548936,
0.000446633,2.77416e-05,0.0893266,0.00554833,
0.000446063,2.80365e-05,0.0892127,0.00560729,
0.000445494,2.83313e-05,0.0890988,0.00566626,
0.000444924,2.86262e-05,0.0889849,0.00572523,
0.000444355,2.8921e-05,0.0888709,0.0057842,
0.000443785,2.92159e-05,0.088757,0.00584317,
0.000443216,2.95107e-05,0.0886431,0.00590214,
0.000442646,2.98056e-05,0.0885292,0.00596111,
0.000442076,3.01004e-05,0.0884153,0.00602008,
0.000441507,3.03953e-05,0.0883013,0.00607905,
0.000440937,3.06901e-05,0.0881874,0.00613802,
0.000440368,3.0985e-05,0.0880735,0.00619698,
0.000439798,3.12798e-05,0.0879596,0.00625595,
0.000439228,3.15747e-05,0.0878457,0.00631492,
0.000438659,3.18695e-05,0.0877318,0.00637389,
0.000438006,3.22066e-05,0.0876012,0.0064413,
0.000437354,3.25436e-05,0.0874707,0.00650871,
0.000436701,3.28807e-05,0.0873402,0.00657613,
0.000436048,3.32177e-05,0.0872097,0.00664354,
0.000435396,3.35548e-05,0.0870792,0.00671095,
0.000434743,3.38918e-05,0.0869486,0.00677836,
0.000434091,3.42289e-05,0.0868181,0.00684577,
0.000433438,3.45659e-05,0.0866876,0.00691318,
0.000432785,3.4903e-05,0.0865571,0.0069806,
0.000432133,3.524e-05,0.0864265,0.00704801,
0.00043148,3.55771e-05,0.086296,0.00711542,
0.000430828,3.59141e-05,0.0861655,0.00718283,
0.000430175,3.62512e-05,0.086035,0.00725024,
0.000429522,3.65882e-05,0.0859045,0.00731765,
0.00042887,3.69253e-05,0.0857739,0.00738507,
0.000428217,3.72623e-05,0.0856434,0.00745248,
0.000427565,3.75994e-05,0.0855129,0.00751989,
0.000426912,3.79365e-05,0.0853824,0.0075873,
0.000426259,3.82735e-05,0.0852519,0.00765471,
0.000425607,3.86106e-05,0.0851213,0.00772212,
0.000424887,3.89812e-05,0.0849774,0.00779625,
0.000424167,3.93518e-05,0.0848335,0.00787037,
0.000423448,3.97224e-05,0.0846895,0.00794449,
0.000422728,4.0093e-05,0.0845456,0.00801861,
0.000422008,4.04636e-05,0.0844017,0.00809273,
0.000421289,4.08342e-05,0.0842578,0.00816686,
0.000420569,4.12049e-05,0.0841138,0.00824098,
0.00041985,4.15755e-05,0.0839699,0.0083151,
0.00041913,4.19461e-05,0.083826,0.00838922,
0.00041841,4.23167e-05,0.083682,0.00846335,
0.000417691,4.26873e-05,0.0835381,0.00853747,
0.000416971,4.30579e-05,0.0833942,0.00861159,
0.000416251,4.34285e-05,0.0832503,0.00868571,
0.000415532,4.37992e-05,0.0831063,0.00875984,
0.000414812,4.41698e-05,0.0829624,0.00883396,
0.000414092,4.45404e-05,0.0828185,0.00890808,
0.000413373,4.4911e-05,0.0826745,0.0089822,
0.000412653,4.52816e-05,0.0825306,0.00905632,
0.000411933,4.56522e-05,0.0823867,0.00913045,
0.000411214,4.60229e-05,0.0822428,0.00920457,
0.000410673,4.63003e-05,0.0821347,0.00926006,
0.000410133,4.65777e-05,0.0820266,0.00931555,
0.000409592,4.68552e-05,0.0819185,0.00937104,
0.000409052,4.71326e-05,0.0818104,0.00942653,
0.000408512,4.74101e-05,0.0817023,0.00948202,
0.000407971,4.76875e-05,0.0815942,0.0095375,
0.000407431,4.7965e-05,0.0814861,0.00959299,
0.00040689,4.82424e-05,0.081378,0.00964848,
0.00040635,4.85199e-05,0.0812699,0.00970397,
0.000405809,4.87973e-05,0.0811619,0.00975946,
0.000405269,4.90747e-05,0.0810538,0.00981495,
0.000404728,4.93522e-05,0.0809457,0.00987044,
0.000404188,4.96296e-05,0.0808376,0.00992593,
0.000403647,4.99071e-05,0.0807295,0.00998142,
0.000403107,5.01845e-05,0.0806214,0.0100369,
0.000402567,5.0462e-05,0.0805133,0.0100924,
0.000402026,5.07394e-05,0.0804052,0.0101479,
0.000401486,5.10169e-05,0.0802971,0.0102034,
0.000400945,5.12943e-05,0.080189,0.0102589,
0.000400405,5.15717e-05,0.080081,0.0103144,
0.000400405,5.15717e-05,0.0800809,0.0103143,
0.000400405,5.15716e-05,0.0800809,0.0103143,
0.000400405,5.15715e-05,0.0800809,0.0103143,
0.000400405,5.15714e-05,0.0800809,0.0103143,
0.000400404,5.15713e-05,0.0800809,0.0103143,
0.000400404,5.15712e-05,0.0800809,0.0103142,
0.000400404,5.15711e-05,0.0800809,0.0103142,
0.000400404,5.1571e-05,0.0800809,0.0103142,
0.000400404,5.15709e-05,0.0800808,0.0103142,
0.000400404,5.15708e-05,0.0800808,0.0103142,
0.000400404,5.15707e-05,0.0800808,0.0103141,
0.000400404,5.15706e-05,0.0800808,0.0103141,
0.000400404,5.15705e-05,0.0800808,0.0103141,
0.000400404,5.15704e-05,0.0800808,0.0103141,
0.000400404,5.15703e-05,0.0800808,0.0103141,
0.000400404,5.15702e-05,0.0800808,0.010314,
0.000400404,5.15701e-05,0.0800807,0.010314,
0.000400404,5.157e-05,0.0800807,0.010314,
0.000400404,5.157e-05,0.0800807,0.010314,
0.000400404,5.15699e-05,0.0800807,0.010314,
0.000400403,5.15697e-05,0.0800807,0.010314,
0.000400403,5.15696e-05,0.0800807,0.0103139,
0.000400403,5.15695e-05,0.0800807,0.0103139,
0.000400403,5.15694e-05,0.0800806,0.0103139,
0.000400403,5.15693e-05,0.0800806,0.0103139,
0.000400403,5.15692e-05,0.0800806,0.0103138,
0.000400403,5.15691e-05,0.0800806,0.0103138,
0.000400403,5.1569e-05,0.0800806,0.0103138,
0.000400403,5.15689e-05,0.0800806,0.0103138,
0.000400403,5.15687e-05,0.0800805,0.0103137,
0.000400403,5.15686e-05,0.0800805,0.0103137,
0.000400403,5.15685e-05,0.0800805,0.0103137,
0.000400402,5.15684e-05,0.0800805,0.0103137,
0.000400402,5.15683e-05,0.0800805,0.0103137,
0.000400402,5.15682e-05,0.0800805,0.0103136,
0.000400402,5.15681e-05,0.0800805,0.0103136,
0.000400402,5.1568e-05,0.0800804,0.0103136,
0.000400402,5.15679e-05,0.0800804,0.0103136,
0.000400402,5.15678e-05,0.0800804,0.0103135,
0.000400402,5.15676e-05,0.0800804,0.0103135,
0.000400402,5.15675e-05,0.0800804,0.0103135,
0.000400402,5.15674e-05,0.0800803,0.0103135,
0.000400402,5.15672e-05,0.0800803,0.0103134,
0.000400402,5.15671e-05,0.0800803,0.0103134,
0.000400401,5.15669e-05,0.0800803,0.0103134,
0.000400401,5.15668e-05,0.0800803,0.0103134,
0.000400401,5.15667e-05,0.0800802,0.0103133,
0.000400401,5.15665e-05,0.0800802,0.0103133,
0.000400401,5.15664e-05,0.0800802,0.0103133,
0.000400401,5.15663e-05,0.0800802,0.0103132,
0.000400401,5.15661e-05,0.0800802,0.0103132,
0.000400401,5.1566e-05,0.0800801,0.0103132,
0.000400401,5.15658e-05,0.0800801,0.0103132,
0.0004004,5.15657e-05,0.0800801,0.0103131,
0.0004004,5.15656e-05,0.0800801,0.0103131,
0.0004004,5.15654e-05,0.08008,0.0103131,
0.0004004,5.15653e-05,0.08008,0.010313,
0.0004004,5.15651e-05,0.08008,0.010313,
0.0004004,5.1565e-05,0.08008,0.010313,
0.0004004,5.15649e-05,0.08008,0.010313,
0.0004004,5.15647e-05,0.0800799,0.0103129,
0.0004004,5.15645e-05,0.0800799,0.0103129,
0.000400399,5.15643e-05,0.0800799,0.0103129,
0.000400399,5.15642e-05,0.0800799,0.0103128,
0.000400399,5.1564e-05,0.0800798,0.0103128,
0.000400399,5.15638e-05,0.0800798,0.0103128,
