-7.1771,-19.05,10.5698,7.79196,11.6628,-1.85,-10.7787,
-7.26382,-19.0628,10.6039,7.809,11.6777,-1.87247,-10.8411,
-6.28767,-18.9193,9.31352,7.87658,10.4259,-1.44611,-9.0999,
-5.18131,-18.6965,7.82663,7.97276,8.80432,-0.776145,-7.44196,
-4.19338,-18.4659,6.46306,8.09992,7.18202,-0.0490017,-6.15584,
-3.3763,-18.2576,5.30686,8.23034,5.72513,0.613333,-5.19058,
-2.72108,-18.0854,4.36592,8.34941,4.49899,1.15066,-4.45296,
-2.20315,-17.9529,3.61949,8.45197,3.51393,1.54517,-3.86873,
-1.79662,-17.8572,3.03711,8.53804,2.7508,1.80466,-3.38818,
-1.47841,-17.7924,2.58701,8.60995,2.17665,1.95016,-2.98037,
-1.22912,-17.7512,2.24005,8.67082,1.7544,2.00773,-2.6267,
-1.03292,-17.7265,1.97125,8.72364,1.44847,2.00324,-2.31611,
-0.877138,-17.7122,1.76022,8.77094,1.22775,1.95948,-2.04173,
-0.751821,-17.7032,1.59094,8.81471,1.06683,1.89483,-1.79901,
-0.649347,-17.6958,1.45131,8.85641,0.946106,1.823,-1.58448,
-0.564015,-17.6874,1.33249,8.89705,0.851241,1.75336,-1.39526,
-0.491673,-17.6766,1.2283,8.93728,0.772336,1.69164,-1.22872,
-0.0182348,-17.8116,0.661053,8.95913,0.434005,1.18899,-0.0454122,
-0.0231353,-17.7853,0.647439,8.99961,0.422962,1.17634,-0.0535235,
-0.0331077,-17.7628,0.637737,9.03826,0.417639,1.16193,-0.0689841,
-0.0454687,-17.7416,0.629813,9.07636,0.415169,1.14609,-0.0874508,
-0.353131,-17.5114,0.906497,9.15066,0.41421,1.76585,-1.04168,
-0.338452,-17.4587,0.848056,9.19666,0.330658,1.84983,-1.05292,
-0.292532,-17.4281,0.770467,9.23913,0.286776,1.8582,-0.92221,
-0.0974797,-17.6538,0.596718,9.23285,0.404816,1.0804,-0.163684,
-0.108553,-17.6281,0.583991,9.27345,0.396826,1.06641,-0.179897,
-0.123087,-17.6073,0.576234,9.3114,0.395164,1.05019,-0.20127,
-0.139002,-17.5886,0.570775,9.34855,0.396447,1.03257,-0.224538,
-0.155675,-17.5712,0.566695,9.38541,0.399465,1.01403,-0.248855,
-0.143579,-17.1855,0.408562,9.49804,-0.0228698,2.12644,-0.581109,
-0.113341,-17.1238,0.331666,9.54515,-0.114369,2.24767,-0.544951,
-0.0996746,-17.1027,0.294669,9.58487,-0.117991,2.22629,-0.474277,
-0.216798,-17.4882,0.537654,9.53959,0.396135,0.945724,-0.337326,
-0.228375,-17.4596,0.521592,9.58064,0.384594,0.93408,-0.354029,
-0.243687,-17.4392,0.513044,9.61789,0.382471,0.918689,-0.376259,
-0.260398,-17.4222,0.508059,9.65363,0.384563,0.901257,-0.400662,
-0.0452711,-16.959,0.111088,9.78266,-0.171919,2.26557,-0.196232,
-0.00753813,-16.894,0.0279147,9.82908,-0.258655,2.40285,-0.128153,
-0.0163371,-16.8779,0.0161116,9.86681,-0.249119,2.36656,-0.117337,
-0.0473355,-16.886,0.0404934,9.89911,-0.186677,2.24532,-0.126915,
-0.333594,-17.3122,0.460557,9.84437,0.366998,0.825835,-0.506354,
-0.344685,-17.2828,0.442451,9.88464,0.353044,0.816544,-0.522236,
-0.359793,-17.2632,0.433213,9.92061,0.3502,0.802455,-0.544071,
-0.0782733,-16.8305,0.00562154,10.0401,-0.0795703,2.08215,0.00530054,
-0.0374672,-16.7664,-0.0764871,10.0847,-0.150387,2.22116,0.100364,
-0.0513209,-16.7455,-0.0867173,10.1222,-0.154128,2.20465,0.0811973,
-0.0861191,-16.7464,-0.0651967,10.1552,-0.117941,2.1117,0.0320506,
-0.127347,-16.7557,-0.0323686,10.1861,-0.0626134,1.98985,-0.0185085,
-0.444375,-17.1334,0.371865,10.1425,0.323094,0.720069,-0.666105,
-0.455905,-17.1073,0.356295,10.1806,0.311918,0.710239,-0.682655,
-0.471249,-17.0903,0.349033,10.2147,0.311148,0.695729,-0.704925,
-0.133731,-16.6699,-0.106419,10.3287,-0.0220222,1.95214,0.124573,
-0.0829949,-16.6007,-0.197624,10.3731,-0.0920954,2.11463,0.253069,
-0.0960124,-16.5737,-0.212318,10.4111,-0.111905,2.12361,0.219808,
-0.131449,-16.5689,-0.195057,10.4447,-0.0969342,2.05463,0.146004,
-0.173416,-16.5735,-0.16595,10.476,-0.0615549,1.95327,0.0714342,
-0.2146,-16.58,-0.135624,10.5065,-0.0181862,1.84622,0.00817809,
-0.251508,-16.5842,-0.109871,10.537,0.0241097,1.74813,-0.0415314,
-0.282686,-16.5841,-0.0915037,10.568,0.0597668,1.66603,-0.0788548,
-0.307877,-16.5791,-0.0813869,10.5998,0.0861581,1.60214,-0.105903,
-0.6069,-16.8839,0.248751,10.5718,0.264753,0.567059,-0.900025,
-0.619569,-16.8636,0.238115,10.6066,0.259124,0.555326,-0.918279,
-0.296684,-16.5015,-0.159576,10.7055,0.0766278,1.63982,0.00807356,
-0.237225,-16.4316,-0.255406,10.7483,0.0188363,1.8125,0.176028,
-0.236949,-16.3944,-0.286465,10.7867,-0.0166474,1.86412,0.169972,
-0.257511,-16.3758,-0.290531,10.8218,-0.0302449,1.85002,0.115746,
-0.285184,-16.3665,-0.282862,10.8548,-0.0265637,1.8039,0.055259,
-0.314024,-16.3608,-0.271237,10.8867,-0.0121878,1.74596,0.00198884,
-0.341198,-16.3554,-0.26009,10.9182,0.00678188,1.68791,-0.0408136,
-0.365396,-16.3485,-0.251888,10.9497,0.0257786,1.63607,-0.0735625,
-0.386165,-16.3392,-0.247785,10.9815,0.0419417,1.59333,-0.0978218,
-0.403562,-16.3273,-0.248051,11.0135,0.0538735,1.56039,-0.11533,
-0.417938,-16.3129,-0.252394,11.0459,0.0612577,1.53666,-0.127651,
-0.429791,-16.2965,-0.26021,11.0787,0.0644772,1.52086,-0.136072,
-0.439663,-16.2784,-0.270758,11.1116,0.0642938,1.51143,-0.141618,
-0.448078,-16.2591,-0.283288,11.1448,0.0616102,1.5068,-0.145079,
-0.4555,-16.239,-0.29712,11.178,0.057309,1.50552,-0.147065,
-0.462313,-16.2185,-0.311679,11.2113,0.0521584,1.5064,-0.148037,
-0.468818,-16.1978,-0.32652,11.2445,0.0467677,1.50848,-0.148346,
-0.475236,-16.1771,-0.341313,11.2776,0.0415784,1.51105,-0.148255,
-0.481717,-16.1565,-0.355842,11.3106,0.0368768,1.51362,-0.147957,
-0.488356,-16.1362,-0.369976,11.3435,0.0328191,1.51588,-0.147594,
-0.4952,-16.1161,-0.383655,11.3762,0.029461,1.51768,-0.147266,
-0.502263,-16.0964,-0.396868,11.4088,0.0267863,1.51895,-0.147039,
-0.509538,-16.0769,-0.409638,11.4413,0.0247332,1.51971,-0.146955,
-0.517003,-16.0577,-0.422007,11.4736,0.0232148,1.51999,-0.147036,
-0.524629,-16.0387,-0.434026,11.5057,0.0221353,1.51989,-0.14729,
-0.532385,-16.02,-0.445747,11.5377,0.0214011,1.51947,-0.147714,
-0.540239,-16.0014,-0.457222,11.5696,0.0209277,1.51882,-0.148299,
-0.548164,-15.9831,-0.468493,11.6013,0.0206432,1.51801,-0.149032,
-0.556136,-15.9649,-0.479597,11.6329,0.0204898,1.5171,-0.149896,
-0.564135,-15.9468,-0.490563,11.6644,0.0204233,1.51612,-0.150876,
-0.572145,-15.9289,-0.501414,11.6958,0.0204115,1.51512,-0.151955,
-0.580153,-15.9111,-0.512166,11.7271,0.0204325,1.51411,-0.153117,
-0.588152,-15.8935,-0.522831,11.7583,0.0204725,1.51311,-0.154351,
-0.596134,-15.876,-0.533417,11.7893,0.0205236,1.51213,-0.155643,
-0.604095,-15.8586,-0.543928,11.8202,0.0205822,1.51118,-0.156983,
-0.612032,-15.8413,-0.554367,11.8511,0.0206476,1.51024,-0.158363,
-0.619942,-15.8242,-0.564736,11.8818,0.0207207,1.50933,-0.159776,
-0.627826,-15.8071,-0.575036,11.9124,0.020803,1.50843,-0.161216,
-0.635681,-15.7902,-0.585266,11.9429,0.0208966,1.50755,-0.162678,
-0.643507,-15.7734,-0.595428,11.9732,0.0210032,1.50667,-0.164159,
-0.651304,-15.7568,-0.60552,12.0035,0.0211241,1.50581,-0.165656,
-0.659072,-15.7403,-0.615545,12.0337,0.0212604,1.50495,-0.167166,
-0.666809,-15.7239,-0.625501,12.0637,0.0214127,1.50409,-0.168687,
-0.674516,-15.7076,-0.635389,12.0937,0.021581,1.50324,-0.170219,
-0.682191,-15.6914,-0.645209,12.1235,0.0217654,1.50239,-0.171759,
-0.689836,-15.6754,-0.654964,12.1533,0.0219654,1.50154,-0.173307,
-0.697449,-15.6595,-0.664652,12.1829,0.0221805,1.50069,-0.174862,
-0.70503,-15.6437,-0.674274,12.2124,0.0224101,1.49984,-0.176423,
-0.712579,-15.6281,-0.683832,12.2418,0.0226536,1.499,-0.177989,
-0.720095,-15.6125,-0.693326,12.2711,0.0229104,1.49815,-0.17956,
-0.727578,-15.5971,-0.702756,12.3003,0.0231799,1.49731,-0.181136,
-0.735027,-15.5818,-0.712124,12.3294,0.0234615,1.49646,-0.182715,
-0.742443,-15.5667,-0.721428,12.3584,0.0237548,1.49562,-0.184297,
-0.749826,-15.5516,-0.730671,12.3873,0.0240592,1.49478,-0.185882,
-0.757174,-15.5367,-0.739853,12.4161,0.0243745,1.49394,-0.18747,
-0.764489,-15.5219,-0.748973,12.4448,0.0247004,1.49311,-0.18906,
-0.77177,-15.5072,-0.758032,12.4734,0.0250364,1.49227,-0.190652,
-0.779016,-15.4926,-0.767031,12.5019,0.0253825,1.49144,-0.192246,
-0.786228,-15.4781,-0.775969,12.5303,0.0257383,1.49061,-0.193841,
-0.793406,-15.4638,-0.784848,12.5585,0.0261038,1.48978,-0.195438,
-0.800549,-15.4496,-0.793667,12.5867,0.0264787,1.48895,-0.197036,
-0.807659,-15.4355,-0.802427,12.6148,0.0268629,1.48812,-0.198634,
-0.814733,-15.4215,-0.811127,12.6428,0.0272562,1.4873,-0.200234,
-0.821774,-15.4076,-0.819769,12.6707,0.0276586,1.48648,-0.201834,
-0.82878,-15.3938,-0.828352,12.6985,0.0280699,1.48566,-0.203435,
-0.835752,-15.3802,-0.836876,12.7262,0.02849,1.48484,-0.205036,
-0.84269,-15.3666,-0.845342,12.7538,0.0289187,1.48402,-0.206637,
-0.849593,-15.3532,-0.85375,12.7813,0.0293561,1.48321,-0.208238,
-0.856462,-15.3399,-0.8621,12.8087,0.0298019,1.4824,-0.20984,
-0.863297,-15.3267,-0.870393,12.836,0.0302561,1.48159,-0.211442,
-0.870098,-15.3136,-0.878628,12.8632,0.0307185,1.48078,-0.213043,
-0.876864,-15.3007,-0.886806,12.8903,0.0311891,1.47997,-0.214645,
-0.883597,-15.2878,-0.894927,12.9174,0.0316679,1.47917,-0.216246,
-0.890295,-15.275,-0.902991,12.9443,0.0321546,1.47836,-0.217847,
-0.89696,-15.2624,-0.910998,12.9711,0.0326492,1.47756,-0.219448,
-0.90359,-15.2499,-0.918949,12.9979,0.0331516,1.47676,-0.221048,
-0.910187,-15.2374,-0.926844,13.0245,0.0336617,1.47596,-0.222647,
-0.91675,-15.2251,-0.934683,13.0511,0.0341795,1.47517,-0.224247,
-0.923279,-15.2129,-0.942465,13.0776,0.0347048,1.47437,-0.225845,
-0.929774,-15.2008,-0.950193,13.1039,0.0352376,1.47358,-0.227443,
-0.936235,-15.1888,-0.957864,13.1302,0.0357777,1.47279,-0.22904,
-0.942663,-15.1769,-0.965481,13.1564,0.0363252,1.472,-0.230637,
-0.949058,-15.1651,-0.973042,13.1825,0.0368798,1.47122,-0.232232,
-0.955418,-15.1534,-0.980549,13.2085,0.0374416,1.47043,-0.233827,
-0.961746,-15.1419,-0.988001,13.2345,0.0380105,1.46965,-0.235421,
-0.96804,-15.1304,-0.995398,13.2603,0.0385863,1.46887,-0.237014,
-0.974301,-15.119,-1.00274,13.286,0.039169,1.46809,-0.238606,
-0.980528,-15.1078,-1.01003,13.3117,0.0397585,1.46731,-0.240196,
-0.986722,-15.0966,-1.01726,13.3373,0.0403548,1.46653,-0.241786,
-0.992883,-15.0856,-1.02445,13.3628,0.0409577,1.46576,-0.243374,
-0.999012,-15.0746,-1.03157,13.3882,0.0415672,1.46498,-0.244962,
-1.00511,-15.0638,-1.03865,13.4135,0.0421832,1.46421,-0.246547,
-1.01117,-15.053,-1.04567,13.4387,0.0428056,1.46344,-0.248132,
-1.0172,-15.0424,-1.05264,13.4638,0.0434344,1.46267,-0.249715,
-1.02319,-15.0318,-1.05955,13.4889,0.0440694,1.46191,-0.251297,
-1.02916,-15.0214,-1.06642,13.5139,0.0447106,1.46114,-0.252878,
-1.03509,-15.011,-1.07323,13.5387,0.0453579,1.46038,-0.254456,
-1.04099,-15.0008,-1.07999,13.5635,0.0460113,1.45962,-0.256034,
-1.04685,-14.9906,-1.08669,13.5883,0.0466706,1.45886,-0.257609,
-1.05269,-14.9806,-1.09335,13.6129,0.0473358,1.4581,-0.259183,
-1.05849,-14.9706,-1.09995,13.6374,0.0480068,1.45735,-0.260756,
-1.06426,-14.9607,-1.1065,13.6619,0.0486836,1.45659,-0.262326,
-1.06999,-14.951,-1.113,13.6863,0.049366,1.45584,-0.263895,
-1.0757,-14.9413,-1.11945,13.7106,0.050054,1.45509,-0.265462,
-1.08137,-14.9318,-1.12585,13.7348,0.0507476,1.45434,-0.267028,
-1.08701,-14.9223,-1.1322,13.759,0.0514465,1.45359,-0.268591,
-1.09262,-14.9129,-1.1385,13.783,0.0521509,1.45284,-0.270152,
-1.0982,-14.9036,-1.14475,13.807,0.0528605,1.4521,-0.271711,
-1.10374,-14.8944,-1.15094,13.8309,0.0535754,1.45136,-0.273269,
-1.10926,-14.8853,-1.15709,13.8547,0.0542954,1.45062,-0.274824,
-1.11474,-14.8763,-1.16319,13.8785,0.0550205,1.44988,-0.276377,
-1.12019,-14.8674,-1.16924,13.9021,0.0557505,1.44914,-0.277928,
-1.12561,-14.8586,-1.17524,13.9257,0.0564856,1.4484,-0.279476,
-1.131,-14.8499,-1.18119,13.9492,0.0572255,1.44767,-0.281023,
-1.13635,-14.8413,-1.18709,13.9726,0.0579701,1.44693,-0.282567,
-1.14168,-14.8327,-1.19294,13.996,0.0587195,1.4462,-0.284109,
-1.14697,-14.8243,-1.19875,14.0193,0.0594736,1.44547,-0.285648,
-1.15223,-14.8159,-1.2045,14.0425,0.0602322,1.44474,-0.287185,
-1.15746,-14.8077,-1.21021,14.0656,0.0609954,1.44402,-0.28872,
-1.16267,-14.7995,-1.21587,14.0886,0.061763,1.44329,-0.290252,
-1.16784,-14.7914,-1.22149,14.1116,0.062535,1.44257,-0.291781,
-1.17298,-14.7834,-1.22705,14.1345,0.0633113,1.44185,-0.293308,
-1.17808,-14.7755,-1.23257,14.1573,0.0640918,1.44113,-0.294833,
-1.18316,-14.7677,-1.23804,14.18,0.0648765,1.44041,-0.296354,
-1.18821,-14.76,-1.24346,14.2027,0.0656653,1.43969,-0.297874,
-1.19323,-14.7523,-1.24884,14.2253,0.0664581,1.43898,-0.29939,
-1.19822,-14.7448,-1.25417,14.2478,0.0672549,1.43826,-0.300903,
-1.20317,-14.7373,-1.25946,14.2703,0.0680557,1.43755,-0.302414,
-1.2081,-14.7299,-1.2647,14.2926,0.0688602,1.43684,-0.303922,
-1.213,-14.7226,-1.26989,14.3149,0.0696685,1.43613,-0.305427,
-1.21786,-14.7154,-1.27504,14.3372,0.0704806,1.43542,-0.306929,
-1.2227,-14.7083,-1.28014,14.3593,0.0712963,1.43471,-0.308429,
-1.22751,-14.7012,-1.28519,14.3814,0.0721155,1.43401,-0.309925,
-1.23229,-14.6943,-1.2902,14.4034,0.0729383,1.4333,-0.311418,
-1.23703,-14.6874,-1.29517,14.4254,0.0737645,1.4326,-0.312908,
-1.24175,-14.6806,-1.30009,14.4472,0.0745941,1.4319,-0.314396,
-1.24644,-14.6739,-1.30497,14.469,0.0754271,1.4312,-0.31588,
-1.2511,-14.6673,-1.3098,14.4908,0.0762633,1.43051,-0.31736,
-1.25573,-14.6608,-1.31459,14.5124,0.0771027,1.42981,-0.318838,
-1.26033,-14.6543,-1.31934,14.534,0.0779452,1.42912,-0.320313,
-1.2649,-14.6479,-1.32404,14.5555,0.0787908,1.42842,-0.321784,
-1.26945,-14.6416,-1.32869,14.577,0.0796394,1.42773,-0.323252,
-1.27396,-14.6354,-1.33331,14.5984,0.080491,1.42704,-0.324716,
-1.27845,-14.6293,-1.33788,14.6197,0.0813455,1.42635,-0.326178,
-1.2829,-14.6233,-1.34241,14.6409,0.0822028,1.42567,-0.327636,
-1.28733,-14.6173,-1.34689,14.6621,0.0830629,1.42498,-0.32909,
-1.29173,-14.6114,-1.35133,14.6832,0.0839257,1.4243,-0.330541,
-1.2961,-14.6056,-1.35573,14.7043,0.0847912,1.42361,-0.331989,
-1.30045,-14.5999,-1.36009,14.7252,0.0856592,1.42293,-0.333433,
-1.30476,-14.5942,-1.36441,14.7461,0.0865298,1.42225,-0.334874,
-1.30905,-14.5886,-1.36868,14.767,0.0874029,1.42158,-0.336311,
-1.31331,-14.5831,-1.37291,14.7878,0.0882784,1.4209,-0.337744,
-1.31754,-14.5777,-1.37711,14.8085,0.0891563,1.42022,-0.339174,
-1.32174,-14.5724,-1.38126,14.8291,0.0900365,1.41955,-0.3406,
-1.32591,-14.5671,-1.38537,14.8497,0.090919,1.41888,-0.342023,
-1.33006,-14.5619,-1.38943,14.8702,0.0918036,1.41821,-0.343442,
-1.33418,-14.5568,-1.39346,14.8907,0.0926904,1.41754,-0.344857,
-1.33827,-14.5518,-1.39745,14.9111,0.0935793,1.41687,-0.346268,
-1.34234,-14.5468,-1.40139,14.9314,0.0944702,1.4162,-0.347676,
-1.34637,-14.5419,-1.4053,14.9516,0.0953632,1.41554,-0.34908,
-1.35038,-14.5371,-1.40917,14.9718,0.096258,1.41487,-0.35048,
-1.35437,-14.5324,-1.413,14.992,0.0971547,1.41421,-0.351876,
-1.35832,-14.5277,-1.41678,15.0121,0.0980533,1.41355,-0.353268,
-1.36225,-14.5231,-1.42053,15.0321,0.0989536,1.41289,-0.354657,
-1.36615,-14.5186,-1.42424,15.052,0.0998556,1.41223,-0.356041,
-1.37003,-14.5142,-1.42791,15.0719,0.100759,1.41158,-0.357422,
-1.37387,-14.5098,-1.43154,15.0917,0.101665,1.41092,-0.358798,
-1.3777,-14.5055,-1.43514,15.1115,0.102572,1.41027,-0.360171,
-1.38149,-14.5013,-1.43869,15.1312,0.10348,1.40961,-0.361539,
-1.38526,-14.4971,-1.44221,15.1508,0.10439,1.40896,-0.362904,
-1.389,-14.4931,-1.44569,15.1704,0.105301,1.40831,-0.364264,
-1.39272,-14.489,-1.44913,15.1899,0.106214,1.40766,-0.36562,
-1.39641,-14.4851,-1.45253,15.2094,0.107128,1.40702,-0.366972,
-1.40007,-14.4812,-1.4559,15.2288,0.108043,1.40637,-0.368321,
-1.40371,-14.4774,-1.45922,15.2481,0.108959,1.40573,-0.369664,
-1.40732,-14.4737,-1.46252,15.2674,0.109877,1.40508,-0.371004,
-1.41091,-14.4701,-1.46577,15.2866,0.110796,1.40444,-0.37234,
-1.41447,-14.4665,-1.46899,15.3058,0.111716,1.4038,-0.373671,
-1.41801,-14.4629,-1.47217,15.3249,0.112637,1.40316,-0.374998,
-1.42151,-14.4595,-1.47531,15.3439,0.113558,1.40253,-0.376321,
-1.425,-14.4561,-1.47842,15.3629,0.114481,1.40189,-0.377639,
-1.42846,-14.4528,-1.4815,15.3818,0.115405,1.40125,-0.378954,
-1.43189,-14.4496,-1.48453,15.4007,0.116329,1.40062,-0.380263,
-1.4353,-14.4464,-1.48754,15.4195,0.117255,1.39999,-0.381569,
-1.43868,-14.4433,-1.4905,15.4383,0.118181,1.39936,-0.38287,
-1.44204,-14.4402,-1.49343,15.457,0.119108,1.39873,-0.384167,
-1.44538,-14.4372,-1.49633,15.4756,0.120035,1.3981,-0.38546,
-1.44869,-14.4343,-1.49919,15.4942,0.120963,1.39747,-0.386748,
-1.45197,-14.4315,-1.50202,15.5128,0.121892,1.39685,-0.388031,
-1.45523,-14.4287,-1.50481,15.5312,0.122821,1.39622,-0.38931,
-1.45847,-14.426,-1.50757,15.5497,0.123751,1.3956,-0.390585,
-1.46168,-14.4233,-1.51029,15.568,0.124681,1.39498,-0.391855,
-1.46487,-14.4208,-1.51298,15.5863,0.125612,1.39436,-0.393121,
-1.46803,-14.4182,-1.51564,15.6046,0.126543,1.39374,-0.394383,
-1.47117,-14.4158,-1.51826,15.6228,0.127475,1.39312,-0.395639,
-1.47428,-14.4134,-1.52085,15.641,0.128406,1.3925,-0.396892,
-1.47737,-14.4111,-1.5234,15.659,0.129338,1.39189,-0.398139,
-1.48044,-14.4088,-1.52593,15.6771,0.130271,1.39128,-0.399382,
-1.48348,-14.4066,-1.52842,15.6951,0.131203,1.39066,-0.400621,
-1.4865,-14.4044,-1.53087,15.713,0.132136,1.39005,-0.401855,
-1.4895,-14.4024,-1.5333,15.7309,0.133068,1.38944,-0.403084,
-1.49247,-14.4003,-1.53569,15.7487,0.134001,1.38883,-0.404309,
-1.49542,-14.3984,-1.53805,15.7665,0.134934,1.38823,-0.405529,
-1.49835,-14.3965,-1.54038,15.7842,0.135866,1.38762,-0.406745,
-1.50125,-14.3947,-1.54268,15.8019,0.136799,1.38701,-0.407956,
-1.50413,-14.3929,-1.54494,15.8195,0.137732,1.38641,-0.409162,
-1.50699,-14.3912,-1.54717,15.8371,0.138664,1.38581,-0.410364,
-1.50983,-14.3895,-1.54938,15.8546,0.139597,1.38521,-0.41156,
-1.51264,-14.3879,-1.55155,15.8721,0.140529,1.38461,-0.412753,
-1.51543,-14.3864,-1.55369,15.8895,0.141461,1.38401,-0.41394,
-1.51819,-14.3849,-1.5558,15.9068,0.142393,1.38341,-0.415123,
-1.52094,-14.3835,-1.55787,15.9241,0.143324,1.38282,-0.416301,
-1.52366,-14.3822,-1.55992,15.9414,0.144255,1.38222,-0.417474,
-1.52636,-14.3809,-1.56194,15.9586,0.145186,1.38163,-0.418643,
-1.52904,-14.3797,-1.56393,15.9758,0.146117,1.38103,-0.419807,
-1.53169,-14.3785,-1.56588,15.9929,0.147047,1.38044,-0.420966,
-1.53433,-14.3774,-1.56781,16.01,0.147976,1.37985,-0.42212,
-1.53694,-14.3763,-1.56971,16.027,0.148905,1.37926,-0.423269,
-1.53953,-14.3753,-1.57158,16.0439,0.149834,1.37868,-0.424414,
-1.5421,-14.3743,-1.57342,16.0608,0.150762,1.37809,-0.425554,
-1.54464,-14.3735,-1.57523,16.0777,0.15169,1.37751,-0.426689,
-1.54717,-14.3726,-1.57701,16.0945,0.152616,1.37692,-0.427819,
-1.54967,-14.3718,-1.57876,16.1113,0.153543,1.37634,-0.428945,
-1.55215,-14.3711,-1.58049,16.128,0.154468,1.37576,-0.430065,
-1.55461,-14.3705,-1.58218,16.1447,0.155393,1.37518,-0.431181,
-1.55705,-14.3699,-1.58385,16.1613,0.156317,1.3746,-0.432292,
-1.55947,-14.3693,-1.58549,16.1779,0.157241,1.37402,-0.433398,
-1.56187,-14.3688,-1.5871,16.1944,0.158164,1.37344,-0.4345,
-1.56424,-14.3684,-1.58869,16.2109,0.159085,1.37287,-0.435596,
-1.5666,-14.368,-1.59024,16.2274,0.160006,1.37229,-0.436688,
-1.56893,-14.3676,-1.59177,16.2438,0.160927,1.37172,-0.437774,
-1.57125,-14.3673,-1.59327,16.2601,0.161846,1.37115,-0.438856,
-1.57354,-14.3671,-1.59475,16.2764,0.162764,1.37058,-0.439933,
-1.57582,-14.3669,-1.59619,16.2927,0.163682,1.37001,-0.441005,
-1.57807,-14.3668,-1.59761,16.3089,0.164598,1.36944,-0.442073,
-1.5803,-14.3668,-1.59901,16.325,0.165514,1.36887,-0.443135,
-1.58251,-14.3667,-1.60037,16.3412,0.166428,1.36831,-0.444192,
-1.58471,-14.3668,-1.60171,16.3572,0.167342,1.36774,-0.445245,
-1.58688,-14.3669,-1.60303,16.3733,0.168254,1.36718,-0.446293,
-1.58903,-14.367,-1.60432,16.3892,0.169165,1.36662,-0.447335,
-1.59116,-14.3672,-1.60558,16.4052,0.170075,1.36606,-0.448373,
-1.59328,-14.3675,-1.60682,16.4211,0.170984,1.3655,-0.449406,
-1.59537,-14.3677,-1.60803,16.4369,0.171892,1.36494,-0.450434,
-1.59744,-14.3681,-1.60921,16.4527,0.172799,1.36438,-0.451458,
-1.5995,-14.3685,-1.61037,16.4685,0.173704,1.36382,-0.452476,
-1.60153,-14.3689,-1.61151,16.4842,0.174609,1.36327,-0.453489,
-1.60355,-14.3694,-1.61262,16.4999,0.175512,1.36271,-0.454498,
-1.60555,-14.37,-1.61371,16.5155,0.176413,1.36216,-0.455501,
-1.60752,-14.3706,-1.61477,16.5311,0.177314,1.36161,-0.4565,
-1.60948,-14.3712,-1.6158,16.5467,0.178213,1.36106,-0.457493,
-1.61142,-14.3719,-1.61682,16.5622,0.179111,1.36051,-0.458482,
-1.61334,-14.3727,-1.6178,16.5776,0.180007,1.35996,-0.459466,
-1.61524,-14.3735,-1.61877,16.593,0.180902,1.35941,-0.460445,
-1.61713,-14.3743,-1.61971,16.6084,0.181796,1.35886,-0.461419,
-1.61899,-14.3752,-1.62062,16.6237,0.182688,1.35832,-0.462388,
-1.62084,-14.3762,-1.62152,16.639,0.183579,1.35778,-0.463352,
-1.62267,-14.3772,-1.62238,16.6543,0.184468,1.35723,-0.464312,
-1.62448,-14.3782,-1.62323,16.6695,0.185356,1.35669,-0.465266,
-1.62627,-14.3793,-1.62405,16.6847,0.186242,1.35615,-0.466216,
-1.62804,-14.3804,-1.62485,16.6998,0.187127,1.35561,-0.46716,
-1.6298,-14.3816,-1.62563,16.7149,0.18801,1.35507,-0.4681,
-1.63153,-14.3828,-1.62638,16.7299,0.188892,1.35453,-0.469034,
-1.63325,-14.3841,-1.62711,16.7449,0.189772,1.354,-0.469964,
-1.63495,-14.3854,-1.62782,16.7599,0.190651,1.35346,-0.470889,
-1.63664,-14.3868,-1.62851,16.7748,0.191528,1.35293,-0.471809,
-1.63831,-14.3882,-1.62917,16.7897,0.192403,1.3524,-0.472724,
-1.63995,-14.3897,-1.62982,16.8046,0.193277,1.35186,-0.473635,
-1.64159,-14.3912,-1.63044,16.8194,0.194149,1.35133,-0.47454,
-1.6432,-14.3927,-1.63104,16.8341,0.195019,1.3508,-0.475441,
-1.6448,-14.3943,-1.63161,16.8489,0.195888,1.35027,-0.476336,
-1.64637,-14.3959,-1.63217,16.8636,0.196755,1.34975,-0.477227,
-1.64794,-14.3976,-1.6327,16.8782,0.19762,1.34922,-0.478113,
-1.64948,-14.3994,-1.63322,16.8928,0.198484,1.34869,-0.478994,
-1.65101,-14.4011,-1.63371,16.9074,0.199346,1.34817,-0.47987,
-1.65252,-14.4029,-1.63418,16.9219,0.200206,1.34765,-0.480741,
-1.65402,-14.4048,-1.63463,16.9364,0.201064,1.34712,-0.481607,
-1.65549,-14.4067,-1.63506,16.9509,0.201921,1.3466,-0.482469,
-1.65696,-14.4087,-1.63547,16.9653,0.202775,1.34608,-0.483325,
-1.6584,-14.4107,-1.63586,16.9797,0.203628,1.34556,-0.484177,
-1.65983,-14.4127,-1.63623,16.994,0.204479,1.34505,-0.485024,
-1.66124,-14.4148,-1.63657,17.0084,0.205328,1.34453,-0.485866,
-1.66264,-14.4169,-1.6369,17.0226,0.206176,1.34401,-0.486704,
-1.66402,-14.419,-1.63721,17.0369,0.207021,1.3435,-0.487536,
-1.66538,-14.4213,-1.6375,17.0511,0.207865,1.34298,-0.488364,
-1.66673,-14.4235,-1.63777,17.0652,0.208707,1.34247,-0.489186,
-1.66806,-14.4258,-1.63802,17.0793,0.209546,1.34196,-0.490004,
-1.66937,-14.4281,-1.63825,17.0934,0.210384,1.34145,-0.490818,
-1.67067,-14.4305,-1.63846,17.1075,0.21122,1.34094,-0.491626,
-1.67196,-14.4329,-1.63865,17.1215,0.212054,1.34043,-0.49243,
-1.67323,-14.4354,-1.63883,17.1355,0.212886,1.33992,-0.493228,
-1.67448,-14.4379,-1.63898,17.1494,0.213716,1.33942,-0.494022,
-1.67572,-14.4404,-1.63912,17.1633,0.214545,1.33891,-0.494812,
-1.67694,-14.443,-1.63923,17.1772,0.215371,1.33841,-0.495596,
-1.67815,-14.4456,-1.63933,17.191,0.216195,1.3379,-0.496376,
-1.67934,-14.4483,-1.63941,17.2048,0.217017,1.3374,-0.497151,
-1.68051,-14.4509,-1.63948,17.2186,0.217837,1.3369,-0.497921,
-1.68167,-14.4537,-1.63952,17.2323,0.218655,1.3364,-0.498687,
-1.68282,-14.4565,-1.63955,17.246,0.219471,1.3359,-0.499447,
-1.68395,-14.4593,-1.63955,17.2597,0.220285,1.3354,-0.500203,
-1.68507,-14.4621,-1.63954,17.2733,0.221097,1.33491,-0.500955,
-1.68617,-14.465,-1.63952,17.2869,0.221907,1.33441,-0.501701,
-1.68726,-14.468,-1.63947,17.3005,0.222715,1.33391,-0.502443,
-1.68833,-14.4709,-1.63941,17.314,0.223521,1.33342,-0.50318,
-1.68939,-14.4739,-1.63933,17.3275,0.224325,1.33293,-0.503913,
-1.69043,-14.477,-1.63924,17.3409,0.225126,1.33243,-0.504641,
-1.69146,-14.4801,-1.63912,17.3544,0.225926,1.33194,-0.505364,
-1.69247,-14.4832,-1.63899,17.3678,0.226723,1.33145,-0.506083,
-1.69347,-14.4864,-1.63885,17.3811,0.227518,1.33096,-0.506796,
-1.69446,-14.4896,-1.63868,17.3944,0.228312,1.33048,-0.507506,
-1.69543,-14.4928,-1.6385,17.4077,0.229103,1.32999,-0.50821,
-1.69639,-14.4961,-1.63831,17.421,0.229892,1.3295,-0.50891,
-1.69734,-14.4994,-1.6381,17.4342,0.230678,1.32902,-0.509606,
-1.69827,-14.5027,-1.63787,17.4474,0.231463,1.32853,-0.510296,
-1.69918,-14.5061,-1.63762,17.4606,0.232245,1.32805,-0.510983,
-1.70009,-14.5095,-1.63736,17.4737,0.233026,1.32757,-0.511664,
-1.70097,-14.513,-1.63709,17.4868,0.233804,1.32709,-0.512341,
-1.70185,-14.5165,-1.63679,17.4999,0.23458,1.3266,-0.513014,
-1.70271,-14.52,-1.63649,17.5129,0.235353,1.32613,-0.513681,
-1.70356,-14.5236,-1.63616,17.5259,0.236125,1.32565,-0.514345,
-1.7044,-14.5272,-1.63583,17.5389,0.236894,1.32517,-0.515004,
-1.70522,-14.5308,-1.63547,17.5518,0.237662,1.32469,-0.515658,
-1.70603,-14.5345,-1.6351,17.5647,0.238427,1.32422,-0.516308,
-1.70682,-14.5382,-1.63472,17.5776,0.239189,1.32374,-0.516953,
-1.70761,-14.542,-1.63432,17.5904,0.23995,1.32327,-0.517593,
-1.70838,-14.5457,-1.63391,17.6032,0.240708,1.3228,-0.51823,
-1.70913,-14.5495,-1.63348,17.616,0.241464,1.32232,-0.518861,
-1.70988,-14.5534,-1.63304,17.6288,0.242218,1.32185,-0.519489,
-1.71061,-14.5573,-1.63258,17.6415,0.24297,1.32138,-0.520112,
-1.71133,-14.5612,-1.63211,17.6542,0.243719,1.32091,-0.52073,
-1.71203,-14.5651,-1.63162,17.6669,0.244467,1.32045,-0.521344,
-1.71273,-14.5691,-1.63112,17.6795,0.245212,1.31998,-0.521953,
-1.71341,-14.5731,-1.63061,17.6921,0.245954,1.31951,-0.522558,
-1.71408,-14.5772,-1.63008,17.7047,0.246695,1.31905,-0.523159,
-1.71473,-14.5813,-1.62954,17.7172,0.247433,1.31858,-0.523755,
-1.71538,-14.5854,-1.62898,17.7297,0.248169,1.31812,-0.524347,
-1.71601,-14.5895,-1.62841,17.7422,0.248903,1.31766,-0.524935,
-1.71663,-14.5937,-1.62783,17.7546,0.249634,1.3172,-0.525518,
-1.71724,-14.5979,-1.62723,17.7671,0.250363,1.31674,-0.526097,
-1.71783,-14.6022,-1.62662,17.7795,0.25109,1.31628,-0.526672,
-1.71842,-14.6064,-1.626,17.7918,0.251815,1.31582,-0.527242,
-1.71899,-14.6107,-1.62536,17.8042,0.252538,1.31536,-0.527808,
-1.71955,-14.6151,-1.62471,17.8165,0.253258,1.3149,-0.528369,
-1.7201,-14.6195,-1.62405,17.8288,0.253976,1.31445,-0.528926,
-1.72063,-14.6239,-1.62337,17.841,0.254691,1.31399,-0.529479,
-1.72116,-14.6283,-1.62269,17.8532,0.255404,1.31354,-0.530028,
-1.72167,-14.6328,-1.62199,17.8654,0.256116,1.31309,-0.530573,
-1.72217,-14.6373,-1.62127,17.8776,0.256824,1.31263,-0.531113,
-1.72267,-14.6418,-1.62055,17.8897,0.257531,1.31218,-0.531649,
-1.72314,-14.6464,-1.61981,17.9018,0.258235,1.31173,-0.532181,
-1.72361,-14.651,-1.61906,17.9139,0.258937,1.31128,-0.532708,
-1.72407,-14.6556,-1.6183,17.926,0.259637,1.31083,-0.533231,
-1.72452,-14.6602,-1.61752,17.938,0.260334,1.31038,-0.533751,
-1.72495,-14.6649,-1.61674,17.95,0.261029,1.30994,-0.534266,
-1.72537,-14.6696,-1.61594,17.962,0.261722,1.30949,-0.534776,
-1.72579,-14.6744,-1.61513,17.9739,0.262412,1.30905,-0.535283,
-1.72619,-14.6792,-1.6143,17.9858,0.263101,1.3086,-0.535786,
-1.72658,-14.684,-1.61347,17.9977,0.263787,1.30816,-0.536284,
-1.72696,-14.6888,-1.61263,18.0096,0.26447,1.30772,-0.536778,
-1.72733,-14.6937,-1.61177,18.0214,0.265152,1.30728,-0.537269,
-1.72769,-14.6986,-1.6109,18.0333,0.265831,1.30683,-0.537755,
-1.72804,-14.7035,-1.61002,18.045,0.266507,1.30639,-0.538237,
-1.72838,-14.7084,-1.60913,18.0568,0.267182,1.30596,-0.538715,
-1.7287,-14.7134,-1.60823,18.0685,0.267854,1.30552,-0.539189,
-1.72902,-14.7184,-1.60732,18.0802,0.268524,1.30508,-0.539659,
-1.72933,-14.7235,-1.60639,18.0919,0.269192,1.30464,-0.540125,
-1.72963,-14.7285,-1.60546,18.1036,0.269857,1.30421,-0.540587,
-1.72991,-14.7336,-1.60452,18.1152,0.27052,1.30377,-0.541044,
-1.73019,-14.7387,-1.60356,18.1268,0.271181,1.30334,-0.541498,
-1.73045,-14.7439,-1.60259,18.1384,0.27184,1.30291,-0.541948,
-1.73071,-14.7491,-1.60162,18.1499,0.272496,1.30247,-0.542394,
-1.73096,-14.7543,-1.60063,18.1615,0.27315,1.30204,-0.542836,
-1.73119,-14.7595,-1.59963,18.173,0.273802,1.30161,-0.543274,
-1.73142,-14.7648,-1.59863,18.1845,0.274451,1.30118,-0.543709,
-1.73164,-14.7701,-1.59761,18.1959,0.275098,1.30075,-0.544139,
-1.73185,-14.7754,-1.59658,18.2073,0.275743,1.30033,-0.544565,
-1.73204,-14.7807,-1.59554,18.2187,0.276386,1.2999,-0.544988,
-1.73223,-14.7861,-1.59449,18.2301,0.277026,1.29947,-0.545406,
-1.73241,-14.7915,-1.59344,18.2415,0.277664,1.29905,-0.545821,
-1.73258,-14.7969,-1.59237,18.2528,0.2783,1.29862,-0.546232,
-1.73274,-14.8024,-1.59129,18.2641,0.278934,1.2982,-0.546639,
-1.73289,-14.8078,-1.59021,18.2754,0.279565,1.29778,-0.547042,
-1.73303,-14.8133,-1.58911,18.2866,0.280194,1.29736,-0.547442,
-1.73316,-14.8189,-1.58801,18.2979,0.280821,1.29693,-0.547837,
-1.73329,-14.8244,-1.58689,18.3091,0.281445,1.29651,-0.548229,
-1.7334,-14.83,-1.58577,18.3203,0.282068,1.29609,-0.548618,
-1.7335,-14.8356,-1.58463,18.3314,0.282688,1.29568,-0.549002,
-1.7336,-14.8413,-1.58349,18.3426,0.283305,1.29526,-0.549383,
-1.73369,-14.8469,-1.58234,18.3537,0.283921,1.29484,-0.54976,
-1.73376,-14.8526,-1.58118,18.3648,0.284534,1.29443,-0.550133,
-1.73383,-14.8583,-1.58001,18.3758,0.285145,1.29401,-0.550502,
-1.73389,-14.864,-1.57884,18.3869,0.285754,1.2936,-0.550868,
-1.73394,-14.8698,-1.57765,18.3979,0.286361,1.29318,-0.55123,
-1.73399,-14.8756,-1.57645,18.4089,0.286965,1.29277,-0.551589,
-1.73402,-14.8814,-1.57525,18.4199,0.287567,1.29236,-0.551944,
-1.73405,-14.8872,-1.57404,18.4308,0.288167,1.29194,-0.552295,
-1.73406,-14.8931,-1.57282,18.4418,0.288765,1.29153,-0.552642,
-1.73407,-14.899,-1.57159,18.4527,0.28936,1.29112,-0.552986,
-1.73407,-14.9049,-1.57035,18.4635,0.289954,1.29072,-0.553327,
-1.73406,-14.9108,-1.56911,18.4744,0.290545,1.29031,-0.553664,
-1.73405,-14.9168,-1.56785,18.4852,0.291134,1.2899,-0.553997,
-1.73402,-14.9227,-1.56659,18.4961,0.29172,1.28949,-0.554327,
-1.73399,-14.9287,-1.56532,18.5069,0.292305,1.28909,-0.554653,
-1.73395,-14.9348,-1.56405,18.5176,0.292887,1.28868,-0.554976,
-1.7339,-14.9408,-1.56276,18.5284,0.293467,1.28828,-0.555295,
-1.73384,-14.9469,-1.56147,18.5391,0.294045,1.28788,-0.55561,
-1.73378,-14.953,-1.56017,18.5498,0.294621,1.28747,-0.555923,
-1.73371,-14.9591,-1.55886,18.5605,0.295194,1.28707,-0.556231,
-1.73363,-14.9653,-1.55754,18.5712,0.295766,1.28667,-0.556537,
-1.73354,-14.9714,-1.55622,18.5818,0.296335,1.28627,-0.556838,
-1.7323,-14.9763,-1.55601,18.5929,0.297795,1.29042,-0.552722,
-1.73032,-14.9804,-1.55682,18.6043,0.29959,1.29788,-0.545708,
-1.72788,-14.9838,-1.55841,18.6159,0.301331,1.30741,-0.537066,
-1.72521,-14.9871,-1.56056,18.6276,0.302827,1.31797,-0.527749,
-1.7225,-14.9903,-1.56303,18.6395,0.304023,1.32873,-0.518415,
-1.7199,-14.9936,-1.56565,18.6514,0.304939,1.33913,-0.509486,
-1.71751,-14.9972,-1.56828,18.6633,0.305635,1.34877,-0.501202,
-1.71537,-15.001,-1.57081,18.6752,0.306183,1.35746,-0.493668,
-1.71352,-15.0051,-1.5732,18.6871,0.30665,1.36513,-0.486899,
-1.71195,-15.0095,-1.57541,18.699,0.307089,1.3718,-0.480851,
-1.71064,-15.0141,-1.57743,18.7109,0.30754,1.37758,-0.475444,
-1.70958,-15.0189,-1.57929,18.7228,0.308028,1.38259,-0.470579,
-1.70871,-15.0239,-1.58101,18.7347,0.308565,1.38699,-0.466156,
-1.70802,-15.029,-1.58261,18.7465,0.309155,1.39093,-0.462074,
-1.70747,-15.0342,-1.58412,18.7584,0.309795,1.39456,-0.458243,
-1.70702,-15.0395,-1.5856,18.7703,0.310477,1.398,-0.454582,
-1.70665,-15.0448,-1.58705,18.7822,0.311196,1.40137,-0.451023,
-1.70634,-15.0502,-1.5885,18.7941,0.311941,1.40476,-0.447511,
-1.70606,-15.0555,-1.58999,18.8061,0.312706,1.40822,-0.444001,
-1.70582,-15.0608,-1.59151,18.818,0.313503,1.41178,-0.440457,
-1.70562,-15.0661,-1.59305,18.83,0.314377,1.41536,-0.436844,
-1.70546,-15.0714,-1.59461,18.8421,0.315359,1.41892,-0.433144,
-1.70536,-15.0767,-1.59617,18.8541,0.316467,1.42243,-0.429352,
-1.70532,-15.0821,-1.59774,18.8662,0.317702,1.42586,-0.425467,
-1.70533,-15.0875,-1.59932,18.8783,0.319063,1.42923,-0.421498,
-1.70541,-15.0929,-1.60091,18.8904,0.32054,1.43251,-0.417457,
-1.70555,-15.0983,-1.60251,18.9025,0.322122,1.43571,-0.413355,
-1.70576,-15.1037,-1.60413,18.9147,0.3238,1.43882,-0.409213,
-1.70604,-15.1092,-1.60576,18.9269,0.325567,1.44181,-0.405061,
-1.7064,-15.1147,-1.60738,18.9391,0.327421,1.44462,-0.400932,
-1.70686,-15.1203,-1.60899,18.9513,0.329361,1.44725,-0.396847,
-1.70741,-15.1259,-1.61058,18.9635,0.331384,1.44966,-0.392825,
-1.70806,-15.1316,-1.61216,18.9758,0.333488,1.45185,-0.388875,
-1.70881,-15.1373,-1.61371,18.988,0.335669,1.45383,-0.385005,
-1.70967,-15.143,-1.61524,19.0003,0.337925,1.45559,-0.381219,
-1.71062,-15.1488,-1.61675,19.0125,0.340252,1.45714,-0.37752,
-1.71167,-15.1546,-1.61824,19.0248,0.342646,1.4585,-0.373908,
-1.71281,-15.1605,-1.61971,19.0371,0.345104,1.45965,-0.370386,
-1.71405,-15.1664,-1.62116,19.0494,0.347621,1.46062,-0.366952,
-1.71538,-15.1723,-1.62259,19.0616,0.350194,1.46142,-0.363609,
-1.7168,-15.1783,-1.62401,19.0739,0.352817,1.46204,-0.360358,
-1.71831,-15.1842,-1.62541,19.0862,0.355487,1.46249,-0.3572,
-1.71991,-15.1903,-1.62679,19.0985,0.358198,1.46278,-0.354138,
-1.72159,-15.1963,-1.62817,19.1108,0.360946,1.46292,-0.351174,
-1.72335,-15.2024,-1.62953,19.1231,0.363723,1.46291,-0.34831,
-1.72519,-15.2084,-1.63089,19.1354,0.366526,1.46275,-0.345549,
-1.72712,-15.2145,-1.63223,19.1477,0.369346,1.46246,-0.342896,
-1.72911,-15.2207,-1.63356,19.16,0.372175,1.46204,-0.340355,
-1.73118,-15.2268,-1.63489,19.1723,0.375007,1.46151,-0.33793,
-1.73331,-15.233,-1.63622,19.1846,0.377831,1.46086,-0.335626,
-1.73552,-15.2391,-1.63754,19.1968,0.38064,1.46011,-0.333445,
-1.73778,-15.2453,-1.63886,19.2091,0.383426,1.45928,-0.33139,
-1.7401,-15.2515,-1.64018,19.2214,0.386183,1.45836,-0.329463,
-1.74248,-15.2577,-1.64151,19.2336,0.388905,1.45738,-0.327662,
-1.7449,-15.264,-1.64283,19.2459,0.391587,1.45634,-0.325989,
-1.74737,-15.2702,-1.64417,19.2581,0.394224,1.45525,-0.324439,
-1.74989,-15.2764,-1.6455,19.2703,0.396813,1.45412,-0.323012,
-1.75244,-15.2826,-1.64685,19.2825,0.399352,1.45296,-0.321704,
-1.75503,-15.2889,-1.6482,19.2947,0.401837,1.45178,-0.32051,
-1.75765,-15.2951,-1.64956,19.3068,0.404268,1.45058,-0.319427,
-1.7603,-15.3014,-1.65093,19.319,0.406644,1.44938,-0.318451,
-1.76297,-15.3076,-1.6523,19.3311,0.408965,1.44817,-0.317577,
-1.76567,-15.3139,-1.65368,19.3433,0.41123,1.44696,-0.316801,
-1.76839,-15.3202,-1.65507,19.3554,0.41344,1.44576,-0.316117,
-1.77112,-15.3264,-1.65647,19.3675,0.415596,1.44456,-0.315522,
-1.77383,-15.3326,-1.65795,19.3796,0.417538,1.44368,-0.315069,
-1.77651,-15.3388,-1.65949,19.3916,0.41931,1.443,-0.314735,
-1.77917,-15.345,-1.66107,19.4037,0.42096,1.44245,-0.314498,
-1.78184,-15.3511,-1.66266,19.4158,0.422534,1.44195,-0.314341,
-1.78406,-15.3567,-1.66495,19.4279,0.42257,1.44433,-0.314745,
-1.78593,-15.3619,-1.66775,19.4402,0.42153,1.4485,-0.315464,
-1.78757,-15.3669,-1.67082,19.4524,0.41991,1.45361,-0.316316,
-1.78912,-15.372,-1.67394,19.4648,0.418145,1.45889,-0.317167,
-1.79067,-15.3772,-1.67697,19.477,0.416513,1.4639,-0.317948,
-1.79229,-15.3826,-1.67982,19.4893,0.415194,1.46829,-0.318629,
-1.79402,-15.3882,-1.68243,19.5015,0.414287,1.47187,-0.319208,
-1.79589,-15.3941,-1.68477,19.5137,0.413831,1.47455,-0.319699,
-1.79804,-15.4004,-1.68664,19.5257,0.414268,1.47546,-0.319978,
-1.80045,-15.407,-1.68809,19.5377,0.415437,1.47494,-0.320145,
-1.80307,-15.4139,-1.68922,19.5496,0.417145,1.47335,-0.320277,
-1.80586,-15.421,-1.69012,19.5614,0.419216,1.47099,-0.320434,
-1.80876,-15.4282,-1.69086,19.5732,0.421504,1.46814,-0.320655,
-1.81173,-15.4355,-1.6915,19.5849,0.423892,1.46501,-0.320964,
-1.81475,-15.4427,-1.69209,19.5965,0.426294,1.46179,-0.321368,
-1.81778,-15.45,-1.69267,19.6082,0.428647,1.45862,-0.321868,
-1.82081,-15.4572,-1.69326,19.6198,0.430912,1.45559,-0.322454,
-1.82352,-15.464,-1.69435,19.6315,0.432075,1.4547,-0.323447,
-1.82595,-15.4705,-1.69582,19.6432,0.43242,1.4553,-0.324672,
-1.82819,-15.4768,-1.69753,19.655,0.432266,1.45681,-0.325993,
-1.8303,-15.483,-1.69934,19.6668,0.431881,1.45878,-0.327314,
-1.83236,-15.4892,-1.70117,19.6786,0.431464,1.46087,-0.328573,
-1.8344,-15.4955,-1.70293,19.6903,0.431155,1.46282,-0.329737,
-1.83647,-15.5019,-1.7046,19.7021,0.43104,1.46445,-0.330795,
-1.83858,-15.5085,-1.70612,19.7138,0.431165,1.46565,-0.33175,
-1.84075,-15.5151,-1.70751,19.7254,0.431544,1.46638,-0.332617,
-1.84299,-15.5219,-1.70875,19.737,0.432171,1.46664,-0.333414,
-1.8453,-15.5289,-1.70986,19.7486,0.433024,1.46643,-0.334162,
-1.84766,-15.5359,-1.71084,19.7601,0.434072,1.46583,-0.334878,
-1.85008,-15.543,-1.71171,19.7716,0.435281,1.46487,-0.335579,
-1.85254,-15.5502,-1.7125,19.7831,0.436618,1.46364,-0.336278,
-1.85504,-15.5575,-1.71321,19.7945,0.43805,1.46219,-0.336983,
-1.85757,-15.5648,-1.71386,19.8059,0.439548,1.46058,-0.3377,
-1.86011,-15.5721,-1.71447,19.8172,0.441087,1.45887,-0.338433,
-1.86266,-15.5795,-1.71504,19.8286,0.442646,1.4571,-0.339181,
-1.86521,-15.5868,-1.7156,19.8398,0.444209,1.45532,-0.339943,
-1.86776,-15.5942,-1.71614,19.8511,0.445764,1.45355,-0.340718,
-1.8703,-15.6016,-1.71668,19.8624,0.447303,1.45181,-0.341502,
-1.87282,-15.6089,-1.71722,19.8736,0.448818,1.45012,-0.342291,
-1.87533,-15.6163,-1.71776,19.8848,0.450308,1.4485,-0.343082,
-1.87782,-15.6237,-1.71831,19.896,0.451769,1.44693,-0.343873,
-1.88023,-15.6309,-1.71894,19.9072,0.453015,1.4458,-0.344733,
-1.88258,-15.6381,-1.71964,19.9184,0.454103,1.44497,-0.345628,
-1.88489,-15.6453,-1.72038,19.9295,0.455094,1.44432,-0.346529,
-1.88715,-15.6525,-1.72114,19.9407,0.456039,1.44376,-0.347418,
-1.8894,-15.6597,-1.72189,19.9518,0.456977,1.44323,-0.348285,
-1.89163,-15.6669,-1.72262,19.9629,0.457932,1.44267,-0.349123,
-1.89386,-15.6742,-1.72333,19.974,0.458919,1.44206,-0.349931,
-1.89608,-15.6814,-1.72402,19.9851,0.459946,1.44136,-0.350712,
-1.8983,-15.6887,-1.72467,19.9961,0.461015,1.44058,-0.351468,
-1.90018,-15.6956,-1.72583,20.0072,0.460936,1.44207,-0.352655,
-1.90178,-15.7022,-1.72735,20.0183,0.46006,1.44498,-0.35407,
-1.9032,-15.7086,-1.72906,20.0295,0.458765,1.44862,-0.355561,
-1.90452,-15.7151,-1.73081,20.0407,0.457355,1.45245,-0.357026,
-1.90582,-15.7217,-1.73249,20.0519,0.456047,1.45608,-0.3584,
-1.90722,-15.7285,-1.73394,20.0631,0.455202,1.45883,-0.359563,
-1.90873,-15.7356,-1.73513,20.0741,0.454834,1.46067,-0.360549,
-1.91036,-15.7428,-1.73609,20.0852,0.454903,1.46166,-0.361398,
-1.9121,-15.7503,-1.73683,20.0961,0.455352,1.46189,-0.362149,
-1.91395,-15.7579,-1.73739,20.107,0.456115,1.46146,-0.36284,
-1.91588,-15.7657,-1.7378,20.1179,0.457126,1.46049,-0.3635,
-1.91788,-15.7735,-1.73807,20.1287,0.458324,1.45909,-0.364153,
-1.91993,-15.7815,-1.73826,20.1395,0.459655,1.45739,-0.364813,
-1.92203,-15.7894,-1.73837,20.1503,0.461074,1.45547,-0.365491,
-1.92415,-15.7975,-1.73843,20.161,0.462543,1.45343,-0.366194,
-1.92628,-15.8055,-1.73845,20.1717,0.464033,1.45132,-0.366924,
-1.92841,-15.8135,-1.73845,20.1823,0.465521,1.44921,-0.367679,
-1.93055,-15.8216,-1.73845,20.193,0.466993,1.44713,-0.368456,
-1.93267,-15.8296,-1.73844,20.2036,0.468438,1.44511,-0.369248,
-1.93477,-15.8376,-1.73844,20.2142,0.469853,1.44317,-0.370049,
-1.93686,-15.8456,-1.73844,20.2248,0.471234,1.44132,-0.370853,
-1.93893,-15.8536,-1.73846,20.2354,0.472581,1.43956,-0.371654,
-1.94097,-15.8615,-1.73848,20.2459,0.473896,1.4379,-0.372447,
-1.94299,-15.8695,-1.73852,20.2565,0.475182,1.43632,-0.373227,
-1.94499,-15.8774,-1.73857,20.267,0.47644,1.43482,-0.373994,
-1.94693,-15.8852,-1.73869,20.2775,0.477515,1.4337,-0.374819,
-1.9488,-15.893,-1.73887,20.288,0.478457,1.43284,-0.375667,
-1.95064,-15.9008,-1.73908,20.2985,0.479321,1.43213,-0.376514,
-1.95244,-15.9086,-1.73931,20.309,0.480153,1.4315,-0.377345,
-1.95422,-15.9163,-1.73953,20.3194,0.480982,1.43088,-0.37815,
-1.95599,-15.9241,-1.73973,20.3299,0.481831,1.43022,-0.378924,
-1.95776,-15.932,-1.73992,20.3403,0.482711,1.42951,-0.379669,
-1.95952,-15.9398,-1.74008,20.3507,0.483627,1.42872,-0.380386,
-1.96102,-15.9473,-1.74062,20.3612,0.483644,1.42973,-0.381473,
-1.96231,-15.9546,-1.74144,20.3717,0.483044,1.43185,-0.382753,
-1.96345,-15.9618,-1.74239,20.3822,0.482126,1.43455,-0.384097,
-1.96458,-15.9691,-1.74326,20.3927,0.48137,1.4369,-0.385306,
-1.96576,-15.9766,-1.744,20.4031,0.48087,1.43879,-0.386377,
-1.96699,-15.9842,-1.74459,20.4136,0.480656,1.44012,-0.387319,
-1.96829,-15.9919,-1.74504,20.4239,0.480725,1.4409,-0.388152,
-1.96965,-15.9998,-1.74533,20.4343,0.481054,1.44114,-0.3889,
-1.97108,-16.0078,-1.74549,20.4446,0.481611,1.44089,-0.389587,
-1.97257,-16.0159,-1.74554,20.4549,0.482358,1.44021,-0.390235,
-1.97411,-16.0241,-1.74549,20.4651,0.483259,1.43918,-0.390862,
-1.97569,-16.0324,-1.74536,20.4753,0.484276,1.43788,-0.391482,
-1.9773,-16.0407,-1.74516,20.4855,0.485377,1.43636,-0.392103,
-1.97894,-16.0491,-1.74492,20.4956,0.486535,1.43471,-0.392731,
-1.98058,-16.0575,-1.74464,20.5057,0.487727,1.43296,-0.393369,
-1.98224,-16.0658,-1.74434,20.5158,0.488933,1.43118,-0.394017,
-1.98389,-16.0742,-1.74403,20.5259,0.490142,1.42939,-0.394674,
-1.98554,-16.0826,-1.74371,20.536,0.491342,1.42762,-0.395336,
-1.98717,-16.091,-1.74339,20.546,0.492527,1.4259,-0.396001,
-1.98877,-16.0993,-1.74311,20.556,0.493593,1.42443,-0.396713,
-1.99033,-16.1076,-1.74287,20.566,0.494569,1.42315,-0.397445,
-1.99185,-16.1158,-1.74264,20.576,0.495487,1.422,-0.398181,
-1.99336,-16.1241,-1.74244,20.586,0.496373,1.42093,-0.398906,
-1.99484,-16.1323,-1.74223,20.596,0.497247,1.41991,-0.399611,
-1.99609,-16.1402,-1.74236,20.606,0.497324,1.42054,-0.400645,
-1.99715,-16.148,-1.74274,20.6161,0.496856,1.42221,-0.401845,
-1.99808,-16.1556,-1.74324,20.6262,0.496108,1.42442,-0.403093,
-1.99879,-16.163,-1.744,20.6363,0.494729,1.42793,-0.404561,
-1.99935,-16.1704,-1.74489,20.6464,0.493042,1.43203,-0.406081,
-1.99985,-16.1777,-1.74578,20.6566,0.491325,1.43619,-0.407541,
-2.00034,-16.1852,-1.74658,20.6667,0.489774,1.44005,-0.408876,
-2.00087,-16.1929,-1.74723,20.6768,0.488511,1.44334,-0.410057,
-2.00147,-16.2007,-1.74769,20.6869,0.487602,1.44593,-0.411081,
-2.00216,-16.2088,-1.74796,20.6969,0.487064,1.44774,-0.411961,
-2.00295,-16.217,-1.74803,20.7069,0.486887,1.44879,-0.412721,
-2.00383,-16.2254,-1.74792,20.7168,0.487038,1.44912,-0.413388,
-2.00481,-16.234,-1.74764,20.7267,0.487475,1.44881,-0.413988,
-2.00586,-16.2427,-1.74722,20.7365,0.488152,1.44795,-0.414543,
-2.00698,-16.2515,-1.74669,20.7463,0.489019,1.44666,-0.415072,
-2.00815,-16.2603,-1.74606,20.7561,0.490032,1.44502,-0.41559,
-2.00937,-16.2693,-1.74536,20.7658,0.491152,1.44313,-0.416105,
-2.01062,-16.2782,-1.7446,20.7755,0.492345,1.44108,-0.416623,
-2.01189,-16.2872,-1.74381,20.7852,0.493582,1.43893,-0.417145,
-2.01316,-16.2962,-1.743,20.7949,0.494843,1.43674,-0.417672,
-2.01444,-16.3051,-1.74218,20.8045,0.496108,1.43456,-0.418201,
-2.01572,-16.3141,-1.74136,20.8141,0.497368,1.43243,-0.418729,
-2.01698,-16.323,-1.74054,20.8238,0.498613,1.43035,-0.419253,
-2.01823,-16.3319,-1.73973,20.8333,0.499838,1.42835,-0.419769,
-2.01947,-16.3408,-1.73894,20.8429,0.501041,1.42644,-0.420274,
-2.02069,-16.3497,-1.73816,20.8525,0.50222,1.42461,-0.420765,
-2.02189,-16.3585,-1.7374,20.862,0.503375,1.42287,-0.42124,
-2.02308,-16.3673,-1.73665,20.8716,0.504507,1.42121,-0.421698,
-2.02425,-16.3761,-1.73592,20.8811,0.505618,1.41962,-0.422137,
-2.0254,-16.3849,-1.73521,20.8906,0.506709,1.41809,-0.422558,
-2.02653,-16.3937,-1.73451,20.9001,0.507781,1.41662,-0.422962,
-2.02765,-16.4025,-1.73382,20.9096,0.508836,1.4152,-0.423349,
-2.02875,-16.4112,-1.73314,20.9191,0.509874,1.41382,-0.42372,
-2.02981,-16.4199,-1.73252,20.9285,0.510788,1.41269,-0.424133,
-2.03084,-16.4286,-1.73194,20.938,0.511613,1.41174,-0.424565,
-2.03184,-16.4372,-1.73139,20.9474,0.512385,1.41089,-0.424999,
-2.03282,-16.4459,-1.73084,20.9568,0.513131,1.41008,-0.425423,
-2.03379,-16.4546,-1.7303,20.9663,0.513873,1.40928,-0.425831,
-2.03475,-16.4632,-1.72976,20.9757,0.514622,1.40846,-0.42622,
-2.03538,-16.4714,-1.72972,20.9851,0.514155,1.41018,-0.427177,
-2.03574,-16.4793,-1.73003,20.9947,0.512861,1.41348,-0.428444,
-2.03593,-16.487,-1.73052,21.0042,0.511142,1.41759,-0.429823,
-2.03602,-16.4948,-1.73105,21.0138,0.509314,1.42194,-0.431177,
-2.03609,-16.5027,-1.73151,21.0234,0.507597,1.42608,-0.43242,
-2.0362,-16.5107,-1.73185,21.033,0.506133,1.42974,-0.43351,
-2.03636,-16.5188,-1.73202,21.0425,0.505001,1.43273,-0.434437,
-2.0366,-16.5272,-1.73201,21.052,0.504229,1.43495,-0.435211,
-2.03694,-16.5358,-1.73181,21.0615,0.503813,1.43639,-0.435854,
-2.03737,-16.5445,-1.73143,21.0709,0.503726,1.43708,-0.436395,
-2.03788,-16.5534,-1.73088,21.0803,0.50393,1.4371,-0.436862,
-2.03849,-16.5625,-1.7302,21.0896,0.504378,1.43653,-0.437278,
-2.03916,-16.5716,-1.7294,21.0989,0.505025,1.43547,-0.437666,
-2.03989,-16.5809,-1.7285,21.1081,0.505825,1.43403,-0.438041,
-2.04067,-16.5902,-1.72752,21.1174,0.50674,1.43231,-0.438414,
-2.04148,-16.5995,-1.72649,21.1265,0.507735,1.43039,-0.438792,
-2.04232,-16.6089,-1.72542,21.1357,0.508782,1.42834,-0.439178,
-2.04318,-16.6182,-1.72433,21.1449,0.509858,1.42623,-0.439572,
-2.04404,-16.6276,-1.72322,21.154,0.510945,1.42411,-0.439972,
-2.0449,-16.6369,-1.72211,21.1631,0.512031,1.42202,-0.440375,
-2.04576,-16.6462,-1.721,21.1722,0.513107,1.41998,-0.440778,
-2.04661,-16.6555,-1.7199,21.1813,0.514167,1.41801,-0.441176,
-2.04744,-16.6648,-1.71881,21.1904,0.515208,1.41612,-0.441565,
-2.04827,-16.674,-1.71774,21.1994,0.516229,1.41431,-0.441942,
-2.04907,-16.6833,-1.71668,21.2085,0.517229,1.41259,-0.442305,
-2.04987,-16.6925,-1.71564,21.2175,0.518208,1.41095,-0.44265,
-2.05064,-16.7016,-1.71461,21.2266,0.519169,1.40939,-0.442978,
-2.05141,-16.7108,-1.7136,21.2356,0.520112,1.40789,-0.443287,
-2.05215,-16.7199,-1.71261,21.2446,0.521039,1.40645,-0.443577,
-2.05289,-16.7291,-1.71163,21.2536,0.521951,1.40506,-0.443848,
-2.05361,-16.7382,-1.71067,21.2626,0.522849,1.40372,-0.444102,
-2.05431,-16.7473,-1.70971,21.2716,0.523734,1.40241,-0.444339,
-2.05471,-16.7559,-1.70926,21.2806,0.523403,1.40372,-0.445167,
-2.05483,-16.7642,-1.70915,21.2897,0.522239,1.40666,-0.446323,
-2.05477,-16.7724,-1.70923,21.2989,0.520636,1.4105,-0.447603,
-2.05462,-16.7805,-1.70937,21.308,0.518903,1.41464,-0.44886,
-2.05444,-16.7887,-1.70946,21.3172,0.51726,1.41864,-0.450006,
-2.05428,-16.7971,-1.70944,21.3264,0.515846,1.42221,-0.450995,
-2.05417,-16.8056,-1.70928,21.3355,0.514738,1.42516,-0.451813,
-2.05413,-16.8143,-1.70895,21.3446,0.513968,1.42739,-0.452469,
-2.05417,-16.8232,-1.70845,21.3536,0.513533,1.42886,-0.452986,
-2.0543,-16.8323,-1.70779,21.3627,0.51341,1.42961,-0.453391,
-2.05451,-16.8415,-1.70699,21.3716,0.513561,1.4297,-0.453713,
-2.0548,-16.8508,-1.70606,21.3806,0.513945,1.42921,-0.453978,
-2.05515,-16.8603,-1.70502,21.3895,0.514518,1.42823,-0.454208,
-2.05556,-16.8698,-1.70389,21.3983,0.515237,1.42688,-0.454421,
-2.05601,-16.8794,-1.7027,21.4072,0.516066,1.42523,-0.454629,
-2.0565,-16.889,-1.70146,21.416,0.516971,1.42338,-0.45484,
-2.05702,-16.8986,-1.70018,21.4248,0.517925,1.4214,-0.455058,
-2.05755,-16.9083,-1.69888,21.4335,0.518907,1.41934,-0.455286,
-2.05809,-16.9179,-1.69757,21.4423,0.5199,1.41727,-0.455521,
-2.05864,-16.9276,-1.69625,21.451,0.520891,1.41522,-0.455763,
-2.05918,-16.9372,-1.69495,21.4597,0.521872,1.41322,-0.456008,
-2.05972,-16.9468,-1.69365,21.4685,0.522837,1.41128,-0.456252,
-2.06025,-16.9563,-1.69236,21.4772,0.523782,1.40942,-0.456492,
-2.06077,-16.9658,-1.69109,21.4859,0.524707,1.40764,-0.456726,
-2.06127,-16.9754,-1.68984,21.4945,0.52561,1.40594,-0.45695,
-2.06177,-16.9848,-1.6886,21.5032,0.526493,1.40432,-0.457162,
-2.06225,-16.9943,-1.68738,21.5119,0.527356,1.40277,-0.457361,
-2.06272,-17.0037,-1.68618,21.5205,0.528201,1.40129,-0.457546,
-2.06317,-17.0132,-1.685,21.5292,0.529029,1.39987,-0.457717,
-2.06361,-17.0225,-1.68384,21.5378,0.529797,1.3986,-0.4579,
-2.06403,-17.0319,-1.68271,21.5465,0.530521,1.39743,-0.458083,
-2.06443,-17.0413,-1.6816,21.5551,0.531216,1.39633,-0.45826,
-2.06481,-17.0506,-1.68051,21.5637,0.531894,1.39528,-0.458424,
-2.06519,-17.0599,-1.67943,21.5723,0.532564,1.39425,-0.458573,
-2.06556,-17.0692,-1.67836,21.5809,0.533204,1.39328,-0.458723,
-2.06591,-17.0785,-1.6773,21.5895,0.533828,1.39234,-0.458867,
-2.06626,-17.0878,-1.67625,21.5981,0.534443,1.39142,-0.459003,
-2.0666,-17.0972,-1.6752,21.6066,0.535056,1.39049,-0.459128,
-2.06694,-17.1065,-1.67416,21.6152,0.535672,1.38955,-0.459242,
-2.06699,-17.1153,-1.67357,21.6238,0.535122,1.39116,-0.459972,
-2.0668,-17.1238,-1.6733,21.6324,0.533779,1.39435,-0.461053,
-2.06644,-17.1323,-1.67318,21.6412,0.532029,1.39839,-0.462275,
-2.06601,-17.1407,-1.6731,21.6499,0.53017,1.40268,-0.463486,
-2.06556,-17.1492,-1.67297,21.6586,0.528412,1.40682,-0.464594,
-2.06512,-17.1578,-1.67272,21.6674,0.526887,1.41051,-0.465548,
-2.06474,-17.1667,-1.67233,21.6761,0.525667,1.41355,-0.466333,
-2.06443,-17.1756,-1.67178,21.6847,0.524779,1.41587,-0.466958,
-2.06419,-17.1848,-1.67106,21.6934,0.52422,1.41742,-0.467441,
-2.06404,-17.1941,-1.67019,21.702,0.523964,1.41826,-0.467811,
-2.06397,-17.2036,-1.66918,21.7105,0.523976,1.41842,-0.468094,
-2.06397,-17.2132,-1.66805,21.719,0.524215,1.41801,-0.468317,
-2.06403,-17.223,-1.66681,21.7275,0.524637,1.41712,-0.468502,
-2.06415,-17.2327,-1.6655,21.736,0.525203,1.41584,-0.468664,
-2.06431,-17.2426,-1.66412,21.7444,0.525877,1.41427,-0.468816,
-2.06451,-17.2525,-1.66269,21.7528,0.526627,1.4125,-0.468967,
-2.06473,-17.2624,-1.66123,21.7612,0.527428,1.41058,-0.469121,
-2.06497,-17.2723,-1.65975,21.7696,0.528259,1.4086,-0.469278,
-2.06522,-17.2822,-1.65826,21.7779,0.529105,1.4066,-0.469439,
-2.06547,-17.2921,-1.65677,21.7863,0.529953,1.40461,-0.469602,
-2.06572,-17.3019,-1.65528,21.7946,0.530795,1.40267,-0.469763,
-2.06596,-17.3118,-1.65381,21.8029,0.531625,1.40078,-0.469919,
-2.0662,-17.3216,-1.65234,21.8112,0.532441,1.39898,-0.470068,
-2.06643,-17.3314,-1.6509,21.8195,0.53324,1.39725,-0.470206,
-2.06665,-17.3411,-1.64947,21.8278,0.534022,1.3956,-0.470331,
-2.06686,-17.3508,-1.64806,21.8361,0.534787,1.39402,-0.470441,
-2.06705,-17.3605,-1.64666,21.8444,0.535536,1.39252,-0.470534,
-2.06724,-17.3702,-1.64529,21.8527,0.536271,1.39109,-0.470611,
-2.06741,-17.3799,-1.64393,21.8609,0.536991,1.38971,-0.470672,
-2.06758,-17.3895,-1.64259,21.8692,0.537697,1.38839,-0.470715,
-2.06773,-17.3992,-1.64126,21.8774,0.538392,1.38711,-0.470743,
-2.06788,-17.4088,-1.63995,21.8857,0.539074,1.38588,-0.470756,
-2.06802,-17.4184,-1.63866,21.8939,0.539745,1.38467,-0.470755,
-2.06815,-17.428,-1.63738,21.9021,0.540404,1.3835,-0.470743,
-2.06827,-17.4376,-1.63611,21.9103,0.541053,1.38235,-0.470721,
-2.06838,-17.4472,-1.63487,21.9185,0.541651,1.38131,-0.470717,
-2.06847,-17.4567,-1.63365,21.9267,0.542211,1.38034,-0.47072,
-2.06856,-17.4662,-1.63244,21.9349,0.542747,1.37941,-0.470724,
-2.06863,-17.4758,-1.63126,21.9431,0.54323,1.37859,-0.47075,
-2.06869,-17.4853,-1.6301,21.9513,0.54368,1.37782,-0.470786,
-2.06874,-17.4948,-1.62894,21.9594,0.544113,1.37709,-0.470821,
-2.06879,-17.5043,-1.62779,21.9676,0.544541,1.37636,-0.47085,
-2.06857,-17.5133,-1.62707,21.9758,0.543843,1.37816,-0.471505,
-2.06813,-17.5221,-1.62663,21.9841,0.542387,1.38154,-0.472524,
-2.06754,-17.5307,-1.62633,21.9924,0.540548,1.38574,-0.473691,
-2.06687,-17.5394,-1.62606,22.0007,0.538615,1.39018,-0.474853,
-2.06619,-17.5481,-1.62573,22.0091,0.53679,1.39446,-0.475912,
-2.06553,-17.557,-1.62528,22.0174,0.535198,1.39827,-0.476817,
-2.06493,-17.566,-1.6247,22.0257,0.533908,1.40143,-0.47755,
-2.06438,-17.5752,-1.62396,22.034,0.532943,1.40386,-0.47812,
-2.06392,-17.5846,-1.62307,22.0423,0.532298,1.40552,-0.478546,
-2.06353,-17.5942,-1.62203,22.0505,0.531948,1.40646,-0.478854,
-2.06321,-17.6039,-1.62085,22.0586,0.531857,1.40672,-0.479073,
-2.06297,-17.6137,-1.61957,22.0668,0.531986,1.4064,-0.479227,
-2.06278,-17.6237,-1.61819,22.0749,0.532293,1.4056,-0.479339,
-2.06265,-17.6337,-1.61673,22.083,0.532739,1.4044,-0.479425,
-2.06256,-17.6437,-1.61521,22.091,0.53329,1.40291,-0.479499,
-2.0625,-17.6538,-1.61364,22.0991,0.533917,1.40121,-0.479567,
-2.06247,-17.6639,-1.61205,22.1071,0.534595,1.39936,-0.479636,
-2.06245,-17.6741,-1.61044,22.1151,0.535303,1.39744,-0.479706,
-2.06244,-17.6842,-1.60882,22.1231,0.536028,1.3955,-0.479777,
-2.06244,-17.6943,-1.6072,22.1311,0.536757,1.39356,-0.479848,
-2.06244,-17.7043,-1.60559,22.139,0.537482,1.39167,-0.479916,
-2.06244,-17.7144,-1.60399,22.147,0.538199,1.38983,-0.479978,
-2.06243,-17.7244,-1.6024,22.155,0.538903,1.38806,-0.480031,
-2.06241,-17.7344,-1.60082,22.1629,0.539594,1.38637,-0.480073,
-2.06238,-17.7443,-1.59927,22.1709,0.54027,1.38476,-0.480101,
-2.06235,-17.7543,-1.59773,22.1788,0.540932,1.38323,-0.480113,
-2.0623,-17.7642,-1.59621,22.1867,0.541579,1.38176,-0.480108,
-2.06225,-17.7741,-1.59472,22.1946,0.542214,1.38037,-0.480086,
-2.06218,-17.784,-1.59323,22.2026,0.542836,1.37903,-0.480046,
-2.06211,-17.7938,-1.59177,22.2105,0.543446,1.37774,-0.47999,
-2.06203,-17.8036,-1.59033,22.2184,0.544045,1.3765,-0.479917,
-2.06194,-17.8135,-1.5889,22.2263,0.544633,1.3753,-0.47983,
-2.06184,-17.8233,-1.58748,22.2342,0.54521,1.37414,-0.479729,
-2.06174,-17.8331,-1.58609,22.242,0.545778,1.373,-0.479616,
-2.06163,-17.8428,-1.5847,22.2499,0.546334,1.37189,-0.479492,
-2.06152,-17.8526,-1.58333,22.2578,0.546881,1.37081,-0.479361,
-2.0614,-17.8624,-1.58199,22.2656,0.54739,1.3698,-0.479242,
-2.06127,-17.8721,-1.58065,22.2735,0.54787,1.36884,-0.47913,
-2.06098,-17.8815,-1.57959,22.2814,0.547644,1.36952,-0.479417,
-2.06054,-17.8908,-1.5787,22.2893,0.546938,1.37123,-0.479943,
-2.05993,-17.8998,-1.57806,22.2972,0.545557,1.37447,-0.480826,
-2.05919,-17.9087,-1.57754,22.3053,0.543823,1.3785,-0.481862,
-2.05838,-17.9176,-1.57704,22.3133,0.542002,1.38277,-0.482901,
-2.05756,-17.9266,-1.57649,22.3213,0.540282,1.38687,-0.483845,
-2.05676,-17.9357,-1.57583,22.3293,0.538781,1.39053,-0.484642,
-2.056,-17.945,-1.57504,22.3373,0.53756,1.39357,-0.485276,
-2.0553,-17.9545,-1.57412,22.3453,0.536643,1.3959,-0.48575,
-2.05468,-17.9641,-1.57305,22.3533,0.536024,1.39749,-0.486084,
-2.0541,-17.9738,-1.57188,22.3612,0.535595,1.39859,-0.486347,
-2.05357,-17.9837,-1.57062,22.3691,0.535349,1.39916,-0.48655,
-2.0531,-17.9936,-1.56927,22.3769,0.535277,1.39924,-0.486701,
-2.05267,-18.0037,-1.56783,22.3848,0.535361,1.39887,-0.486809,
-2.0523,-18.0138,-1.56632,22.3926,0.535581,1.39811,-0.486883,
-2.05196,-18.024,-1.56475,22.4004,0.535915,1.39703,-0.486933,
-2.05166,-18.0342,-1.56313,22.4082,0.536339,1.3957,-0.486964,
-2.05138,-18.0445,-1.56148,22.4159,0.536834,1.39417,-0.486981,
-2.05113,-18.0548,-1.5598,22.4236,0.53738,1.39251,-0.486989,
-2.05089,-18.065,-1.5581,22.4314,0.537963,1.39076,-0.48699,
-2.05066,-18.0753,-1.5564,22.4391,0.53857,1.38897,-0.486983,
-2.05045,-18.0856,-1.55469,22.4468,0.53919,1.38717,-0.486969,
-2.05023,-18.0958,-1.55299,22.4545,0.539815,1.38538,-0.486947,
-2.05001,-18.106,-1.5513,22.4622,0.54044,1.38363,-0.486915,
-2.04979,-18.1162,-1.54962,22.4699,0.54106,1.38193,-0.486872,
-2.04957,-18.1264,-1.54795,22.4775,0.541672,1.38029,-0.486817,
-2.04934,-18.1366,-1.5463,22.4852,0.542276,1.37871,-0.486748,
-2.04911,-18.1467,-1.54466,22.4929,0.542869,1.37719,-0.486664,
-2.04887,-18.1568,-1.54305,22.5005,0.543451,1.37573,-0.486565,
-2.04862,-18.1669,-1.54145,22.5082,0.544022,1.37433,-0.486451,
-2.04837,-18.1769,-1.53987,22.5158,0.544583,1.37298,-0.48632,
-2.04811,-18.187,-1.53831,22.5235,0.545132,1.37168,-0.486175,
-2.04784,-18.197,-1.53676,22.5311,0.545671,1.37043,-0.486016,
-2.04757,-18.207,-1.53524,22.5387,0.546199,1.36922,-0.485844,
-2.04729,-18.217,-1.53373,22.5463,0.546717,1.36804,-0.48566,
-2.047,-18.2269,-1.53224,22.554,0.547224,1.3669,-0.485465,
-2.04672,-18.2369,-1.53076,22.5616,0.547721,1.36579,-0.485262,
-2.04643,-18.2469,-1.5293,22.5692,0.548206,1.3647,-0.485052,
-2.04613,-18.2568,-1.52785,22.5768,0.548681,1.36364,-0.484836,
-2.04583,-18.2667,-1.52641,22.5844,0.549144,1.3626,-0.484617,
-2.04554,-18.2766,-1.52499,22.5919,0.549596,1.36157,-0.484395,
-2.04523,-18.2866,-1.52358,22.5995,0.550036,1.36057,-0.484173,
-2.04493,-18.2964,-1.52219,22.6071,0.550447,1.35961,-0.483968,
-2.04462,-18.3063,-1.52081,22.6146,0.550835,1.35869,-0.483773,
-2.04427,-18.3161,-1.51953,22.6222,0.550853,1.35844,-0.483894,
-2.04387,-18.3258,-1.51831,22.6298,0.550649,1.35861,-0.48418,
-2.04345,-18.3354,-1.51712,22.6374,0.55035,1.35901,-0.484523,
-2.04301,-18.345,-1.51592,22.645,0.550044,1.35948,-0.484854,
-2.04256,-18.3547,-1.5147,22.6526,0.549789,1.3599,-0.48513,
-2.04212,-18.3644,-1.51346,22.6602,0.549617,1.36019,-0.485335,
-2.04169,-18.3741,-1.51218,22.6678,0.549543,1.3603,-0.485462,
-2.04127,-18.3838,-1.51086,22.6754,0.549569,1.36021,-0.485518,
-2.04087,-18.3937,-1.50951,22.6829,0.549688,1.35992,-0.48551,
-2.04049,-18.4035,-1.50813,22.6905,0.549889,1.35942,-0.485452,
-2.04012,-18.4134,-1.50673,22.698,0.550161,1.35875,-0.485353,
-2.03977,-18.4233,-1.5053,22.7055,0.550488,1.35791,-0.485227,
-2.03943,-18.4332,-1.50386,22.713,0.550859,1.35695,-0.485081,
-2.0391,-18.4431,-1.5024,22.7205,0.551261,1.35589,-0.484923,
-2.03878,-18.4531,-1.50094,22.728,0.551684,1.35475,-0.484759,
-2.03847,-18.463,-1.49948,22.7355,0.552119,1.35356,-0.484593,
-2.03816,-18.473,-1.49801,22.743,0.552561,1.35235,-0.484427,
-2.03786,-18.4829,-1.49655,22.7504,0.553004,1.35111,-0.484263,
-2.03755,-18.4928,-1.49509,22.7579,0.553443,1.34988,-0.484101,
-2.03725,-18.5028,-1.49363,22.7653,0.553876,1.34867,-0.48394,
-2.03695,-18.5127,-1.49219,22.7728,0.554303,1.34747,-0.483781,
-2.03665,-18.5226,-1.49075,22.7802,0.55472,1.34629,-0.483622,
-2.03634,-18.5324,-1.48933,22.7876,0.555113,1.34517,-0.483479,
-2.03584,-18.5419,-1.48823,22.7951,0.554625,1.34628,-0.483841,
-2.03516,-18.5512,-1.48734,22.8026,0.553527,1.34879,-0.484528,
-2.03438,-18.5603,-1.48655,22.8101,0.55211,1.35206,-0.485367,
-2.03354,-18.5695,-1.48579,22.8177,0.550599,1.3556,-0.486228,
-2.03268,-18.5787,-1.48499,22.8253,0.549154,1.35905,-0.48702,
-2.03183,-18.588,-1.48411,22.8329,0.547876,1.36217,-0.487696,
-2.03102,-18.5974,-1.48314,22.8404,0.546821,1.36478,-0.488234,
-2.03025,-18.607,-1.48205,22.848,0.54601,1.3668,-0.488633,
-2.02953,-18.6167,-1.48086,22.8555,0.545442,1.3682,-0.488907,
-2.02887,-18.6265,-1.47956,22.863,0.545098,1.369,-0.489074,
-2.02826,-18.6364,-1.47817,22.8705,0.544954,1.36923,-0.489156,
-2.02769,-18.6465,-1.47671,22.8779,0.54498,1.36897,-0.489171,
-2.02717,-18.6566,-1.47517,22.8854,0.545146,1.36829,-0.489137,
-2.02669,-18.6668,-1.47359,22.8928,0.545422,1.36726,-0.48907,
-2.02623,-18.677,-1.47196,22.9002,0.545784,1.36596,-0.48898,
-2.02581,-18.6873,-1.47031,22.9075,0.546209,1.36447,-0.488875,
-2.0254,-18.6975,-1.46864,22.9149,0.546677,1.36284,-0.488761,
-2.025,-18.7078,-1.46695,22.9222,0.547173,1.36112,-0.488639,
-2.02462,-18.7181,-1.46527,22.9296,0.547686,1.35936,-0.488513,
-2.02424,-18.7283,-1.46359,22.9369,0.548206,1.3576,-0.488381,
-2.02386,-18.7386,-1.46192,22.9442,0.548727,1.35586,-0.488242,
-2.02348,-18.7488,-1.46025,22.9515,0.549243,1.35415,-0.488097,
-2.0231,-18.7589,-1.45861,22.9588,0.549752,1.3525,-0.487943,
-2.02272,-18.7691,-1.45698,22.9661,0.550252,1.3509,-0.487779,
-2.02233,-18.7792,-1.45536,22.9735,0.550741,1.34937,-0.487604,
-2.02194,-18.7893,-1.45377,22.9807,0.551219,1.34789,-0.487418,
-2.02155,-18.7994,-1.45219,22.988,0.551686,1.34648,-0.487219,
-2.02114,-18.8095,-1.45063,22.9953,0.552142,1.34512,-0.487009,
-2.02074,-18.8195,-1.44909,23.0026,0.552587,1.34381,-0.486786,
-2.02033,-18.8295,-1.44756,23.0099,0.553022,1.34255,-0.486553,
-2.01991,-18.8395,-1.44605,23.0172,0.553447,1.34133,-0.486308,
-2.0195,-18.8495,-1.44456,23.0245,0.553862,1.34014,-0.486055,
-2.01907,-18.8595,-1.44309,23.0317,0.554267,1.33899,-0.485793,
-2.01857,-18.8691,-1.44184,23.039,0.553605,1.33966,-0.486565,
-2.01797,-18.8785,-1.44071,23.0464,0.552293,1.34148,-0.487928,
-2.01731,-18.8878,-1.43961,23.0538,0.550691,1.34393,-0.489548,
-2.01662,-18.8971,-1.43848,23.0613,0.549056,1.3466,-0.491199,
-2.01592,-18.9064,-1.43728,23.0688,0.547555,1.34917,-0.492739,
-2.01524,-18.9158,-1.43598,23.0762,0.546282,1.35143,-0.494095,
-2.01457,-18.9253,-1.43458,23.0837,0.545283,1.35322,-0.495234,
-2.01393,-18.9349,-1.43306,23.0911,0.544565,1.35449,-0.496158,
-2.01332,-18.9446,-1.43145,23.0985,0.544116,1.3552,-0.496883,
-2.01274,-18.9544,-1.42976,23.1059,0.543906,1.35538,-0.497436,
-2.01219,-18.9643,-1.42799,23.1133,0.543901,1.35507,-0.497846,
-2.01168,-18.9743,-1.42616,23.1207,0.544065,1.35433,-0.498141,
-2.01118,-18.9843,-1.42428,23.128,0.544363,1.35324,-0.498348,
-2.01071,-18.9944,-1.42237,23.1354,0.544762,1.35185,-0.498488,
-2.01024,-19.0045,-1.42044,23.1427,0.545236,1.35024,-0.498578,
-2.00979,-19.0146,-1.41849,23.15,0.54576,1.34848,-0.498632,
-2.00935,-19.0247,-1.41654,23.1573,0.546317,1.3466,-0.498659,
-2.00891,-19.0348,-1.4146,23.1646,0.546892,1.34467,-0.498667,
-2.00847,-19.0449,-1.41266,23.1718,0.547475,1.34271,-0.498659,
-2.00803,-19.055,-1.41074,23.1791,0.548056,1.34075,-0.498638,
-2.00759,-19.065,-1.40883,23.1864,0.548632,1.3388,-0.498605,
-2.00714,-19.075,-1.40693,23.1937,0.5492,1.3369,-0.498559,
-2.00668,-19.085,-1.40506,23.2009,0.549756,1.33503,-0.4985,
-2.00622,-19.0949,-1.4032,23.2082,0.550302,1.33321,-0.498428,
-2.00575,-19.1048,-1.40136,23.2154,0.550837,1.33144,-0.498341,
-2.00528,-19.1147,-1.39954,23.2227,0.551362,1.3297,-0.498239,
-2.0048,-19.1246,-1.39774,23.23,0.551877,1.32801,-0.498121,
-2.00431,-19.1344,-1.39596,23.2372,0.552384,1.32636,-0.497987,
-2.00382,-19.1442,-1.3942,23.2445,0.552884,1.32474,-0.497836,
-2.00332,-19.154,-1.39245,23.2517,0.553378,1.32314,-0.497669,
-2.00286,-19.1637,-1.39073,23.259,0.553357,1.32189,-0.498218,
-2.00242,-19.1733,-1.38901,23.2663,0.55307,1.32091,-0.499133,
-2.00197,-19.1829,-1.38727,23.2736,0.55273,1.32006,-0.50013,
-2.00151,-19.1924,-1.3855,23.2809,0.55243,1.31927,-0.50109,
-2.00103,-19.202,-1.3837,23.2882,0.552215,1.31847,-0.501951,
-2.00055,-19.2115,-1.38188,23.2955,0.552102,1.31763,-0.502689,
-2.00006,-19.221,-1.38004,23.3028,0.552092,1.31673,-0.503299,
-1.99956,-19.2306,-1.37818,23.3101,0.552172,1.31573,-0.503792,
-1.99905,-19.2401,-1.37631,23.3173,0.552329,1.31466,-0.504183,
-1.99853,-19.2496,-1.37443,23.3246,0.552545,1.31351,-0.504491,
-1.998,-19.2592,-1.37255,23.3319,0.552803,1.31228,-0.504735,
-1.99746,-19.2687,-1.37068,23.3391,0.55309,1.31101,-0.50493,
-1.99692,-19.2783,-1.3688,23.3463,0.553392,1.30969,-0.50509,
-1.99636,-19.2878,-1.36697,23.3536,0.553476,1.30864,-0.505488,
-1.99579,-19.2972,-1.36515,23.3608,0.553427,1.30778,-0.506018,
-1.99518,-19.3066,-1.36335,23.3681,0.553356,1.30712,-0.506501,
-1.99453,-19.316,-1.36156,23.3753,0.553312,1.30654,-0.506894,
-1.99387,-19.3254,-1.35977,23.3826,0.553326,1.30596,-0.507174,
-1.99318,-19.3348,-1.35799,23.3898,0.553533,1.30527,-0.507157,
-1.99247,-19.3442,-1.35621,23.397,0.553852,1.30445,-0.506971,
-1.99175,-19.3537,-1.35445,23.4042,0.554317,1.3035,-0.506548,
-1.99104,-19.3631,-1.35273,23.4114,0.554332,1.3029,-0.506703,
-1.99033,-19.3724,-1.35103,23.4187,0.554072,1.30252,-0.5072,
-1.98869,-19.3804,-1.35052,23.4258,0.551527,1.31112,-0.507951,
-1.98634,-19.3878,-1.35081,23.4332,0.547176,1.32501,-0.509192,
-1.98356,-19.3949,-1.3515,23.4406,0.541773,1.34172,-0.510763,
-1.98057,-19.402,-1.35232,23.4482,0.535973,1.3595,-0.51242,
-1.97751,-19.4094,-1.35306,23.4558,0.530261,1.3771,-0.513956,
-1.97447,-19.4172,-1.35358,23.4634,0.524955,1.39365,-0.515238,
-1.97153,-19.4254,-1.35381,23.4711,0.520239,1.40863,-0.516201,
-1.96871,-19.4341,-1.35371,23.4787,0.516193,1.42171,-0.516836,
-1.96605,-19.4433,-1.35328,23.4862,0.512824,1.43278,-0.51717,
-1.96355,-19.453,-1.35253,23.4937,0.510093,1.44188,-0.51725,
-1.96121,-19.4631,-1.35149,23.5012,0.507933,1.44913,-0.517131,
-1.95901,-19.4737,-1.35019,23.5085,0.506266,1.45471,-0.516866,
-1.95694,-19.4845,-1.34866,23.5159,0.505008,1.45887,-0.516503,
-1.95499,-19.4956,-1.34695,23.5231,0.504082,1.46183,-0.516082,
-1.95314,-19.507,-1.34508,23.5304,0.503416,1.46382,-0.515633,
-1.95137,-19.5185,-1.34309,23.5376,0.502983,1.46505,-0.515127,
-1.94966,-19.5301,-1.34101,23.5448,0.502709,1.46571,-0.514614,
-1.94801,-19.5418,-1.33885,23.5519,0.502536,1.46596,-0.514124,
-1.94641,-19.5536,-1.33664,23.559,0.502426,1.46595,-0.513672,
-1.94483,-19.5654,-1.3344,23.5662,0.502352,1.4658,-0.51326,
-1.94328,-19.5773,-1.33213,23.5733,0.502295,1.46558,-0.512887,
-1.94176,-19.5891,-1.32984,23.5804,0.502245,1.46536,-0.512548,
-1.94024,-19.6009,-1.32754,23.5875,0.502196,1.46517,-0.512235,
-1.93873,-19.6127,-1.32523,23.5946,0.502146,1.46505,-0.51194,
-1.93723,-19.6245,-1.32293,23.6017,0.502094,1.465,-0.511658,
-1.93573,-19.6363,-1.32062,23.6088,0.502083,1.46504,-0.511307,
-1.93422,-19.648,-1.31833,23.616,0.502086,1.46514,-0.510927,
-1.93272,-19.6598,-1.31603,23.6231,0.502091,1.4653,-0.510541,
-1.93122,-19.6715,-1.31375,23.6302,0.502089,1.46551,-0.51016,
-1.92972,-19.6832,-1.31147,23.6373,0.502081,1.46576,-0.509788,
-1.92823,-19.695,-1.30919,23.6444,0.502066,1.46604,-0.509428,
-1.92674,-19.7067,-1.30692,23.6516,0.502046,1.46635,-0.509078,
-1.92526,-19.7184,-1.30464,23.6587,0.502023,1.46666,-0.508738,
-1.92379,-19.7301,-1.30237,23.6658,0.502001,1.46698,-0.508404,
-1.92232,-19.7418,-1.3001,23.673,0.501981,1.4673,-0.508076,
-1.92085,-19.7535,-1.29782,23.6801,0.501964,1.46761,-0.507752,
-1.9194,-19.7652,-1.29555,23.6872,0.501952,1.46791,-0.507432,
-1.91794,-19.7769,-1.29328,23.6944,0.501945,1.4682,-0.507113,
-1.9165,-19.7887,-1.291,23.7015,0.501943,1.46847,-0.506797,
-1.91506,-19.8004,-1.28873,23.7086,0.501947,1.46873,-0.506482,
-1.91362,-19.8121,-1.28645,23.7157,0.501955,1.46897,-0.506169,
-1.91219,-19.8238,-1.28418,23.7229,0.501968,1.46919,-0.505858,
-1.91077,-19.8355,-1.2819,23.73,0.501985,1.4694,-0.505549,
-1.90934,-19.8473,-1.27963,23.7371,0.502006,1.46959,-0.505242,
-1.90793,-19.859,-1.27736,23.7443,0.50203,1.46976,-0.504937,
-1.90652,-19.8707,-1.27508,23.7514,0.502057,1.46992,-0.504634,
-1.90511,-19.8825,-1.27281,23.7585,0.502086,1.47007,-0.504334,
-1.90371,-19.8942,-1.27054,23.7656,0.502117,1.47021,-0.504037,
-1.90231,-19.9059,-1.26827,23.7728,0.50215,1.47034,-0.503743,
-1.90091,-19.9177,-1.266,23.7799,0.502185,1.47045,-0.503451,
-1.89952,-19.9294,-1.26374,23.787,0.50222,1.47055,-0.503162,
-1.89822,-19.9411,-1.26142,23.7942,0.501853,1.47057,-0.503596,
-1.89697,-19.9528,-1.25906,23.8014,0.501327,1.47059,-0.504355,
-1.89573,-19.9645,-1.25665,23.8085,0.500791,1.47067,-0.5052,
-1.89449,-19.9761,-1.2542,23.8157,0.500324,1.47078,-0.505993,
-1.89325,-19.9877,-1.25172,23.8229,0.499962,1.47092,-0.506666,
-1.89199,-19.9994,-1.24922,23.8301,0.499712,1.47106,-0.507189,
-1.89072,-20.011,-1.2467,23.8373,0.499569,1.4712,-0.507558,
-1.88942,-20.0226,-1.24419,23.8445,0.499517,1.47133,-0.507783,
-1.88811,-20.0342,-1.24168,23.8517,0.499539,1.47144,-0.507878,
-1.88678,-20.0459,-1.23918,23.8588,0.499618,1.47154,-0.507864,
-1.88543,-20.0575,-1.23669,23.866,0.499739,1.47163,-0.507757,
-1.88407,-20.0692,-1.23422,23.8732,0.499886,1.47171,-0.507576,
-1.88269,-20.0808,-1.23177,23.8803,0.500051,1.47178,-0.507335,
-1.8813,-20.0925,-1.22934,23.8875,0.500223,1.47185,-0.507047,
-1.8799,-20.1041,-1.22693,23.8946,0.500397,1.47191,-0.506723,
-1.87849,-20.1158,-1.22454,23.9018,0.500568,1.47196,-0.506371,
-1.87707,-20.1274,-1.22216,23.9089,0.500735,1.47201,-0.505998,
-1.87565,-20.1391,-1.21981,23.9161,0.500895,1.47205,-0.505609,
-1.87422,-20.1508,-1.21746,23.9232,0.501049,1.47208,-0.505209,
-1.87279,-20.1624,-1.21514,23.9304,0.501196,1.4721,-0.5048,
-1.87136,-20.1741,-1.21282,23.9375,0.501337,1.4721,-0.504384,
-1.86993,-20.1858,-1.21052,23.9446,0.501473,1.47209,-0.503963,
-1.8685,-20.1975,-1.20823,23.9518,0.501604,1.47206,-0.503539,
-1.86708,-20.2091,-1.20594,23.9589,0.501588,1.4721,-0.503325,
-1.86567,-20.2208,-1.20366,23.966,0.501509,1.47219,-0.503199,
-1.86426,-20.2324,-1.20138,23.9732,0.501422,1.47231,-0.503086,
-1.86285,-20.2441,-1.1991,23.9803,0.501359,1.47243,-0.502943,
-1.86144,-20.2557,-1.19681,23.9875,0.501335,1.47253,-0.50275,
-1.86002,-20.2674,-1.19452,23.9946,0.501355,1.47258,-0.502498,
-1.85861,-20.2791,-1.19224,24.0017,0.501419,1.47259,-0.502189,
-1.8572,-20.2908,-1.18995,24.0088,0.50152,1.47254,-0.501827,
-1.85586,-20.3025,-1.18762,24.0159,0.5014,1.47224,-0.501924,
-1.85456,-20.3142,-1.18525,24.0231,0.501213,1.47182,-0.502209,
-1.85328,-20.3259,-1.18284,24.0302,0.501047,1.47136,-0.502527,
-1.852,-20.3376,-1.18041,24.0373,0.50094,1.47089,-0.502792,
-1.85071,-20.3493,-1.17797,24.0445,0.500908,1.47042,-0.502963,
-1.84942,-20.3609,-1.17553,24.0516,0.500947,1.46997,-0.503027,
-1.84811,-20.3726,-1.17309,24.0587,0.501049,1.46954,-0.502983,
-1.84679,-20.3842,-1.17067,24.0658,0.501202,1.46914,-0.50284,
-1.84545,-20.3959,-1.16825,24.0729,0.501391,1.46876,-0.50261,
-1.8441,-20.4075,-1.16586,24.08,0.501605,1.46842,-0.502307,
-1.84274,-20.4192,-1.1635,24.0871,0.501834,1.4681,-0.501944,
-1.84136,-20.4308,-1.16115,24.0942,0.50207,1.46782,-0.501532,
-1.83998,-20.4425,-1.15883,24.1013,0.502306,1.46756,-0.501083,
-1.83858,-20.4541,-1.15653,24.1084,0.502537,1.46733,-0.500604,
-1.83718,-20.4657,-1.15425,24.1155,0.502761,1.46712,-0.500103,
-1.83578,-20.4773,-1.15199,24.1226,0.502976,1.46692,-0.499587,
-1.83437,-20.489,-1.14975,24.1296,0.503181,1.46674,-0.49906,
-1.83295,-20.5006,-1.14753,24.1367,0.503375,1.46656,-0.498526,
-1.83154,-20.5122,-1.14533,24.1438,0.503559,1.46639,-0.497988,
-1.83013,-20.5238,-1.14314,24.1508,0.503734,1.46622,-0.497448,
-1.82871,-20.5354,-1.14098,24.1579,0.503836,1.4662,-0.496966,
-1.82729,-20.547,-1.13884,24.165,0.5039,1.46626,-0.496505,
-1.82586,-20.5586,-1.13671,24.172,0.503951,1.46636,-0.496044,
-1.82444,-20.5702,-1.13459,24.1791,0.504011,1.46644,-0.495565,
-1.82303,-20.5818,-1.13246,24.1861,0.50413,1.46632,-0.495047,
-1.82164,-20.5935,-1.1303,24.1932,0.504342,1.4659,-0.494475,
-1.82029,-20.6052,-1.12812,24.2002,0.504663,1.46512,-0.493841,
-1.81898,-20.617,-1.1259,24.2072,0.505097,1.46397,-0.493148,
-1.8177,-20.6288,-1.12366,24.2142,0.505637,1.46244,-0.4924,
-1.81646,-20.6407,-1.12139,24.2212,0.506272,1.46058,-0.491607,
-1.81526,-20.6526,-1.11911,24.2282,0.506987,1.45842,-0.490778,
-1.81408,-20.6645,-1.11682,24.2351,0.507767,1.45601,-0.489921,
-1.81294,-20.6764,-1.11453,24.2421,0.508597,1.4534,-0.489045,
-1.81187,-20.6884,-1.11216,24.249,0.509737,1.44973,-0.487973,
-1.81088,-20.7005,-1.10975,24.2559,0.511074,1.4454,-0.486805,
-1.80994,-20.7126,-1.10732,24.2627,0.512497,1.44071,-0.485615,
-1.80903,-20.7247,-1.10491,24.2696,0.513925,1.4359,-0.484455,
-1.80815,-20.7367,-1.10253,24.2764,0.515306,1.43114,-0.483352,
-1.80728,-20.7486,-1.1002,24.2832,0.516608,1.42657,-0.482318,
-1.80642,-20.7605,-1.09793,24.2901,0.517814,1.42226,-0.481353,
-1.80555,-20.7722,-1.09571,24.2969,0.518921,1.41826,-0.480451,
-1.80468,-20.7837,-1.09356,24.3038,0.519933,1.41459,-0.479603,
-1.80384,-20.7952,-1.09146,24.3106,0.520565,1.41146,-0.479227,
-1.80299,-20.8065,-1.0894,24.3175,0.520988,1.40881,-0.479073,
-1.80213,-20.8177,-1.08738,24.3244,0.52132,1.40656,-0.478986,
-1.80127,-20.8288,-1.08539,24.3314,0.521634,1.40459,-0.478874,
-1.80039,-20.8398,-1.08341,24.3383,0.521972,1.40283,-0.478688,
-1.7995,-20.8508,-1.08146,24.3452,0.522352,1.4012,-0.478407,
-1.79861,-20.8617,-1.07952,24.3521,0.522781,1.39966,-0.478027,
-1.7977,-20.8726,-1.07761,24.3591,0.523257,1.39815,-0.477557,
-1.7968,-20.8835,-1.07572,24.366,0.523771,1.39665,-0.477008,
-1.79589,-20.8944,-1.07385,24.3729,0.524315,1.39515,-0.476395,
-1.79498,-20.9052,-1.072,24.3799,0.524879,1.39363,-0.475732,
-1.79408,-20.9161,-1.07018,24.3868,0.525455,1.39209,-0.475033,
-1.79317,-20.9269,-1.06838,24.3937,0.526035,1.39053,-0.47431,
-1.79227,-20.9377,-1.0666,24.4006,0.526613,1.38894,-0.473572,
-1.79138,-20.9485,-1.06485,24.4075,0.527183,1.38735,-0.472829,
-1.79049,-20.9592,-1.06312,24.4144,0.527742,1.38574,-0.472085,
-1.7896,-20.97,-1.06141,24.4213,0.528287,1.38413,-0.471347,
-1.78873,-20.9807,-1.05972,24.4282,0.528817,1.38252,-0.470618,
-1.78786,-20.9914,-1.05805,24.4351,0.52933,1.38092,-0.4699,
-1.78699,-21.0021,-1.0564,24.442,0.529827,1.37933,-0.469195,
-1.78614,-21.0128,-1.05477,24.4489,0.530307,1.37774,-0.468504,
-1.78529,-21.0234,-1.05316,24.4558,0.53077,1.37618,-0.467827,
-1.78445,-21.0341,-1.05157,24.4626,0.531207,1.37461,-0.467177,
-1.78361,-21.0447,-1.04999,24.4695,0.531614,1.37307,-0.466562,
-1.78279,-21.0553,-1.04842,24.4764,0.531993,1.37156,-0.465984,
-1.78197,-21.0658,-1.04687,24.4833,0.532344,1.37009,-0.465443,
-1.78117,-21.0764,-1.04532,24.4901,0.532672,1.36865,-0.464934,
-1.78037,-21.0869,-1.04379,24.497,0.532979,1.36725,-0.464454,
-1.77958,-21.0974,-1.04226,24.5038,0.53327,1.36589,-0.463999,
-1.77876,-21.1078,-1.04077,24.5107,0.533618,1.36484,-0.463382,
-1.77793,-21.1182,-1.03929,24.5176,0.533981,1.364,-0.462709,
-1.77711,-21.1285,-1.03784,24.5245,0.534332,1.36325,-0.462039,
-1.7763,-21.1388,-1.0364,24.5314,0.534657,1.36252,-0.461402,
-1.77549,-21.1491,-1.03496,24.5383,0.534954,1.36177,-0.460813,
-1.77471,-21.1594,-1.03353,24.5451,0.535224,1.36096,-0.460278,
-1.77393,-21.1698,-1.0321,24.552,0.535473,1.36007,-0.459795,
-1.77317,-21.1801,-1.03067,24.5589,0.535711,1.35912,-0.459343,
-1.77242,-21.1904,-1.02923,24.5658,0.535943,1.35812,-0.45892,
-1.77169,-21.2007,-1.0278,24.5726,0.536174,1.35704,-0.458519,
-1.77096,-21.211,-1.02636,24.5795,0.536407,1.35591,-0.458137,
-1.77024,-21.2214,-1.02491,24.5863,0.536644,1.35471,-0.45777,
-1.76954,-21.2317,-1.02347,24.5932,0.536885,1.35346,-0.457418,
-1.76884,-21.242,-1.02202,24.6,0.537131,1.35216,-0.457078,
-1.76816,-21.2523,-1.02056,24.6068,0.53738,1.35082,-0.456748,
-1.76748,-21.2627,-1.01911,24.6136,0.537631,1.34946,-0.456427,
-1.7668,-21.2729,-1.01766,24.6204,0.53789,1.34811,-0.456096,
-1.76613,-21.2832,-1.01622,24.6272,0.538151,1.34679,-0.455763,
-1.76546,-21.2935,-1.01477,24.6341,0.538409,1.34548,-0.455434,
-1.76479,-21.3037,-1.01334,24.6409,0.538665,1.3442,-0.455105,
-1.76412,-21.314,-1.01191,24.6476,0.538918,1.34295,-0.454778,
-1.76346,-21.3242,-1.01048,24.6544,0.539166,1.34171,-0.454454,
-1.7628,-21.3344,-1.00906,24.6612,0.539411,1.34049,-0.454133,
-1.76214,-21.3446,-1.00765,24.668,0.539651,1.33928,-0.453815,
-1.76149,-21.3548,-1.00624,24.6748,0.539888,1.33808,-0.4535,
-1.76083,-21.3649,-1.00484,24.6816,0.540121,1.3369,-0.453186,
-1.76018,-21.3751,-1.00344,24.6884,0.540347,1.33576,-0.452875,
-1.75952,-21.3852,-1.00206,24.6951,0.540566,1.33467,-0.452563,
-1.75887,-21.3953,-1.00068,24.7019,0.54078,1.33361,-0.452249,
-1.75822,-21.4054,-0.999309,24.7087,0.540991,1.33257,-0.451931,
-1.75756,-21.4155,-0.997945,24.7154,0.541201,1.33155,-0.45161,
-1.75691,-21.4256,-0.996585,24.7222,0.541409,1.33052,-0.451291,
-1.75627,-21.4356,-0.995231,24.729,0.541615,1.32949,-0.450974,
-1.75562,-21.4457,-0.993881,24.7357,0.541822,1.32844,-0.450657,
-1.75498,-21.4557,-0.992536,24.7425,0.542027,1.3274,-0.450338,
-1.75433,-21.4658,-0.991195,24.7492,0.542233,1.32637,-0.450017,
-1.75369,-21.4758,-0.989861,24.756,0.542438,1.32534,-0.449696,
-1.75306,-21.4858,-0.988531,24.7627,0.542642,1.32431,-0.449372,
-1.75242,-21.4958,-0.987208,24.7695,0.542845,1.3233,-0.449047,
-1.75178,-21.5058,-0.985895,24.7762,0.543052,1.32235,-0.448698,
-1.75114,-21.5158,-0.984591,24.783,0.54326,1.32143,-0.448339,
-1.7505,-21.5257,-0.983295,24.7897,0.543464,1.32054,-0.447975,
-1.74986,-21.5356,-0.982006,24.7965,0.543665,1.31966,-0.447613,
-1.74922,-21.5456,-0.980724,24.8032,0.543861,1.31879,-0.447252,
-1.74859,-21.5555,-0.979448,24.8099,0.544054,1.31791,-0.446896,
-1.74796,-21.5654,-0.978176,24.8167,0.544243,1.31702,-0.446543,
-1.74733,-21.5753,-0.976909,24.8234,0.54443,1.31612,-0.446195,
-1.7467,-21.5852,-0.975647,24.8301,0.544615,1.31521,-0.44585,
-1.74608,-21.5951,-0.974388,24.8369,0.544799,1.31429,-0.445508,
-1.74546,-21.605,-0.973132,24.8436,0.544983,1.31335,-0.44517,
-1.74485,-21.6149,-0.971882,24.8503,0.545166,1.31242,-0.44483,
-1.74424,-21.6247,-0.970636,24.857,0.545349,1.31149,-0.44449,
-1.74363,-21.6346,-0.969393,24.8638,0.545532,1.31056,-0.444152,
-1.74302,-21.6444,-0.968155,24.8705,0.545713,1.30962,-0.443817,
-1.74242,-21.6543,-0.966921,24.8772,0.545894,1.30868,-0.443483,
-1.74183,-21.6641,-0.965688,24.8839,0.545984,1.30779,-0.443288,
-1.74124,-21.6739,-0.964455,24.8906,0.54604,1.30695,-0.443147,
-1.74066,-21.6837,-0.963219,24.8974,0.546097,1.30613,-0.443008,
-1.74008,-21.6934,-0.961981,24.9041,0.546177,1.3053,-0.442842,
-1.7395,-21.7032,-0.960741,24.9108,0.546289,1.30446,-0.442636,
-1.73891,-21.713,-0.959501,24.9175,0.546435,1.30359,-0.442385,
-1.73833,-21.7227,-0.958263,24.9242,0.546608,1.3027,-0.442095,
-1.73775,-21.7325,-0.957029,24.9309,0.546797,1.30178,-0.441785,
-1.73717,-21.7423,-0.955799,24.9376,0.546992,1.30084,-0.441464,
-1.73658,-21.752,-0.954579,24.9443,0.547193,1.29994,-0.441121,
-1.736,-21.7617,-0.953367,24.951,0.547392,1.29906,-0.44077,
-1.73541,-21.7714,-0.952163,24.9577,0.547586,1.29819,-0.440418,
-1.73483,-21.7811,-0.950966,24.9644,0.547774,1.29733,-0.440072,
-1.73424,-21.7908,-0.949776,24.9711,0.547954,1.29648,-0.439729,
-1.73366,-21.8005,-0.948591,24.9778,0.548129,1.29563,-0.439392,
-1.73308,-21.8102,-0.947411,24.9845,0.548298,1.29477,-0.439062,
-1.73251,-21.8199,-0.946235,24.9912,0.548463,1.29391,-0.438738,
-1.73194,-21.8295,-0.945062,24.9979,0.548626,1.29303,-0.438419,
-1.73137,-21.8392,-0.943891,25.0046,0.548787,1.29214,-0.438103,
-1.7308,-21.8488,-0.942724,25.0113,0.548948,1.29124,-0.437792,
-1.73024,-21.8585,-0.94156,25.018,0.549108,1.29033,-0.437482,
-1.72968,-21.8681,-0.940398,25.0247,0.549269,1.2894,-0.437174,
-1.72912,-21.8777,-0.939239,25.0314,0.54943,1.28847,-0.436867,
-1.72856,-21.8874,-0.938083,25.038,0.549593,1.28753,-0.43656,
-1.72801,-21.897,-0.936929,25.0447,0.549756,1.28659,-0.436254,
-1.72746,-21.9066,-0.935779,25.0514,0.54992,1.28564,-0.435946,
-1.72691,-21.9162,-0.934632,25.0581,0.550085,1.28468,-0.43564,
-1.72637,-21.9258,-0.933489,25.0647,0.550249,1.28373,-0.435333,
-1.72582,-21.9353,-0.932349,25.0714,0.550414,1.28277,-0.435025,
-1.72528,-21.9449,-0.931214,25.0781,0.550578,1.28182,-0.434716,
-1.72474,-21.9545,-0.930082,25.0847,0.550744,1.28087,-0.434406,
-1.7242,-21.964,-0.928954,25.0914,0.550909,1.27991,-0.434094,
-1.72366,-21.9736,-0.927831,25.0981,0.551075,1.27897,-0.433781,
-1.72313,-21.9831,-0.926712,25.1047,0.55124,1.27802,-0.433466,
-1.72259,-21.9926,-0.925597,25.1114,0.551405,1.27707,-0.43315,
-1.72206,-22.0021,-0.924487,25.118,0.55157,1.27613,-0.432832,
-1.72153,-22.0116,-0.923381,25.1247,0.551735,1.27519,-0.432513,
-1.721,-22.0211,-0.92228,25.1314,0.551899,1.27426,-0.432193,
-1.72047,-22.0306,-0.921184,25.138,0.552062,1.27333,-0.431871,
-1.71995,-22.0401,-0.920092,25.1447,0.552225,1.2724,-0.431549,
-1.71942,-22.0495,-0.919004,25.1513,0.552387,1.27148,-0.431226,
-1.7189,-22.059,-0.917921,25.158,0.552548,1.27056,-0.430904,
-1.71837,-22.0684,-0.916849,25.1646,0.552715,1.26971,-0.430552,
-1.71784,-22.0778,-0.915786,25.1713,0.552882,1.26892,-0.430187,
-1.71731,-22.0872,-0.914731,25.1779,0.553046,1.26816,-0.429817,
-1.71679,-22.0966,-0.913682,25.1846,0.553206,1.2674,-0.42945,
-1.71626,-22.106,-0.912638,25.1912,0.553359,1.26665,-0.42909,
-1.71574,-22.1154,-0.911598,25.1979,0.553508,1.26589,-0.428736,
-1.71522,-22.1247,-0.910561,25.2045,0.553654,1.26511,-0.42839,
-1.7147,-22.1341,-0.909526,25.2112,0.553797,1.2643,-0.428053,
-1.71419,-22.1435,-0.908491,25.2178,0.553939,1.26346,-0.427726,
-1.71368,-22.1528,-0.907456,25.2245,0.554079,1.26259,-0.427409,
-1.71318,-22.1622,-0.906421,25.2311,0.554219,1.26169,-0.427101,
-1.71269,-22.1716,-0.905386,25.2377,0.554358,1.26077,-0.426802,
-1.7122,-22.1809,-0.90435,25.2444,0.554497,1.25982,-0.426512,
-1.71171,-22.1903,-0.903314,25.251,0.554635,1.25885,-0.42623,
-1.71123,-22.1996,-0.902278,25.2576,0.554773,1.25787,-0.425954,
-1.71075,-22.2089,-0.901242,25.2643,0.55491,1.25688,-0.425686,
-1.71028,-22.2183,-0.900206,25.2709,0.555047,1.25588,-0.425424,
-1.7098,-22.2276,-0.89917,25.2775,0.555183,1.25488,-0.425168,
-1.70933,-22.2369,-0.898135,25.2841,0.555317,1.25388,-0.424917,
-1.70887,-22.2462,-0.897101,25.2908,0.555451,1.25288,-0.42467,
-1.7084,-22.2555,-0.896068,25.2974,0.555583,1.25188,-0.424428,
-1.70794,-22.2647,-0.895036,25.304,0.555714,1.25089,-0.42419,
-1.70748,-22.274,-0.894005,25.3106,0.555844,1.2499,-0.423955,
-1.70701,-22.2833,-0.892979,25.3172,0.555973,1.24896,-0.423713,
-1.70655,-22.2925,-0.891957,25.3238,0.556112,1.24805,-0.423449,
-1.70608,-22.3017,-0.89094,25.3305,0.556253,1.24716,-0.423177,
-1.70562,-22.3109,-0.889927,25.3371,0.556394,1.24628,-0.422904,
-1.70515,-22.3201,-0.888916,25.3437,0.55652,1.24541,-0.422651,
-1.70469,-22.3293,-0.887908,25.3503,0.556649,1.24453,-0.422393,
-1.70423,-22.3385,-0.886901,25.3569,0.556773,1.24365,-0.422146,
-1.70377,-22.3477,-0.885896,25.3635,0.556893,1.24276,-0.421905,
-1.70332,-22.3569,-0.884891,25.3701,0.557011,1.24187,-0.42167,
-1.70286,-22.3661,-0.883887,25.3767,0.557128,1.24096,-0.42144,
-1.70241,-22.3752,-0.882883,25.3834,0.557245,1.24006,-0.421213,
-1.70196,-22.3844,-0.88188,25.39,0.557362,1.23914,-0.420988,
-1.70151,-22.3935,-0.880877,25.3966,0.557479,1.23822,-0.420765,
-1.70107,-22.4027,-0.879876,25.4032,0.557597,1.2373,-0.420543,
-1.70062,-22.4118,-0.878875,25.4098,0.557715,1.23638,-0.420322,
-1.70017,-22.4209,-0.877875,25.4164,0.557833,1.23545,-0.420102,
-1.69973,-22.43,-0.876877,25.423,0.557952,1.23453,-0.419883,
-1.69929,-22.4391,-0.87588,25.4296,0.55807,1.2336,-0.419663,
-1.69884,-22.4482,-0.874885,25.4362,0.558188,1.23269,-0.419444,
-1.6984,-22.4573,-0.873894,25.4428,0.558309,1.2318,-0.419214,
-1.69795,-22.4664,-0.872907,25.4493,0.558429,1.23094,-0.418978,
-1.6975,-22.4754,-0.871923,25.4559,0.558548,1.2301,-0.418741,
-1.69705,-22.4845,-0.870949,25.4625,0.55867,1.22934,-0.418478,
-1.69659,-22.4935,-0.869982,25.4691,0.558791,1.22862,-0.418205,
-1.69613,-22.5025,-0.86902,25.4757,0.558909,1.22793,-0.417929,
-1.69567,-22.5115,-0.868063,25.4823,0.559022,1.22726,-0.417652,
-1.69521,-22.5205,-0.867109,25.489,0.559132,1.22659,-0.417379,
-1.69476,-22.5295,-0.866158,25.4956,0.559239,1.2259,-0.41711,
-1.6943,-22.5385,-0.865208,25.5022,0.559344,1.2252,-0.416846,
-1.69385,-22.5474,-0.864258,25.5088,0.559448,1.22446,-0.416587,
-1.6934,-22.5564,-0.863308,25.5153,0.559553,1.2237,-0.416334,
-1.69295,-22.5654,-0.862357,25.5219,0.559658,1.2229,-0.416084,
-1.6925,-22.5744,-0.861406,25.5285,0.559765,1.22208,-0.415839,
-1.69206,-22.5834,-0.860455,25.5351,0.559874,1.22124,-0.415597,
-1.69162,-22.5924,-0.859503,25.5417,0.559983,1.22037,-0.415358,
-1.69118,-22.6013,-0.858551,25.5483,0.560094,1.21949,-0.415121,
-1.69074,-22.6103,-0.857599,25.5549,0.560206,1.2186,-0.414887,
-1.69031,-22.6192,-0.856648,25.5615,0.560318,1.2177,-0.414654,
-1.68987,-22.6282,-0.855697,25.5681,0.56043,1.21679,-0.414423,
-1.68944,-22.6371,-0.854748,25.5746,0.560542,1.21588,-0.414193,
-1.68901,-22.6461,-0.8538,25.5812,0.560655,1.21497,-0.413964,
-1.68857,-22.655,-0.852853,25.5878,0.560766,1.21407,-0.413735,
-1.68814,-22.6639,-0.851909,25.5944,0.560877,1.21317,-0.413507,
-1.68771,-22.6728,-0.850966,25.601,0.560987,1.21228,-0.413279,
-1.68728,-22.6817,-0.850025,25.6075,0.561096,1.21139,-0.413051,
-1.68685,-22.6906,-0.849087,25.6141,0.561204,1.21052,-0.412822,
-1.68641,-22.6995,-0.848157,25.6207,0.561315,1.20973,-0.412569,
-1.68597,-22.7084,-0.847234,25.6273,0.561426,1.209,-0.412305,
-1.68553,-22.7172,-0.846316,25.6338,0.561532,1.20831,-0.412037,
-1.6851,-22.726,-0.845405,25.6404,0.561475,1.20783,-0.411993,
-1.68424,-22.7341,-0.844996,25.6469,0.560616,1.21296,-0.411746,
-1.6835,-22.7425,-0.844424,25.6536,0.559717,1.21615,-0.411958,
-1.68286,-22.7512,-0.843695,25.6603,0.559133,1.21788,-0.412103,
-1.68232,-22.76,-0.842838,25.667,0.558864,1.21847,-0.41211,
-1.68143,-22.7682,-0.842383,25.6735,0.558022,1.22376,-0.411839,
-1.68029,-22.7761,-0.842191,25.6802,0.556563,1.23184,-0.411706,
-1.67901,-22.784,-0.842132,25.6868,0.554677,1.24143,-0.41178,
-1.67766,-22.792,-0.842105,25.6936,0.552581,1.25169,-0.411995,
-1.67631,-22.8001,-0.842032,25.7004,0.550456,1.26191,-0.412285,
-1.67498,-22.8084,-0.841872,25.7072,0.548434,1.27172,-0.412564,
-1.67368,-22.8169,-0.841593,25.714,0.546598,1.28075,-0.412798,
-1.67245,-22.8257,-0.841178,25.7208,0.544993,1.28877,-0.412967,
-1.67129,-22.8348,-0.840623,25.7277,0.54364,1.29564,-0.413064,
-1.67019,-22.8441,-0.839932,25.7345,0.542548,1.30132,-0.413075,
-1.66915,-22.8537,-0.839115,25.7412,0.541708,1.30585,-0.412994,
-1.66818,-22.8635,-0.838187,25.748,0.541101,1.30928,-0.412825,
-1.66726,-22.8735,-0.837164,25.7547,0.540699,1.31173,-0.412581,
-1.66639,-22.8836,-0.836055,25.7614,0.540387,1.31337,-0.412407,
-1.66558,-22.8939,-0.834875,25.7681,0.540165,1.31432,-0.412269,
-1.6648,-22.9043,-0.833636,25.7748,0.540029,1.31472,-0.412143,
-1.66405,-22.9147,-0.832351,25.7814,0.539975,1.31466,-0.412006,
-1.66332,-22.9253,-0.831029,25.7881,0.539991,1.31424,-0.411856,
-1.66261,-22.9358,-0.829679,25.7947,0.540063,1.31355,-0.411692,
-1.66191,-22.9464,-0.828311,25.8014,0.54018,1.31267,-0.411513,
-1.66122,-22.957,-0.826932,25.808,0.540331,1.31169,-0.411311,
-1.66053,-22.9675,-0.825551,25.8146,0.540509,1.31066,-0.411082,
-1.65985,-22.9781,-0.824174,25.8213,0.540704,1.30964,-0.410827,
-1.65916,-22.9886,-0.822804,25.8279,0.540912,1.30866,-0.410547,
-1.65847,-22.9991,-0.821445,25.8346,0.541127,1.30772,-0.41024,
-1.65778,-23.0096,-0.820098,25.8412,0.541346,1.30685,-0.40991,
-1.65708,-23.02,-0.818764,25.8479,0.541568,1.30602,-0.409558,
-1.65638,-23.0304,-0.817445,25.8546,0.541792,1.30526,-0.409184,
-1.65568,-23.0408,-0.81614,25.8612,0.542017,1.30453,-0.408791,
-1.65497,-23.0512,-0.814849,25.8679,0.542243,1.30383,-0.408379,
-1.65427,-23.0615,-0.813571,25.8746,0.542469,1.30317,-0.407953,
-1.65356,-23.0718,-0.812306,25.8813,0.542695,1.30251,-0.407514,
-1.65286,-23.0821,-0.811054,25.888,0.542923,1.30186,-0.407061,
-1.65215,-23.0924,-0.809814,25.8947,0.543153,1.3012,-0.406595,
-1.65145,-23.1027,-0.808585,25.9014,0.543385,1.30053,-0.406119,
-1.65075,-23.113,-0.807368,25.9081,0.543619,1.29985,-0.405634,
-1.65006,-23.1232,-0.80616,25.9148,0.543855,1.29915,-0.40514,
-1.64937,-23.1335,-0.804963,25.9216,0.544093,1.29842,-0.404641,
-1.64868,-23.1437,-0.803775,25.9283,0.544333,1.29768,-0.404136,
-1.648,-23.1539,-0.802596,25.935,0.544574,1.2969,-0.403629,
-1.64732,-23.1641,-0.801426,25.9417,0.544815,1.2961,-0.403119,
-1.64664,-23.1743,-0.800265,25.9484,0.545056,1.29528,-0.402609,
-1.64598,-23.1845,-0.799112,25.9552,0.545298,1.29444,-0.402098,
-1.64531,-23.1947,-0.797968,25.9619,0.545538,1.29357,-0.401589,
-1.64466,-23.2049,-0.796831,25.9686,0.545779,1.29269,-0.401081,
-1.64401,-23.215,-0.795701,25.9754,0.546018,1.29178,-0.400576,
-1.64336,-23.2251,-0.794579,25.9821,0.546255,1.29086,-0.400075,
-1.64272,-23.2353,-0.793464,25.9888,0.546492,1.28993,-0.399576,
-1.64209,-23.2454,-0.792356,25.9956,0.546726,1.28898,-0.399082,
-1.64146,-23.2555,-0.791254,26.0023,0.546959,1.28803,-0.398592,
-1.64084,-23.2656,-0.790159,26.009,0.547191,1.28706,-0.398106,
-1.64022,-23.2756,-0.78907,26.0158,0.54742,1.28609,-0.397625,
-1.63961,-23.2857,-0.787987,26.0225,0.547648,1.28511,-0.397148,
-1.63901,-23.2958,-0.786911,26.0292,0.547884,1.28411,-0.39666,
-1.6384,-23.3058,-0.785843,26.036,0.54813,1.2831,-0.396157,
-1.63781,-23.3158,-0.784782,26.0427,0.548387,1.28208,-0.395637,
-1.63721,-23.3258,-0.783729,26.0494,0.548655,1.28103,-0.395101,
-1.63662,-23.3358,-0.782686,26.0562,0.548931,1.27997,-0.39455,
-1.63603,-23.3458,-0.781652,26.0629,0.549212,1.27889,-0.393987,
-1.63545,-23.3558,-0.780628,26.0696,0.54949,1.27781,-0.393426,
-1.63489,-23.3658,-0.779608,26.0764,0.549698,1.27676,-0.392979,
-1.63433,-23.3757,-0.778592,26.0831,0.549864,1.27576,-0.392595,
-1.63378,-23.3856,-0.777577,26.0898,0.550013,1.27478,-0.392243,
-1.63324,-23.3955,-0.776563,26.0966,0.550157,1.27383,-0.391903,
-1.6327,-23.4054,-0.775549,26.1033,0.550306,1.27289,-0.391565,
-1.63216,-23.4153,-0.774537,26.1101,0.550463,1.27195,-0.391221,
-1.63163,-23.4251,-0.773525,26.1168,0.550629,1.27102,-0.39087,
-1.63111,-23.435,-0.772515,26.1235,0.550805,1.27008,-0.39051,
-1.63059,-23.4448,-0.771508,26.1303,0.550989,1.26914,-0.390143,
-1.63007,-23.4546,-0.770504,26.137,0.551179,1.2682,-0.389769,
-1.62955,-23.4644,-0.769503,26.1438,0.551375,1.26725,-0.38939,
-1.62904,-23.4742,-0.768506,26.1505,0.551574,1.26629,-0.389007,
-1.62854,-23.484,-0.767514,26.1573,0.551775,1.26534,-0.388622,
-1.62803,-23.4938,-0.766526,26.164,0.551978,1.26438,-0.388235,
-1.62753,-23.5036,-0.765543,26.1707,0.552182,1.26342,-0.387847,
-1.62703,-23.5133,-0.764565,26.1775,0.552385,1.26246,-0.38746,
-1.62654,-23.523,-0.763592,26.1842,0.552588,1.2615,-0.387072,
-1.62604,-23.5328,-0.762624,26.191,0.55279,1.26054,-0.386686,
-1.62555,-23.5425,-0.761661,26.1977,0.552991,1.25958,-0.386299,
-1.62507,-23.5522,-0.760704,26.2044,0.553191,1.25862,-0.385914,
-1.62458,-23.5619,-0.759751,26.2112,0.55339,1.25767,-0.385529,
-1.6241,-23.5716,-0.758803,26.2179,0.553588,1.25671,-0.385145,
-1.62363,-23.5812,-0.757861,26.2247,0.553785,1.25577,-0.384762,
-1.62315,-23.5909,-0.756923,26.2314,0.553981,1.25482,-0.38438,
-1.62268,-23.6005,-0.75599,26.2382,0.554176,1.25388,-0.383999,
-1.62221,-23.6101,-0.755062,26.2449,0.55437,1.25294,-0.383618,
-1.62175,-23.6198,-0.754138,26.2516,0.554564,1.25201,-0.383238,
-1.62129,-23.6294,-0.753219,26.2584,0.554756,1.25107,-0.382858,
-1.62083,-23.6389,-0.752305,26.2651,0.554948,1.25014,-0.382479,
-1.62037,-23.6485,-0.751396,26.2719,0.55514,1.24921,-0.382101,
-1.61995,-23.658,-0.750481,26.2786,0.555008,1.24861,-0.38221,
-1.61955,-23.6675,-0.749545,26.2854,0.55472,1.24824,-0.382572,
-1.61916,-23.6769,-0.748581,26.2922,0.554394,1.24799,-0.383026,
-1.61878,-23.6863,-0.747585,26.299,0.554099,1.24779,-0.383476,
-1.61839,-23.6957,-0.746558,26.3058,0.553874,1.24757,-0.383868,
-1.61801,-23.7051,-0.745505,26.3126,0.553732,1.24728,-0.384178,
-1.61763,-23.7145,-0.744425,26.3195,0.55363,1.24688,-0.384473,
-1.61725,-23.7239,-0.743323,26.3263,0.553585,1.24636,-0.38472,
-1.61687,-23.7334,-0.742204,26.3331,0.5536,1.24574,-0.384904,
-1.61648,-23.7428,-0.741073,26.3398,0.553672,1.24501,-0.385022,
-1.61609,-23.7523,-0.739935,26.3466,0.553793,1.24418,-0.385077,
-1.61569,-23.7617,-0.738795,26.3534,0.553954,1.24328,-0.385076,
-1.61529,-23.7712,-0.737655,26.3602,0.554146,1.24231,-0.385027,
-1.61488,-23.7807,-0.73652,26.367,0.554363,1.24128,-0.384933,
-1.61446,-23.7901,-0.735393,26.3738,0.55461,1.24021,-0.384778,
-1.61403,-23.7996,-0.734278,26.3805,0.554889,1.2391,-0.384555,
-1.61358,-23.809,-0.733177,26.3873,0.555197,1.23795,-0.384263,
-1.61313,-23.8185,-0.732094,26.3941,0.555517,1.23678,-0.383929,
-1.61268,-23.8279,-0.731019,26.4008,0.555776,1.23563,-0.383675,
-1.61224,-23.8373,-0.729955,26.4076,0.555997,1.23449,-0.38346,
-1.61178,-23.8467,-0.728899,26.4144,0.556199,1.23337,-0.383258,
-1.61133,-23.8561,-0.727852,26.4211,0.556395,1.23227,-0.383051,
-1.61087,-23.8655,-0.726814,26.4279,0.556593,1.23118,-0.382827,
-1.6104,-23.8748,-0.725784,26.4346,0.556798,1.2301,-0.382578,
-1.60993,-23.8842,-0.724763,26.4414,0.557012,1.22902,-0.382302,
-1.60946,-23.8935,-0.723753,26.4482,0.557237,1.22795,-0.381996,
-1.60898,-23.9028,-0.722754,26.4549,0.557471,1.22688,-0.38166,
-1.6085,-23.9122,-0.721767,26.4617,0.557714,1.22581,-0.381294,
-1.60801,-23.9215,-0.720792,26.4684,0.557966,1.22475,-0.380899,
-1.60752,-23.9308,-0.719831,26.4752,0.558225,1.22368,-0.380477,
-1.60703,-23.94,-0.718883,26.4819,0.55849,1.22261,-0.380028,
-1.60654,-23.9493,-0.71795,26.4887,0.558759,1.22154,-0.379555,
-1.60604,-23.9586,-0.717032,26.4954,0.559033,1.22047,-0.379057,
-1.60554,-23.9678,-0.716129,26.5022,0.55931,1.2194,-0.378537,
-1.60504,-23.9771,-0.715241,26.5089,0.559589,1.21833,-0.377997,
-1.60453,-23.9863,-0.714369,26.5156,0.559862,1.21727,-0.37745,
-1.60403,-23.9955,-0.71351,26.5224,0.560122,1.21622,-0.376907,
-1.60354,-24.0047,-0.712666,26.5291,0.560367,1.21519,-0.376373,
-1.60304,-24.0139,-0.711833,26.5359,0.560597,1.21418,-0.375849,
-1.60255,-24.0231,-0.711011,26.5426,0.560814,1.21319,-0.375335,
-1.60206,-24.0323,-0.7102,26.5493,0.561021,1.21222,-0.374829,
-1.60157,-24.0414,-0.709397,26.5561,0.561219,1.21127,-0.374331,
-1.60109,-24.0506,-0.708603,26.5628,0.561409,1.21034,-0.373839,
-1.60061,-24.0597,-0.707816,26.5696,0.561594,1.20941,-0.373353,
-1.60014,-24.0688,-0.707036,26.5763,0.561774,1.2085,-0.372871,
-1.59967,-24.0779,-0.706263,26.583,0.561951,1.2076,-0.372393,
-1.59921,-24.087,-0.705495,26.5898,0.562125,1.20671,-0.371919,
-1.59875,-24.0961,-0.704733,26.5965,0.562296,1.20583,-0.37145,
-1.59829,-24.1052,-0.703976,26.6033,0.562464,1.20495,-0.370987,
-1.59784,-24.1143,-0.703224,26.61,0.56263,1.20408,-0.370528,
-1.5974,-24.1233,-0.702476,26.6167,0.562793,1.20321,-0.370076,
-1.59696,-24.1324,-0.701733,26.6235,0.562953,1.20234,-0.36963,
-1.59653,-24.1414,-0.700993,26.6302,0.56311,1.20148,-0.369192,
-1.5961,-24.1504,-0.700257,26.637,0.563263,1.20062,-0.368762,
-1.59568,-24.1594,-0.699524,26.6437,0.563414,1.19977,-0.36834,
-1.59526,-24.1684,-0.698794,26.6504,0.563561,1.19892,-0.367928,
-1.59485,-24.1774,-0.698066,26.6572,0.563705,1.19808,-0.367525,
-1.59444,-24.1864,-0.697341,26.6639,0.563845,1.19724,-0.367131,
-1.59409,-24.1954,-0.696594,26.6707,0.563601,1.19672,-0.367352,
-1.59377,-24.2042,-0.695813,26.6775,0.563173,1.19642,-0.36789,
-1.59346,-24.213,-0.69499,26.6843,0.562702,1.19625,-0.368551,
-1.59316,-24.2219,-0.694122,26.6911,0.56227,1.19614,-0.369215,
-1.59286,-24.2307,-0.693212,26.6979,0.561924,1.19601,-0.369811,
-1.59256,-24.2395,-0.692266,26.7047,0.561678,1.19582,-0.370311,
-1.59226,-24.2483,-0.691292,26.7115,0.56154,1.19554,-0.370689,
-1.59194,-24.2572,-0.6903,26.7183,0.561514,1.19515,-0.370925,
-1.59162,-24.266,-0.689298,26.7251,0.561586,1.19463,-0.371027,
-1.59128,-24.2749,-0.688292,26.7319,0.561732,1.19401,-0.371025,
-1.59095,-24.2838,-0.687278,26.7387,0.561855,1.19331,-0.371073,
-1.59062,-24.2927,-0.686259,26.7455,0.561968,1.19256,-0.37114,
-1.59028,-24.3016,-0.685238,26.7523,0.562083,1.19175,-0.371202,
-1.58994,-24.3104,-0.684217,26.7591,0.562207,1.1909,-0.371247,
-1.58959,-24.3193,-0.683196,26.7659,0.562342,1.19002,-0.371268,
-1.58923,-24.3282,-0.682178,26.7727,0.562489,1.18912,-0.371261,
-1.58886,-24.3371,-0.681164,26.7794,0.562649,1.18819,-0.371224,
-1.58848,-24.346,-0.680156,26.7862,0.56282,1.18725,-0.371155,
-1.5881,-24.3548,-0.679156,26.793,0.563001,1.1863,-0.371056,
-1.58771,-24.3637,-0.678162,26.7998,0.563186,1.18534,-0.370935,
-1.58731,-24.3725,-0.677178,26.8066,0.563377,1.18439,-0.370786,
-1.5869,-24.3814,-0.676204,26.8133,0.563574,1.18343,-0.370609,
-1.58649,-24.3902,-0.67524,26.8201,0.563778,1.18246,-0.370402,
-1.58606,-24.3991,-0.674288,26.8269,0.56399,1.1815,-0.370162,
-1.58563,-24.4079,-0.673347,26.8336,0.56421,1.18054,-0.36989,
-1.58519,-24.4167,-0.672421,26.8404,0.564436,1.17958,-0.369586,
-1.58475,-24.4255,-0.671508,26.8472,0.56467,1.17862,-0.369249,
-1.5843,-24.4343,-0.670609,26.854,0.564909,1.17766,-0.36888,
-1.58384,-24.4431,-0.669726,26.8607,0.565156,1.1767,-0.368479,
-1.58338,-24.4519,-0.668858,26.8675,0.565407,1.17573,-0.368046,
-1.58291,-24.4607,-0.668007,26.8742,0.565664,1.17477,-0.367582,
-1.58244,-24.4694,-0.667173,26.881,0.565926,1.17381,-0.367088,
-1.58196,-24.4782,-0.666356,26.8878,0.566191,1.17285,-0.366567,
-1.58148,-24.4869,-0.665556,26.8945,0.566446,1.1719,-0.366038,
-1.581,-24.4957,-0.664772,26.9013,0.566688,1.17097,-0.36551,
