5,5,5,5,5,5,10,10,10,10,10,10,20,20,20,20,20,20,30,30,30,30,30,30,40,40,40,40,40,40,50,50,50,50,50,50,60,60,60,60,60,60,
final costs,avg Hz,avgTimeDerivs,avgTimeBP,avgTimeFP,avgpercent derivs,final costs,avg Hz,avgTimeDerivs,avgTimeBP,avgTimeFP,avgpercent derivs,final costs,avg Hz,avgTimeDerivs,avgTimeBP,avgTimeFP,avgpercent derivs,final costs,avg Hz,avgTimeDerivs,avgTimeBP,avgTimeFP,avgpercent derivs,final costs,avg Hz,avgTimeDerivs,avgTimeBP,avgTimeFP,avgpercent derivs,final costs,avg Hz,avgTimeDerivs,avgTimeBP,avgTimeFP,avgpercent derivs,final costs,avg Hz,avgTimeDerivs,avgTimeBP,avgTimeFP,avgpercent derivs,
6.26291,359.874,2.65215,0.0572942,0.0693108,40.4019,1.36472,246.371,3.79374,0.111931,0.153238,30.3426,0.0350079,242.137,3.62391,0.219537,0.286455,25.7579,0.20154,189.613,4.33766,0.328585,0.607637,25.0463,0.00408335,187.407,4.04613,0.435225,0.854621,23.9567,0.0100946,153.529,4.64843,0.551864,1.31314,23.8261,0.0117496,134.827,5.00551,0.651357,1.76002,23.6273,
6.11307,362.233,2.63415,0.0573483,0.06916,40.4889,1.32686,253.758,3.67761,0.112335,0.150817,30.35,0.0642809,211.382,4.19317,0.220052,0.317548,25.9116,0.138832,208.755,3.92749,0.327762,0.535044,24.9509,0.00206772,191.237,4.02929,0.435272,0.764548,23.816,0.0175998,152.291,4.77971,0.543267,1.24338,24.7709,0.0147777,134.078,5.32997,0.651193,1.47717,23.7366,
19.2308,280.804,3.39036,0.05746,0.113392,41.0796,1.29555,244.737,3.83148,0.118684,0.135859,30.2898,0.0509216,213.287,4.14932,0.219822,0.319366,25.7574,0.0639518,192.391,4.34146,0.328109,0.528187,24.8052,0.0046888,167.693,4.64563,0.435706,0.881942,23.703,0.0101991,155.941,4.59704,0.543391,1.27224,23.8731,0.0108254,131.207,5.14583,0.651335,1.8244,23.3977,
6.12763,356.159,2.68147,0.0570492,0.0692183,40.4463,0.929773,313.269,2.95728,0.111352,0.123513,30.1287,0.0464947,266.53,3.20009,0.219697,0.332132,25.7593,0.0192722,197.671,4.10832,0.347405,0.603171,24.4093,0.00376682,171.997,4.53146,0.438882,0.843702,23.8486,0.0397519,148.948,4.78665,0.550352,1.37673,24.3015,0.0129978,138.962,5.02635,0.651715,1.51817,24.031,
6.15443,358.217,2.66556,0.0570558,0.0689867,40.4241,1.36309,253.608,3.6646,0.111838,0.166645,30.375,0.133616,221.15,3.99563,0.219707,0.306475,26.2681,0.0111558,209.759,3.98519,0.327362,0.454815,24.1877,0.0218832,175.575,4.23387,0.435717,1.02597,24.4204,0.0106341,149.972,4.82727,0.549384,1.29126,23.7907,0.017995,132.297,5.12001,0.652003,1.78674,23.5667,
19.3996,235.496,4.07486,0.0577317,0.113763,41.0556,0.967541,319.104,2.8966,0.111498,0.125675,30.2,0.842101,214.574,4.05644,0.220463,0.383485,26.2505,0.0110539,206.808,3.95667,0.327213,0.551515,24.2077,0.0212583,165.372,4.68069,0.436915,0.929386,24.0764,0.0119784,151.56,4.88126,0.543415,1.17335,23.49,0.0503131,131.808,5.22896,0.653875,1.70394,23.7159,
6.24493,356.347,2.67855,0.057455,0.0702533,40.4537,1.28336,256.394,3.62753,0.111974,0.160748,30.4009,0.044098,230.054,3.76611,0.220071,0.360621,25.7495,0.0849294,210.416,3.85229,0.329557,0.570636,24.4855,0.020014,165.26,4.6176,0.440219,0.993248,24.1586,0.0186679,147.978,4.73774,0.554876,1.46514,24.2835,0.0789839,133.568,5.16338,0.665805,1.65764,24.2323,
19.0045,261.042,3.6579,0.0591258,0.113769,41.0185,0.647728,271.571,3.40418,0.114413,0.163678,30.2898,0.658804,213.391,4.09748,0.223588,0.365157,25.7523,0.0654862,196.365,4.15784,0.332992,0.601728,24.7136,0.0158114,176.957,4.23489,0.439732,0.976469,24.0819,0.0155846,161.87,4.37795,0.544443,1.25539,23.7504,0.0195741,136.428,5.05107,0.651958,1.62683,23.9593,
19.1058,278.099,3.42045,0.0583667,0.117028,40.9722,1.40424,264.592,3.5077,0.112139,0.159553,30.2574,0.310897,212.674,4.19066,0.220438,0.29093,26.312,0.0259328,206.072,4.02367,0.327999,0.501012,24.321,0.014378,190.281,4.04452,0.436348,0.774518,24.1273,0.00382666,157.529,4.66991,0.548085,1.13007,23.3217,0.00654941,135.947,5.17945,0.65526,1.52109,23.1591,
6.3133,354.713,2.69284,0.057845,0.0684925,40.4722,1.03084,271.046,3.40387,0.112078,0.173462,30.3315,0.11978,216.956,4.07026,0.22026,0.318704,26.1014,0.0441773,188.291,4.34675,0.350127,0.614044,24.4756,0.0122752,172.713,4.47166,0.4358,0.882504,23.6676,0.00961566,153.452,5.02033,0.546533,0.949807,23.5237,0.00992199,133.839,5.13359,0.654831,1.68326,23.4596,
6.33648,355.18,2.68965,0.0571783,0.0686383,40.4056,1.18629,298.425,3.1144,0.112803,0.123719,30.1583,1.05023,221.68,3.8754,0.220607,0.414993,26.0204,0.0171513,205.471,4.09402,0.33009,0.442761,24.1574,0.0306325,179.22,4.33083,0.435207,0.813692,23.8315,0.028793,153.273,4.87431,0.542964,1.10703,23.6613,0.00291452,147.97,4.81442,0.649163,1.29455,23.1773,
6.32313,344.424,2.77714,0.0572467,0.0690117,40.4,0.922771,279,3.30019,0.111846,0.172188,30.3769,0.0512416,239.181,3.65035,0.219945,0.310639,26.0278,0.0297005,217.556,3.74835,0.328929,0.519242,24.6009,0.00624147,176.052,4.40469,0.436548,0.838892,24.2898,0.00828508,156.67,4.7591,0.542947,1.0808,23.7219,0.783249,133.669,5.12744,0.650604,1.70314,24.3591,
6.39299,366.9,2.5994,0.0572108,0.0689275,40.4889,1.15986,288.988,3.2066,0.113725,0.140033,30.2065,0.0618607,234.589,3.71925,0.244363,0.299165,25.7699,0.0726555,183.391,4.57911,0.328974,0.54476,24.5549,0.0838847,159.673,4.83941,0.436207,0.987201,24.2551,0.0122214,157.443,4.61532,0.552796,1.1834,23.1637,0.00806131,131.998,5.25204,0.650392,1.67341,23.4264,
19.637,304.817,3.10332,0.0573875,0.119949,41.0037,1.29801,265.861,3.50573,0.111577,0.144048,30.2796,0.78321,221.571,3.91488,0.220007,0.378337,25.9218,0.108604,206.025,3.96932,0.327797,0.556656,24.475,0.0132347,180.558,4.18669,0.435475,0.916227,23.9676,0.0256497,155.814,4.78771,0.544801,1.08537,23.718,0.00527206,128.949,5.26827,0.651135,1.83558,23.6586,
6.36388,294.183,3.27216,0.0577092,0.0693733,40.3778,6.14223,290.146,3.18862,0.11174,0.146179,30.7583,0.143896,241.951,3.5953,0.219589,0.318175,26.019,0.0579235,203.043,4.07624,0.327678,0.521157,24.3948,0.0092023,173.876,4.53234,0.435487,0.783391,23.8824,0.0171432,148.759,4.76829,0.543997,1.40998,24.1228,0.00537556,131.932,5.17761,0.650607,1.75143,23.8227,
6.3509,350.988,2.71905,0.0584675,0.0715842,40.4296,0.555489,322.658,2.80984,0.111785,0.177639,30.4343,0.06814,220.486,4.00871,0.221508,0.305222,25.7329,0.0597803,195.021,4.25958,0.328388,0.53968,24.2244,0.0283255,177.941,4.16206,0.445492,1.01227,24.1792,0.031718,142.74,5.02744,0.557818,1.42047,24.3511,0.0133468,127.344,5.19599,0.666501,1.99029,24.2299,
6.59405,345.642,2.76406,0.0586533,0.0704608,40.3759,1.18491,249.452,3.74472,0.113356,0.150708,30.2861,0.0879778,206.21,4.29052,0.22326,0.335642,26.2032,0.0571355,179.269,4.62423,0.332529,0.621442,24.4287,0.0105849,174.778,4.51319,0.447181,0.761174,23.5595,0.0220201,150.601,4.90603,0.560173,1.17388,23.6804,0.0134897,135.081,5.23171,0.656688,1.51459,23.5932,
6.37013,349.61,2.73214,0.0580692,0.0701142,40.4315,1.4257,273.299,3.3745,0.112988,0.171515,30.3213,0.130898,199.852,4.41247,0.234652,0.356577,26.0162,0.0679872,173.211,4.80736,0.365484,0.600474,24.3741,0.0157219,165.737,4.45524,0.443848,1.13458,24.6565,0.00689454,160.82,4.49015,0.547622,1.18036,23.9381,0.020287,140.002,5.144,0.662457,1.33632,23.829,
6.36859,355.53,2.68484,0.0583283,0.0695325,40.4815,1.42347,271.446,3.40655,0.113963,0.163457,30.2981,1.11514,213.056,4.06531,0.222439,0.405855,25.8667,0.070021,196.595,4.15407,0.341608,0.590909,24.4222,0.0264598,172.215,4.52464,0.442898,0.839146,23.7979,0.00611718,152.001,4.71503,0.554495,1.30936,23.447,0.0147933,142.314,4.68209,0.662834,1.68179,23.1273,
6.40306,356.311,2.68229,0.0572142,0.0670325,40.4926,1.42786,262.192,3.54573,0.112857,0.15541,30.2361,0.879817,219.682,3.92295,0.223228,0.405856,26.1981,0.013193,202.304,4.09242,0.32957,0.521083,24.3228,0.0504481,163.968,4.70537,0.444287,0.949084,24.0437,0.0124477,158.083,4.68667,0.561451,1.07766,23.6226,0.0174992,133.716,4.84697,0.652808,1.97877,24.1782,
6.33761,358.056,2.6626,0.0607525,0.06951,40.513,1.42988,269.447,3.45299,0.111952,0.146365,30.2769,0.0642804,251.49,3.43427,0.219504,0.322524,25.9657,0.212055,205.227,3.96246,0.327929,0.582252,24.7895,0.0664356,170.402,4.58291,0.436437,0.84913,24.2965,0.0358701,155.272,4.82462,0.544127,1.07157,24.017,0.0160445,126.469,5.5579,0.667312,1.68184,23.4884,
6.63077,346.271,2.76044,0.0587008,0.0687717,40.5407,1.44764,266.11,3.47303,0.112846,0.17197,30.3352,0.104507,214.495,4.08818,0.235943,0.338002,26.0921,0.0456957,187.439,4.35559,0.350844,0.628628,24.4948,0.0292148,181.321,4.1647,0.435372,0.915014,23.6903,0.0102811,151.112,5.02348,0.543095,1.05102,23.6498,0.0332323,126.819,5.31633,0.655437,1.91351,24.3278,
6.47395,345.925,2.76309,0.0576125,0.0700983,40.4648,1.5119,279.201,3.30596,0.113373,0.162313,30.275,0.108753,222.557,3.92533,0.2207,0.347205,26.1972,0.0077498,210.734,3.9161,0.327133,0.50208,24.2133,0.0118814,178.594,4.18413,0.441067,0.974085,23.8016,0.0177565,146.958,5.10601,0.544514,1.15414,23.6609,0.0158604,133.048,5.18016,0.651742,1.68418,24.5111,
6.4668,348.766,2.73987,0.0580158,0.069365,40.5259,1.4259,271.145,3.40737,0.112779,0.167916,30.3861,0.0458407,233.952,3.73323,0.221195,0.319948,25.9139,0.0617508,198.144,4.19733,0.332437,0.517054,24.5373,0.00356791,177.749,4.16934,0.438434,1.01814,23.8859,0.0181275,152.979,4.77898,0.546237,1.21161,23.7987,0.0334807,135.037,5.12949,0.653605,1.6223,24.1028,
6.64991,345.959,2.76225,0.0573892,0.0708767,40.4167,1.15996,236.667,3.96031,0.112084,0.152947,30.3111,0.610447,209.175,4.17548,0.220025,0.385186,26.081,0.139973,186.987,4.46571,0.329042,0.553227,24.2515,0.0144824,174.523,4.4846,0.438588,0.806732,23.7616,0.0653777,134.676,5.59658,0.547563,1.28107,23.8819,0.016804,134.877,4.87851,0.651845,1.8838,24.3755,
6.41444,342.95,2.78977,0.057335,0.0687683,40.4833,1.29706,243.552,3.84258,0.112323,0.150988,30.2704,1.32209,223.366,3.86027,0.220517,0.396174,26.6718,0.0165688,203.264,3.93015,0.359709,0.629857,24.7685,0.0103668,166.747,4.63851,0.437882,0.920725,23.7301,0.034235,137.365,5.2929,0.546371,1.44062,23.955,0.016193,135.664,5.21204,0.654378,1.50472,23.4423,
6.45002,352.873,2.70816,0.0577992,0.0679258,40.4648,1.2979,268.43,3.46565,0.112083,0.147634,30.2991,0.0749169,224.604,3.91818,0.221357,0.312737,25.938,0.107167,192.218,4.36008,0.327906,0.514426,24.3552,0.0109532,177.012,4.44503,0.439695,0.764626,23.7111,0.0394214,149.422,5.09887,0.555609,1.03798,23.7443,0.0255992,133.705,5.00142,0.653378,1.82436,24.1065,
6.32849,352.144,2.71321,0.0576108,0.0689283,40.4926,1.28521,277.332,3.35157,0.111701,0.142511,30.2593,0.743451,226.937,3.82804,0.224863,0.353607,26.062,0.605947,193.598,4.25721,0.3277,0.580439,24.7599,0.0106524,182.955,4.31131,0.440469,0.714052,23.8215,0.0270785,154.598,4.66645,0.545431,1.2565,23.5365,0.0223689,130.716,5.14398,0.652127,1.85405,23.7606,
6.41872,345.74,2.76485,0.0578,0.0697033,40.4722,1.37732,274.017,3.38806,0.111841,0.149509,30.4546,0.2582,203.886,4.3254,0.222954,0.35635,26.2602,0.130332,183.648,4.51976,0.333591,0.591855,24.5287,0.0380445,168.099,4.63848,0.459078,0.851329,23.6424,0.00918543,147.84,4.85368,0.544716,1.36569,23.8502,0.030587,128.947,5.2328,0.656815,1.86551,23.5813,
6.55475,349.296,2.73757,0.0573142,0.0680242,40.5148,1.3429,279.936,3.30512,0.113808,0.15332,30.4028,0.910983,206.805,4.26204,0.22,0.353437,26.0245,0.0905312,211.59,3.79547,0.329551,0.601107,25.0062,0.0357657,169.053,4.71304,0.436382,0.765897,23.7278,0.0387088,148.644,4.77027,0.545848,1.41136,24.172,0.0145958,139.587,4.77259,0.665385,1.72601,23.2752,
6.55847,326.48,2.93385,0.0592375,0.0698858,40.5111,1.40779,280.263,3.30796,0.113559,0.146564,30.2185,0.0482195,199.716,4.45686,0.224222,0.326032,25.9319,0.140615,189.322,4.3826,0.333743,0.565657,24.3235,0.0180076,164.699,4.77494,0.439662,0.857075,23.9699,0.0130911,155.594,4.76087,0.545486,1.12063,23.2072,0.0213505,128.285,5.36532,0.654073,1.77575,23.9818,
6.43401,329.232,2.90077,0.06342,0.0731808,40.4833,1.49422,275.569,3.34783,0.112667,0.168352,30.3759,0.131018,203.468,4.37149,0.221064,0.322219,25.9218,0.062323,212.929,3.85952,0.328079,0.508802,24.3352,0.181712,168.721,4.66641,0.435562,0.82498,23.6951,0.00411406,163.975,4.34638,0.546689,1.20544,23.6706,0.0174752,133.456,5.15117,0.651485,1.69043,23.5897,
6.38197,290.107,3.31969,0.0579092,0.0694008,40.4889,1.48393,250.274,3.72151,0.111946,0.162161,30.262,0.12544,231.79,3.75613,0.223038,0.335082,26.1681,0.139486,184.559,4.52002,0.330716,0.567577,24.5475,0.0414106,177.839,4.25927,0.445112,0.918696,23.8863,0.0111978,164.697,4.35145,0.546981,1.17335,23.4498,1.85719,132.753,4.99007,0.652711,1.89001,24.4147,
6.40773,336.136,2.84792,0.0578667,0.0691992,40.5,1.36498,279.02,3.32185,0.112678,0.149449,30.2574,0.653097,213.818,4.07277,0.220984,0.383127,26.0069,0.0153531,193.572,4.17515,0.332686,0.658197,24.6463,0.0311447,175.661,4.44118,0.438985,0.812626,23.6375,0.0289607,166.042,4.28041,0.546786,1.19538,23.8557,0.0135801,142.203,4.83885,0.654397,1.53897,23.4269,
6.37172,329.101,2.91229,0.0581775,0.0681083,40.5185,1.40892,284.922,3.24971,0.112878,0.147143,30.2037,0.998673,214.778,4.00363,0.223608,0.428727,25.7856,0.677383,209.194,3.80728,0.337045,0.635927,24.6923,0.0245571,169.678,4.56458,0.442273,0.886666,24.0847,0.0191845,146.501,4.98938,0.548408,1.2881,24.1011,0.0221774,136.866,5.0337,0.652114,1.62062,23.9968,
6.35589,343.748,2.7819,0.05797,0.0692408,40.5315,1.43735,282.573,3.27797,0.112715,0.148218,30.2056,1.07255,235.569,3.59053,0.221232,0.433285,25.8065,0.0464415,193.194,4.33574,0.330303,0.510095,24.292,0.0177456,165.646,4.81278,0.436741,0.787458,23.8664,0.0296383,158.631,4.44255,0.545798,1.31557,23.8731,0.0153922,135.658,5.15432,0.655163,1.56199,23.7758,
6.44075,330.279,2.90131,0.0574167,0.0690108,40.4519,1.44183,284.5,3.25535,0.112203,0.147387,30.2398,0.0676956,206.157,4.30565,0.222846,0.322182,26.1829,0.0150546,202.384,4.03348,0.334143,0.573483,24.5395,0.0141459,172.391,4.54505,0.449423,0.806287,23.9778,0.00809588,151.122,4.92359,0.556537,1.13704,23.953,0.0757412,136.834,5.05563,0.65216,1.60035,24.3315,
18.8951,296.657,3.19879,0.0575983,0.114512,40.9889,1.54259,289.102,3.19635,0.114362,0.148277,30.2398,0.562567,242.584,3.52217,0.22056,0.379551,26.3514,0.0113477,193.552,4.22704,0.333623,0.605899,24.6052,0.0251933,169.512,4.62081,0.437556,0.840908,23.894,0.0137426,151.42,4.87738,0.544697,1.18206,24.2007,0.00914217,136.748,4.94113,0.655872,1.71573,23.9841,
18.4625,283.36,3.35999,0.05881,0.110277,41.05,1.37427,284.607,3.25677,0.112987,0.143855,30.2019,1.24701,225.1,3.81074,0.221442,0.410289,26.6,0.0695398,171.007,4.86464,0.337653,0.645402,24.6071,0.114987,160.264,4.7341,0.44504,1.06057,24.0653,0.0182757,153.408,4.73966,0.572084,1.20683,24.1915,0.0215047,130.118,5.00128,0.675819,2.00824,23.8333,
18.3536,251.433,3.81158,0.0580433,0.107577,41.013,1.34414,289.909,3.18813,0.111779,0.149446,30.2435,1.13055,232.636,3.65172,0.221793,0.425061,26.2481,0.477101,205.578,3.89936,0.333268,0.631704,24.7185,0.0140459,166.057,4.7001,0.449362,0.872582,23.6819,0.010585,150.446,4.67438,0.552563,1.41997,23.98,2.38292,133.224,5.32433,0.657762,1.52405,23.9565,
18.5366,277.974,3.42802,0.0584675,0.110962,41.1037,1.4421,286.67,3.22229,0.116353,0.149688,30.2769,1.02343,229.906,3.7393,0.224251,0.386049,26.181,0.0687007,190.323,4.3557,0.335288,0.563248,24.6377,0.0954048,176.717,4.28741,0.444352,0.927016,24.25,0.0330035,146.108,5.13263,0.562689,1.14895,23.7537,0.0252406,134.118,5.03377,0.697709,1.72462,23.2417,
6.61289,309.907,3.0997,0.0584825,0.0685992,40.4407,2.09581,277.039,3.34833,0.114456,0.146813,30.3843,0.993276,209.016,4.15949,0.222662,0.402159,25.9491,0.179733,198.383,4.18648,0.328853,0.525424,24.312,0.0108656,181.506,4.23758,0.442312,0.829556,23.9449,0.0225347,158.28,4.60513,0.545108,1.1677,24.1987,0.0341827,144.849,4.57532,0.653574,1.67487,23.9628,
6.66591,308.871,3.11178,0.0575575,0.0682542,40.4204,1.90411,283.781,3.27005,0.113716,0.140073,30.3537,0.0874583,226.309,3.89505,0.220873,0.302807,26.1,0.0198095,198.002,4.15297,0.328138,0.569346,24.604,5.19979,172.188,4.35775,0.436192,1.01366,24.6692,0.0105581,159.81,4.74557,0.545763,0.966085,23.9809,0.0146601,128.782,5.26806,0.655764,1.84125,24.3515,
6.27839,312.063,3.07672,0.0579458,0.0698208,40.5648,1.92741,286.132,3.24235,0.112716,0.139819,30.3343,0.096825,201.664,4.39867,0.224293,0.335768,26.1972,0.122482,200.607,3.94397,0.36379,0.677114,24.8852,0.0118905,171.475,4.47432,0.477693,0.879741,24.0236,0.0142781,160.745,4.43342,0.566109,1.22149,24.0276,0.0166353,137.383,4.92974,0.656077,1.6931,23.5667,
6.29285,292.679,3.28059,0.0587992,0.0773175,40.6333,1.93654,285.091,3.24871,0.113119,0.145818,30.5056,0.397007,225.27,3.84794,0.222936,0.36823,26.419,0.102304,195.954,4.21103,0.330585,0.561628,24.3324,0.0107376,179.129,4.24097,0.438984,0.902607,23.9706,0.0191674,157.481,4.46648,0.547768,1.33571,24.553,0.0249199,139.418,4.90631,0.656482,1.6099,23.7116,
18.0656,283.657,3.35897,0.05847,0.107947,41.0704,2.39405,250.103,3.74021,0.113305,0.144846,30.5037,0.858826,200.904,4.37779,0.221673,0.378031,25.7921,0.847516,199.098,4.02075,0.328084,0.673827,24.6238,0.0151357,182.003,4.25604,0.438532,0.799843,23.9727,0.0250789,160.567,4.45062,0.546804,1.23049,23.6506,0.0270464,135.271,5.12105,0.652847,1.61866,23.6336,
18.4485,292.068,3.25821,0.0578825,0.107761,41.013,2.11094,283.755,3.2615,0.112793,0.149872,30.3935,0.0775125,216.152,4.08884,0.22196,0.315575,25.9796,0.0192748,197.523,4.1683,0.329032,0.565375,24.8855,0.00963756,185.065,4.17013,0.436226,0.79716,23.9697,0.00976032,170.141,4.25953,0.544055,1.0739,23.9702,0.00716529,127.539,5.31904,0.662579,1.85914,23.7136,
6.36453,309.086,3.10988,0.0565958,0.0688683,40.5222,2.62759,282.924,3.25594,0.112741,0.165845,30.5194,0.256668,220.054,3.97245,0.220887,0.351006,25.9736,0.015605,193.204,4.2541,0.333857,0.587928,24.5,0.006265,188.079,4.01139,0.436906,0.868617,23.9586,0.0441035,148.291,4.95443,0.54588,1.2432,23.9539,0.052203,138.688,4.87346,0.65325,1.68372,23.8086,
18.2384,330.859,2.88575,0.0579292,0.0787592,40.7204,2.68844,273.019,3.39171,0.112323,0.158721,30.5852,0.128505,193.589,4.64014,0.223253,0.302181,26.0333,0.132129,179.304,4.58135,0.329825,0.665953,24.9691,0.0180362,175.897,4.3065,0.437409,0.941249,23.928,0.0191713,150.521,4.7496,0.547177,1.34683,24.5381,0.00980401,138.032,4.99957,0.667115,1.57804,23.5576,
18.2849,277.116,3.44875,0.0577275,0.102114,41.1222,3.29819,277.902,3.32455,0.112078,0.161768,30.5583,0.0858725,233.46,3.72887,0.22094,0.333571,26.2236,0.0977812,190.633,4.32748,0.329208,0.588988,24.7265,0.096814,177.909,4.26649,0.435889,0.918472,24.1104,0.0219149,155.77,4.63508,0.546176,1.23848,24.0109,0.0235581,136.988,4.84749,0.653259,1.79916,24.1992,
17.2898,238.789,4.02844,0.0581,0.101262,41.1278,3.86808,279.15,3.30664,0.111758,0.163909,30.5417,1.01853,212.109,4.08893,0.226292,0.399333,26.1519,0.0849046,190.513,4.32267,0.328557,0.597765,24.6972,0.0773366,175.069,4.34534,0.43558,0.931123,23.9072,0.021247,157.719,4.61227,0.5458,1.18232,23.8461,0.0209409,137.795,4.87324,0.659652,1.72425,24.2347,
18.254,280.845,3.40003,0.05817,0.10248,40.9759,4.51113,243.461,3.81932,0.113028,0.175089,30.6259,0.111601,239.848,3.6178,0.221893,0.329617,25.9741,0.106133,184.648,4.5113,0.330654,0.57374,24.7877,0.0274681,164.341,4.66905,0.436737,0.979118,24.0995,0.0201516,152.921,4.65331,0.544666,1.34136,24.3761,0.036969,136.573,5.00093,0.651994,1.66916,23.898,
17.7513,277.675,3.44193,0.05802,0.101385,41.0611,4.2589,280.411,3.29442,0.112534,0.159234,30.5481,0.9227,239.518,3.54183,0.220498,0.412728,26.0958,0.100441,191.185,4.30943,0.329167,0.591933,24.6815,0.0420423,186.093,4.17716,0.436596,0.75989,24.3431,0.0797054,153.034,4.61155,0.54691,1.37602,24.6415,0.0365285,130.538,5.29907,0.65412,1.70743,24.0765,
16.9551,271.711,3.51707,0.0582125,0.105092,41.137,4.40443,280.738,3.27226,0.111877,0.177898,30.6074,0.814835,202.826,4.33797,0.222648,0.36971,26.1792,0.112443,172.278,4.90916,0.332664,0.562752,24.5904,0.0297142,174.418,4.35681,0.441147,0.935399,24.3153,0.0175833,144.783,4.68896,0.549022,1.66889,24.0711,0.0264192,140.155,4.90643,0.65351,1.57502,24.5679,
17.1485,263.428,3.6396,0.057455,0.0990475,41.1463,4.45472,274.54,3.35684,0.111767,0.173846,30.5417,0.174764,230.403,3.79441,0.220211,0.325602,26.1356,0.0255497,201.259,4.05638,0.330786,0.581551,24.5966,0.0141586,178.78,4.30831,0.445195,0.839973,23.8583,0.0110991,151.006,4.62599,0.546912,1.44934,24.3735,0.0259557,128.205,5.23922,0.657109,1.9037,24.1381,
17.5512,263.531,3.63239,0.0584275,0.103802,41.087,4.75813,249.854,3.70911,0.113103,0.18012,30.6037,0.90785,221.343,3.93609,0.221332,0.360446,26.0579,0.0234955,204.718,4.03146,0.329292,0.524027,24.5784,0.0145238,171.639,4.47966,0.437376,0.909158,24.037,0.0279066,151.883,4.82593,0.545881,1.2122,24.4231,3.20984,123.894,5.51252,0.655282,1.9036,25.6108,
17.071,267.124,3.58565,0.0584242,0.0994992,41.1796,4.87505,276.871,3.31376,0.113096,0.184933,30.6046,1.15262,218.2,3.97835,0.222693,0.381915,26.2616,0.0841172,179.409,4.61043,0.330639,0.632803,24.7256,0.0402535,164.707,4.55475,0.439956,1.07669,24.1831,0.085365,141.867,5.21153,0.547223,1.29013,24.7365,0.0373175,143.529,4.88069,0.652582,1.43397,23.5031,
16.291,265.249,3.61359,0.0579933,0.098455,41.0333,4.0292,270.12,3.43078,0.112932,0.15835,30.6352,0.130565,225.17,3.91441,0.220892,0.305781,26.2472,0.0242422,193.944,4.28713,0.329633,0.53937,24.4877,0.0399842,175.967,4.36655,0.436527,0.879813,24.0935,0.00927614,166.845,4.3816,0.546208,1.06579,23.7207,0.0203873,129.739,5.24098,0.655679,1.8111,23.838,
16.3254,268.736,3.55987,0.0575542,0.103704,41.1204,5.02451,277.934,3.3039,0.11254,0.181542,30.6157,0.120101,237.555,3.6684,0.220492,0.320662,26.1963,0.297476,183.597,4.57147,0.328341,0.546887,24.7392,0.0299101,175.758,4.43957,0.437712,0.812368,23.7843,0.00511253,172.739,4.24089,0.551075,0.997122,23.9809,0.00770252,136.339,5.05913,0.660726,1.61481,23.4738,
16.2204,259.03,3.70597,0.0581392,0.0964383,41.0167,5.06565,247.382,3.74548,0.113119,0.183738,30.7287,1.1646,222.934,3.8275,0.221682,0.436443,26.1505,0.38095,186.575,4.44459,0.328808,0.586371,24.2784,0.0469258,177.249,4.26717,0.436499,0.938123,24.1252,0.0212788,149.604,4.78505,0.550522,1.34875,24.2544,2.43671,121.694,5.56311,0.655596,1.99862,25.3083,
16.1767,263.626,3.63447,0.0578692,0.100903,41.0722,5.18913,271.405,3.39339,0.11293,0.178207,30.5824,0.196612,207.184,4.25817,0.222434,0.346028,26.1681,0.0410586,189.585,4.36634,0.330383,0.577945,25.0003,3.2378,152.93,4.89679,0.438186,1.20398,25.55,0.00993422,166.167,4.33965,0.548293,1.1301,23.7343,0.022484,127.283,5.35032,0.653603,1.85259,24.2864,
3.09228,295.883,3.25317,0.0572825,0.0692658,40.187,5.43372,280.81,3.27682,0.1123,0.171998,30.8157,1.42754,213.889,4.08505,0.220187,0.370074,25.8968,0.0852012,201.774,4.03393,0.330189,0.591912,24.7812,0.0294223,170.989,4.62705,0.436242,0.785048,23.8317,0.0284664,146.318,5.10868,0.545326,1.18041,23.6339,0.0475662,137.101,4.96306,0.652493,1.67833,23.7785,
3.46002,308.393,3.1157,0.0574717,0.0694458,40.1537,5.77417,280.798,3.26689,0.112386,0.182012,30.6,1.97737,227.488,3.76811,0.22896,0.398754,26.2977,0.0931719,180.331,4.52875,0.330364,0.686257,25.6438,0.0471635,168.177,4.62866,0.437464,0.880002,23.9069,0.0635534,149.335,4.82558,0.547242,1.32352,24.1667,0.016699,137.208,4.9704,0.657231,1.66056,24.1207,
2.87636,286.176,3.36449,0.0583342,0.0715283,40.2019,6.29646,274.66,3.3455,0.11255,0.18282,30.6463,1.25528,229.281,3.76084,0.221797,0.378827,26.0958,2.80641,170.315,4.80833,0.330992,0.732162,25.8682,0.20476,179.067,4.25193,0.438856,0.893701,24.2889,0.0235547,156.144,4.47137,0.547567,1.38542,24.3978,0.0165624,137.568,5.02889,0.653993,1.58622,24.2892,
3.54996,308.279,3.1172,0.0581008,0.0685108,40.1278,5.94321,274.42,3.35537,0.11406,0.174623,30.6093,2.60202,216.03,3.98899,0.222337,0.417669,26.1907,0.327619,174.364,4.80972,0.332269,0.593147,24.4488,0.0270915,180.87,4.2794,0.43867,0.810757,23.8972,0.0263819,157.71,4.5126,0.548372,1.27979,23.7907,0.0322496,137.437,5.21173,0.660532,1.40381,23.769,
3.73395,305.396,3.1479,0.05725,0.0692892,40.1444,6.05438,247.722,3.74512,0.112925,0.178737,30.6037,1.34249,248.689,3.40607,0.220593,0.394412,26.3403,0.0792849,200.075,4.13794,0.33105,0.529139,24.6253,0.0295731,171.5,4.4409,0.440045,0.949947,24.1546,0.0544631,148.003,4.95423,0.546863,1.25551,24.113,0.0111497,137.493,4.91865,0.654787,1.69965,24.2093,
3.77261,313.374,3.06264,0.0583083,0.070125,40.1463,6.52348,257.078,3.59217,0.112091,0.185614,30.7574,0.687313,219.156,3.98508,0.220215,0.357668,26.3509,0.088329,194.299,4.23122,0.328648,0.586832,24.7253,0.0460956,167.105,4.6243,0.443848,0.916134,24.0502,0.0260886,158.697,4.52908,0.547005,1.22523,23.8752,0.0346484,131.372,5.29048,0.653223,1.66828,24.534,
3.74241,311.044,3.08631,0.0584183,0.0702433,40.163,6.75742,261.351,3.5283,0.113163,0.184808,30.7463,1.35782,233.132,3.65065,0.220959,0.417802,26.356,0.401144,185.193,4.38142,0.328232,0.69011,25.0565,0.0313152,169.076,4.62921,0.436858,0.848439,24.1562,0.0216298,146.113,4.93673,0.546292,1.36101,24.1328,0.0280852,132.364,5.29335,0.65238,1.60917,25.0353,
3.74118,340.718,2.80968,0.05739,0.0679108,40.1426,6.44975,269.195,3.42351,0.11281,0.178458,30.6176,1.42741,219.627,3.89504,0.221291,0.436853,26.0653,0.0685184,198.09,4.09169,0.34617,0.610358,24.6574,2.5881,153.667,4.9208,0.438249,1.14851,25.6414,0.0087288,164.583,4.39828,0.545125,1.13257,24.0126,0.0212904,140.346,4.91396,0.664294,1.54699,23.7182,
3.8554,340.394,2.81381,0.0572392,0.0667208,40.1611,6.52443,273.943,3.36274,0.112008,0.175638,30.6139,1.39169,237.321,3.61292,0.220413,0.380371,26.213,0.571863,184.148,4.56421,0.328783,0.537435,24.4923,0.0415646,171.259,4.47719,0.437133,0.924777,24.1025,0.0503441,149.418,4.88859,0.544111,1.25995,23.9317,0.017967,131.009,5.16007,0.652371,1.82065,24.0975,
3.67748,334.302,2.86462,0.0575925,0.0690983,40.1593,6.8848,270.266,3.39259,0.113505,0.193969,30.6898,5.41175,217.866,3.91114,0.22089,0.45795,26.4343,1.67969,196.129,4.13037,0.329162,0.639162,26.0151,0.0282707,169.069,4.5593,0.454009,0.901443,24.3347,0.0215754,160.597,4.37873,0.545063,1.30299,23.5781,0.0331234,135.869,5.07109,0.652825,1.6361,24.5691,
4.033,334.939,2.85899,0.0579258,0.0687033,40.1574,6.78484,265.612,3.47029,0.112063,0.182542,30.562,1.24107,235.737,3.64264,0.219902,0.379483,26.325,1.08638,202.765,3.96505,0.329153,0.637622,24.4735,2.024,159.261,4.81913,0.436924,1.02294,25.4382,0.0101151,156.742,4.73597,0.546642,1.09731,23.7044,0.0406381,129.707,5.36765,0.656321,1.68574,24.7481,
4.04868,337.024,2.84208,0.0570358,0.0680383,40.1556,6.94348,268.324,3.42887,0.112293,0.185683,30.6565,1.35318,231.044,3.71777,0.220582,0.389827,26.3755,0.197723,186.58,4.48332,0.330613,0.545713,24.7099,0.318667,161.801,4.56983,0.456975,1.15362,24.3708,0.075681,158.333,4.5531,0.545641,1.21707,24.4302,0.0288681,137.773,4.92049,0.655921,1.6819,23.9097,
4.17546,334.368,2.86492,0.0577908,0.0680017,40.1481,7.3004,274.177,3.33555,0.112301,0.199424,30.7083,0.962247,223.947,3.91535,0.222263,0.327728,26.0176,0.183963,198.172,4.14193,0.331129,0.573077,24.8219,0.0502645,155.477,4.9573,0.440859,1.03365,24.5609,0.0654723,145.477,5.04469,0.550498,1.27877,24.5824,0.0399415,132.015,5.08086,0.653972,1.84009,23.9505,
3.82913,330.095,2.90149,0.0577683,0.070165,40.1963,7.09363,267.891,3.43595,0.113023,0.18388,30.5648,1.50185,228.528,3.76811,0.221128,0.386583,26.1644,0.0346703,205.538,3.99772,0.332707,0.534846,24.616,0.0211302,173.221,4.49893,0.436445,0.837591,23.8303,0.0961947,142.862,5.22047,0.546111,1.2332,24.3731,0.132731,128.995,5.2213,0.664551,1.86639,24.5373,
4.19958,322.399,2.97538,0.0577008,0.0686725,40.15,7.33847,268.319,3.42188,0.113089,0.191928,30.6093,6.33574,219.255,3.9411,0.222305,0.397489,26.4352,0.0219133,202.371,4.06313,0.328305,0.549995,24.3198,0.0518119,176.81,4.3536,0.437996,0.864191,24.019,0.0208734,165.295,4.36651,0.54541,1.13788,23.8052,0.0180493,134.248,5.04841,0.653309,1.74718,24.4006,
4.37181,327.471,2.92856,0.05711,0.06804,40.1407,7.92378,244.684,3.78625,0.112497,0.188163,30.7472,1.31919,233.146,3.67045,0.221211,0.397492,26.2745,0.943271,191.393,4.29897,0.329085,0.59681,25.1426,0.0501156,173.185,4.39601,0.459107,0.919058,24.5764,0.0309689,160.794,4.56388,0.545438,1.10981,24.2222,0.0103775,132.044,5.06703,0.655355,1.85087,24.3302,
4.34566,332.893,2.87933,0.0572017,0.0674358,40.1426,7.70654,257.9,3.56433,0.11198,0.201157,30.6917,0.165805,231.199,3.81064,0.22011,0.294518,26.2014,1.27204,191.992,4.19724,0.328463,0.682836,24.5349,0.034149,169.379,4.45958,0.436011,1.00833,24.7961,0.0153636,154.518,4.83759,0.544543,1.08962,24.1581,0.0397305,138.381,5.08485,0.654588,1.48699,24.0343,
4.45208,326.918,2.93367,0.0570683,0.068135,40.1444,8.08402,279.929,3.25922,0.112502,0.200603,30.7481,0.278728,236.323,3.67134,0.221041,0.339123,26.281,0.0601729,179.785,4.60582,0.329107,0.627267,24.9238,0.0413832,170.925,4.38354,0.437111,1.02986,24.3875,0.0275051,148.262,4.76037,0.545162,1.43928,24.6269,1.39709,125.171,5.27502,0.653396,2.06068,25.2029,
4.41175,333.105,2.87712,0.0570667,0.067865,40.1648,7.45891,255.955,3.60092,0.112317,0.193707,30.613,0.657242,221.902,3.88131,0.221284,0.403895,26.2968,0.0794662,193.707,4.18892,0.329246,0.644266,25.0281,0.071133,176.261,4.24906,0.439977,0.984373,24.1039,0.0229373,154.416,4.6625,0.550116,1.26341,23.885,0.0258649,125.561,5.5317,0.65864,1.77392,24.5546,
4.5862,323.924,2.96049,0.0572658,0.0693883,40.1852,7.54961,263.869,3.48288,0.111824,0.195058,30.587,1.40033,226.405,3.79216,0.222938,0.401752,26.4528,0.322375,199.227,4.08715,0.329211,0.603046,25.0472,0.0437986,179.267,4.23701,0.436283,0.904969,24.2674,0.00780074,169.011,4.25997,0.544869,1.11195,23.7663,0.0638642,135.211,5.11951,0.652125,1.62421,24.3597,
4.61973,323.852,2.96242,0.0571908,0.0682183,40.1907,7.45777,268.434,3.43439,0.112189,0.178727,30.6574,0.223405,220.58,4.01213,0.220202,0.301178,26.0708,0.0352132,194.049,4.266,0.328603,0.558749,24.8096,0.0345438,167.881,4.63865,0.43602,0.881911,23.9479,0.0731093,149.516,4.91731,0.548071,1.22285,24.1078,0.0419116,136.048,5.07267,0.651393,1.6263,24.0049,
4.02023,305.222,3.13952,0.0574483,0.0793375,40.2111,8.1584,270.382,3.39854,0.112375,0.187563,30.7389,1.23968,220.653,3.88263,0.220752,0.428615,26.1731,0.0597292,196.521,4.1482,0.328903,0.611415,24.7833,0.0258943,168.976,4.45444,0.440667,1.02289,24.3398,0.0209125,153.093,4.68762,0.545242,1.29913,24.3583,0.0271911,128.881,5.20835,0.654684,1.89605,24.1716,
2.20592,277.227,3.44025,0.0578767,0.109021,40.4019,8.42282,264.418,3.47586,0.112247,0.193781,30.762,1.4676,256.519,3.28149,0.221778,0.395077,26.4611,0.0790356,195.007,4.17161,0.328961,0.627466,24.6873,0.0493813,166.419,4.73151,0.437057,0.840378,24.2437,0.0195729,160.461,4.50784,0.546281,1.17792,24.3348,0.0191682,140.84,5.00634,0.654395,1.4395,24.4088,
4.2506,302.63,3.16141,0.0573592,0.0856042,40.2481,7.63159,263.334,3.49859,0.112518,0.186342,30.6111,1.21995,225.117,3.84923,0.22071,0.372192,26.294,0.533655,199.246,4.12615,0.329022,0.563754,25.1969,0.0578909,179.719,4.24402,0.444501,0.875729,24.2322,0.0260685,149.948,4.84225,0.547684,1.27904,24.4867,0.0594053,131.851,5.09291,0.65397,1.83744,24.5045,
2.48582,282.205,3.37742,0.0576692,0.108438,40.387,8.49096,234.103,3.95915,0.115443,0.197035,30.7769,1.16875,213.051,4.03352,0.220577,0.439608,26.4394,0.105658,195.716,4.26728,0.336833,0.505337,24.6941,0.00972429,177.052,4.29262,0.438079,0.917367,23.7859,0.043079,141.657,4.89576,0.546605,1.61692,24.8374,0.0776556,134.344,4.96779,0.654537,1.82126,24.6795,
2.14685,287.852,3.31322,0.0572725,0.10352,40.3981,8.15316,266.017,3.45654,0.112287,0.190327,30.7426,1.03307,238.8,3.57924,0.220467,0.387908,26.3972,0.118508,204.37,4.00298,0.33352,0.556596,24.8867,0.0981895,174.71,4.41972,0.4401,0.863949,24.3396,0.0462601,152.659,4.5688,0.545794,1.43597,24.9941,0.0494984,128.287,5.38263,0.653447,1.75892,23.7853,
2.48492,275.815,3.4574,0.0577392,0.110474,40.3593,8.09276,259.25,3.55407,0.112898,0.190311,30.637,0.432697,222.097,3.94895,0.222679,0.330905,26.4394,0.222405,187.525,4.41478,0.331413,0.586421,24.7534,0.0244285,174.393,4.40467,0.436784,0.89272,23.9669,0.00801193,156.823,4.75564,0.544784,1.07618,24.0174,0.0174707,132.704,5.04569,0.654458,1.8354,25.1539,
2.26212,281.182,3.39099,0.0575108,0.107918,40.3926,8.70614,283.478,3.22451,0.111928,0.19117,30.7602,1.49376,229.576,3.71497,0.220317,0.420568,26.3009,0.0273788,194.178,4.21538,0.330127,0.604406,24.9784,0.0381699,176.718,4.42741,0.438719,0.792604,24.3523,0.022817,155.47,4.63645,0.549549,1.24612,24.3663,0.0274937,134.706,4.9124,0.65804,1.85315,24.2779,
2.35472,283.636,3.36161,0.0577467,0.106291,40.4167,8.10386,263.625,3.49876,0.112979,0.181528,30.7111,7.01748,215.625,4.01534,0.221501,0.400836,26.0532,0.459029,203.309,4.01004,0.352723,0.555854,24.9241,0.0694079,181.184,4.10669,0.440224,0.972349,24.4859,0.0206775,155.637,4.77237,0.546179,1.10667,24.2402,0.0282231,135.252,5.07696,0.657661,1.65898,24.4765,
2.6459,276.483,3.4485,0.0575017,0.11086,40.413,8.29003,264.975,3.46149,0.113784,0.198661,30.6778,1.58528,227.71,3.71288,0.221458,0.457206,26.2954,0.0766623,195.632,4.19462,0.328968,0.588043,25.1306,0.0507373,181.75,4.13003,0.44039,0.931648,23.9972,0.02439,168.275,4.27253,0.547813,1.12231,24.3772,0.0718899,128.43,5.33262,0.681733,1.77198,24.3722,
2.05597,282.607,3.37057,0.0580525,0.109869,40.4,8.39657,258.433,3.56892,0.112913,0.187643,30.6583,0.800436,231.914,3.68264,0.221406,0.407891,26.3551,0.0930842,194.631,4.24981,0.330217,0.557912,24.8759,0.0514503,166.496,4.50357,0.439495,1.06309,24.9275,0.0157287,165.972,4.50444,0.546178,0.974499,24.2793,3.70639,108.879,6.3121,0.663906,2.20848,27.3739,
2.32119,276.395,3.44288,0.0591475,0.115981,40.3963,8.59275,259.2,3.55695,0.113838,0.18724,30.675,6.94217,209.757,4.12659,0.22303,0.417797,26.5671,0.220342,194.147,4.18629,0.329903,0.634537,25.1966,0.0445116,173.163,4.38987,0.438622,0.946406,24.2023,0.0131154,158.578,4.58037,0.559832,1.16586,24.2513,0.0609932,129.952,5.31438,0.703882,1.67691,24.0205,
2.27828,278.355,3.4233,0.05893,0.11031,40.3759,9.26135,239.128,3.87728,0.113918,0.19067,30.6444,1.70445,247.743,3.43577,0.222459,0.378215,26.2667,1.99022,196.239,4.10345,0.332208,0.660175,25.3188,0.0238213,180.018,4.11364,0.440713,1.00065,23.7789,0.04312,147.948,4.92145,0.549903,1.28776,24.2652,0.0107044,133.857,5.26094,0.658287,1.55146,24.2968,
2.44789,260.282,3.66354,0.0638575,0.114588,40.4296,9.04315,258.962,3.56822,0.115434,0.177914,30.5787,0.88268,229.69,3.68086,0.224579,0.448256,26.3194,3.79716,163.037,4.95979,0.335226,0.838568,26.954,0.046608,171.127,4.45633,0.438605,0.948676,24.0472,0.00683765,167.023,4.391,0.55091,1.0453,23.9852,0.024086,132.916,5.07041,0.654143,1.799,24.5154,
2.20262,285.586,3.33211,0.0576158,0.111847,40.3963,9.39587,262.551,3.49732,0.112009,0.199449,30.7278,5.14719,220.418,3.89527,0.220779,0.420776,26.4106,1.29032,195.922,4.07785,0.328926,0.697307,24.7383,0.0232154,183.525,4.28092,0.440272,0.727655,24.1037,0.0186237,152.021,4.67363,0.553881,1.35052,23.9976,0.0493459,129.915,5.18166,0.665686,1.85,24.5657,
2.21912,287.181,3.30873,0.0581675,0.115223,40.4519,7.74682,260.542,3.53289,0.112998,0.192262,30.7398,1.49481,246.994,3.44786,0.221585,0.379242,26.3875,0.690995,194.228,4.05653,0.330957,0.761112,25.0006,0.0371578,183.031,4.18101,0.44075,0.841802,24.3551,0.0231588,153.833,4.70184,0.545293,1.25341,24.0691,0.0341166,135.807,5.24788,0.660382,1.45511,24.8812,
2.24793,283.012,3.3612,0.0577408,0.114479,40.387,8.48516,258.076,3.56232,0.115318,0.197194,30.6602,0.949006,226.491,3.76219,0.220609,0.432394,26.1213,0.121403,198.919,4.04254,0.329804,0.654824,24.9429,0.0462321,184.421,4.17156,0.438698,0.812116,24.2775,0.0239225,147.203,4.80071,0.556124,1.43649,24.2487,0.0124992,142.889,4.68127,0.654249,1.66292,24.0796,
2.29017,279.579,3.39724,0.0578133,0.121746,40.4241,9.68492,256.37,3.58694,0.112909,0.200762,30.6907,1.10843,219.605,3.86621,0.234034,0.453379,26.2222,0.479176,179.259,4.47603,0.358441,0.744067,25.3404,0.05393,174.58,4.35139,0.445637,0.931028,24.8083,0.0254797,151.594,4.73311,0.548173,1.31529,24.5137,0.0160708,128.32,5.17221,0.654493,1.96631,24.6394,
2.3054,274.421,3.47147,0.058105,0.114458,40.3907,9.36068,257.881,3.56454,0.112146,0.201074,30.7222,1.4906,258.068,3.26247,0.219782,0.392702,26.4319,0.0814723,198.193,4.11411,0.328578,0.602905,25.1182,0.0577704,175.387,4.3744,0.438202,0.889072,24.6215,0.0271,150.209,4.80322,0.546953,1.30723,25.0233,0.0405271,128.776,5.34971,0.652826,1.76289,24.1426,
