0.00742685,-0.00723342,0.742685,-0.723342,
0.0074268,-0.00723693,0.74268,-0.723693,
0.00742672,-0.00724341,0.742672,-0.724341,
0.00742661,-0.00725238,0.742661,-0.725238,
0.00742648,-0.0072635,0.742648,-0.72635,
0.00742633,-0.00727648,0.742633,-0.727648,
0.00742619,-0.00729112,0.742619,-0.729112,
0.00742604,-0.00730728,0.742604,-0.730728,
0.00742591,-0.00732487,0.742591,-0.732487,
0.00742579,-0.00734387,0.742579,-0.734387,
0.00742569,-0.00736431,0.742569,-0.736431,
0.00742561,-0.00738624,0.742561,-0.738624,
0.00742557,-0.00740979,0.742557,-0.740979,
0.00742556,-0.0074351,0.742556,-0.74351,
0.0074256,-0.00746235,0.74256,-0.746235,
0.00742571,-0.00749176,0.742571,-0.749176,
0.00742589,-0.00752359,0.742589,-0.752359,
0.00742616,-0.00755813,0.742616,-0.755813,
0.00742655,-0.0075957,0.742655,-0.75957,
0.00742708,-0.00763665,0.742708,-0.763665,
0.00742778,-0.00768137,0.742778,-0.768137,
0.0074287,-0.00773029,0.74287,-0.773029,
0.00742989,-0.00778386,0.742989,-0.778386,
0.0074314,-0.00784257,0.74314,-0.784257,
0.00743331,-0.00790698,0.743331,-0.790698,
0.0074357,-0.00797765,0.74357,-0.797765,
0.00743868,-0.00805522,0.743868,-0.805522,
0.00744237,-0.00814036,0.744237,-0.814036,
0.00744691,-0.00823381,0.744691,-0.823381,
0.00745248,-0.00833637,0.745248,-0.833637,
0.00745927,-0.00844892,0.745927,-0.844892,
0.00746753,-0.00857243,0.746753,-0.857243,
0.00747754,-0.00870795,0.747754,-0.870795,
0.00748963,-0.00885667,0.748963,-0.885667,
0.00750417,-0.00901989,0.750417,-0.901989,
0.00752162,-0.00919909,0.752162,-0.919909,
0.0075425,-0.00939593,0.75425,-0.939593,
0.00756744,-0.00961229,0.756744,-0.961229,
0.00759715,-0.00985031,0.759715,-0.985031,
0.00763247,-0.0101125,0.763247,-1.01125,
0.00767441,-0.0104016,0.767441,-1.04016,
0.00772412,-0.010721,0.772412,-1.0721,
0.00778298,-0.0110744,0.778298,-1.10744,
0.00785261,-0.0114665,0.785261,-1.14665,
0.00793492,-0.0119023,0.793492,-1.19023,
0.00803218,-0.0123883,0.803218,-1.23883,
0.00814706,-0.0129316,0.814706,-1.29316,
0.00828277,-0.0135412,0.828277,-1.35412,
0.00844311,-0.0142274,0.844311,-1.42274,
0.0086326,-0.0150028,0.86326,-1.50028,
0.0088566,-0.0158822,0.88566,-1.58822,
0.00912147,-0.0168831,0.912147,-1.68831,
0.00943462,-0.0180263,0.943462,-1.80263,
0.00980451,-0.0193353,0.980451,-1.93353,
0.0102405,-0.0208357,1.02405,-2.08357,
0.0107519,-0.0225537,1.07519,-2.25537,
0.0113469,-0.0245106,1.13469,-2.45106,
0.012029,-0.026714,1.2029,-2.6714,
0.0127916,-0.0291414,1.27916,-2.91414,
0.0136102,-0.0317157,1.36102,-3.17157,
0.014432,-0.0342761,1.4432,-3.42761,
0.0151712,-0.0365637,1.51712,-3.65637,
0.0157196,-0.0382529,1.57196,-3.82529,
0.0159807,-0.0390552,1.59807,-3.90552,
0.0159154,-0.0388547,1.59154,-3.88547,
0.0155618,-0.0377675,1.55618,-3.77675,
0.0150094,-0.036064,1.50094,-3.6064,
0.0143543,-0.0340348,1.43543,-3.40348,
0.0136718,-0.0319082,1.36718,-3.19082,
0.0130114,-0.0298352,1.30114,-2.98352,
0.0124013,-0.027903,1.24013,-2.7903,
0.0118549,-0.026155,1.18549,-2.6155,
0.0113764,-0.0246065,1.13764,-2.46065,
0.0109644,-0.0232569,1.09644,-2.32569,
0.0106148,-0.022097,1.06148,-2.2097,
0.0103226,-0.0211143,1.03226,-2.11143,
0.0100822,-0.0202956,1.00822,-2.02956,
0.00988879,-0.0196285,0.988879,-1.96285,
0.00973788,-0.0191022,0.973788,-1.91022,
0.00962596,-0.0187082,0.962596,-1.87082,
0.00955032,-0.01844,0.955032,-1.844,
0.00950913,-0.0182932,0.950913,-1.82932,
0.00950146,-0.0182658,0.950146,-1.82658,
0.00952728,-0.0183579,0.952728,-1.83579,
0.00958753,-0.0185722,0.958753,-1.85722,
0.00968412,-0.0189134,0.968412,-1.89134,
0.00981998,-0.0193892,0.981998,-1.93892,
0.00999916,-0.0200101,0.999916,-2.00101,
0.0102268,-0.0207894,1.02268,-2.07894,
0.0105093,-0.0217436,1.05093,-2.17436,
0.0108539,-0.0228918,1.08539,-2.28918,
0.0112684,-0.0242543,1.12684,-2.42543,
0.0117602,-0.0258499,1.17602,-2.58499,
0.0123342,-0.0276895,1.23342,-2.76895,
0.012989,-0.0297646,1.2989,-2.97646,
0.0137099,-0.0320274,1.37099,-3.20274,
0.0144594,-0.0343611,1.44594,-3.43611,
0.0151659,-0.0365472,1.51659,-3.65472,
0.0157189,-0.0382508,1.57189,-3.82508,
0.0159863,-0.0390725,1.59863,-3.90725,
0.0158633,-0.0386946,1.58633,-3.86946,
0.0153335,-0.037064,1.53335,-3.7064,
0.0144879,-0.0344498,1.44879,-3.44498,
0.0134783,-0.0313026,1.34783,-3.13026,
0.0124466,-0.0280474,1.24466,-2.80474,
0.0114872,-0.0249669,1.14872,-2.49669,
0.0106452,-0.0221982,1.06452,-2.21982,
0.009932,-0.0197782,0.9932,-1.97782,
0.00934148,-0.0176901,0.934148,-1.76901,
0.00886005,-0.0158954,0.886005,-1.58954,
0.00847252,-0.01435,0.847252,-1.435,
0.00816465,-0.0130124,0.816465,-1.30124,
0.00792408,-0.0118463,0.792408,-1.18463,
0.00774047,-0.0108215,0.774047,-1.08215,
0.00760535,-0.00991299,0.760535,-0.991299,
0.00751181,-0.00910031,0.751181,-0.910031,
0.00745425,-0.00836687,0.745425,-0.836687,
0.0074281,-0.00769915,0.74281,-0.769915,
0.00742964,-0.00708606,0.742964,-0.708606,
0.00745581,-0.00651851,0.745581,-0.651851,
0.00750411,-0.00598899,0.750411,-0.598899,
0.00757243,-0.00549125,0.757243,-0.549125,
0.00765903,-0.0050201,0.765903,-0.50201,
0.00776245,-0.00457116,0.776245,-0.457116,
0.00788145,-0.00414074,0.788145,-0.414074,
0.00801498,-0.0037257,0.801498,-0.37257,
0.00816215,-0.00332335,0.816215,-0.332335,
0.00832223,-0.00293138,0.832223,-0.293138,
0.00849456,-0.00254779,0.849456,-0.254779,
0.00867863,-0.00217082,0.867863,-0.217082,
0.00887399,-0.00179894,0.887399,-0.179894,
0.00908029,-0.00143076,0.908029,-0.143076,
0.00929726,-0.00106505,0.929726,-0.106505,
0.00952467,-0.000700704,0.952467,-0.0700704,
0.0097624,-0.000336699,0.97624,-0.0336699,
0.0100103,2.78928e-05,1.00103,0.00278928,
0.0102685,0.00039392,1.02685,0.039392,
0.0105367,0.000762151,1.05367,0.0762152,
0.0108151,0.00113327,1.08151,0.113327,
0.0111037,0.00150785,1.11037,0.150785,
0.0114023,0.00188634,1.14023,0.188634,
0.0117108,0.00226903,1.17108,0.226903,
0.0120289,0.00265597,1.20289,0.265597,
0.012356,0.00304693,1.2356,0.304693,
0.0126913,0.00344131,1.26913,0.344131,
0.0130335,0.003838,1.30335,0.3838,
0.0133807,0.00423529,1.33807,0.423529,
0.0137304,0.0046307,1.37304,0.46307,
0.014079,0.00502081,1.4079,0.502081,
0.014422,0.00540115,1.4422,0.540115,
0.0147539,0.00576604,1.47539,0.576604,
0.0150675,0.00610852,1.50675,0.610852,
0.015355,0.00642039,1.5355,0.642039,
0.0156069,0.0066924,1.56069,0.66924,
0.0158135,0.00691457,1.58135,0.691457,
0.0159648,0.00707679,1.59648,0.707679,
0.0160515,0.00716953,1.60515,0.716953,
0.0160657,0.00718472,1.60657,0.718472,
0.016002,0.00711664,1.6002,0.711664,
0.0158583,0.00696263,1.58583,0.696263,
0.0156358,0.00672351,1.56358,0.672351,
0.0153395,0.00640365,1.53395,0.640365,
0.0149776,0.00601053,1.49776,0.601053,
0.0145608,0.00555407,1.45608,0.555407,
0.0141013,0.00504565,1.41013,0.504565,
0.0136118,0.00449711,1.36118,0.449711,
0.0131047,0.00391984,1.31047,0.391984,
0.0125912,0.00332414,1.25912,0.332414,
0.012081,0.0027187,1.2081,0.27187,
0.0115822,0.00211041,1.15822,0.211041,
0.011101,0.00150435,1.1101,0.150435,
0.0106421,0.000903871,1.06421,0.0903871,
0.0102091,0.00031083,1.02091,0.031083,
0.00980422,-0.000274203,0.980422,-0.0274203,
0.0094291,-0.000851713,0.94291,-0.0851713,
0.00908474,-0.00142305,0.908474,-0.142305,
0.0087718,-0.00199029,0.87718,-0.199029,
0.00849065,-0.00255614,0.849065,-0.255614,
0.00824157,-0.00312389,0.824157,-0.312389,
0.00802475,-0.00369742,0.802475,-0.369742,
0.00784044,-0.00428124,0.784044,-0.428124,
0.00768896,-0.00488052,0.768896,-0.488052,
0.00757084,-0.00550119,0.757084,-0.550119,
0.00748684,-0.00615007,0.748684,-0.615007,
0.00743811,-0.00683505,0.743811,-0.683505,
0.00742622,-0.00756523,0.742622,-0.756523,
0.00745333,-0.00835122,0.745333,-0.835122,
0.00752227,-0.00920543,0.752227,-0.920543,
0.00763668,-0.0101424,0.763668,-1.01424,
0.00780118,-0.0111793,0.780118,-1.11793,
0.00802147,-0.0123361,0.802147,-1.23361,
0.00830448,-0.013636,0.830448,-1.3636,
0.00865835,-0.0151057,0.865835,-1.51057,
0.00909227,-0.0167745,0.909227,-1.67745,
0.00961588,-0.0186726,0.961588,-1.86726,
0.0102379,-0.0208272,1.02379,-2.08272,
0.0109636,-0.0232545,1.09636,-2.32545,
0.01179,-0.025946,1.179,-2.5946,
0.0126984,-0.0288462,1.26984,-2.88462,
0.0136454,-0.031826,1.36454,-3.1826,
0.0145555,-0.0346592,1.45555,-3.46592,
0.0153224,-0.0370299,1.53224,-3.70299,
0.0158306,-0.0385941,1.58306,-3.85941,
0.0159945,-0.0390975,1.59945,-3.90975,
0.0157949,-0.0384844,1.57949,-3.84844,
0.0152889,-0.0369266,1.52889,-3.69266,
0.0145865,-0.0347553,1.45865,-3.47553,
0.0138096,-0.0323388,1.38096,-3.23388,
0.0130485,-0.0299523,1.30485,-2.99523,
0.0123455,-0.0277255,1.23455,-2.77255,
0.0117116,-0.0256931,1.17116,-2.56931,
0.0111459,-0.0238538,1.11459,-2.38538,
0.0106447,-0.0221966,1.06447,-2.21966,
0.0102029,-0.0207081,1.02029,-2.07081,
0.0098157,-0.0193743,0.98157,-1.93743,
0.00947778,-0.0181811,0.947778,-1.81811,
0.00918421,-0.0171153,0.918421,-1.71153,
0.00893024,-0.0161642,0.893024,-1.61642,
0.00871146,-0.0153164,0.871146,-1.53164,
0.00852386,-0.0145619,0.852386,-1.45619,
0.00836378,-0.0138919,0.836378,-1.38919,
0.00822795,-0.0132986,0.822795,-1.32986,
0.00811344,-0.0127755,0.811344,-1.27755,
0.00801762,-0.0123172,0.801762,-1.23172,
0.00793817,-0.011919,0.793817,-1.1919,
0.00787307,-0.0115773,0.787307,-1.15773,
0.00782052,-0.0112888,0.782052,-1.12888,
0.00777903,-0.0110514,0.777903,-1.10514,
0.00774732,-0.0108631,0.774732,-1.08631,
0.00772439,-0.0107226,0.772439,-1.07226,
0.00770951,-0.0106294,0.770951,-1.06294,
0.00770221,-0.0105829,0.770221,-1.05829,
0.00770229,-0.0105834,0.770229,-1.05834,
0.00770985,-0.0106315,0.770985,-1.06315,
0.00772528,-0.0107282,0.772528,-1.07282,
0.00774931,-0.0108751,0.774931,-1.08751,
0.00778294,-0.0110742,0.778294,-1.10742,
0.00782753,-0.011328,0.782753,-1.1328,
0.00788473,-0.0116397,0.788473,-1.16397,
0.00795652,-0.0120127,0.795652,-1.20127,
0.00804515,-0.0124511,0.804515,-1.24511,
0.0081531,-0.0129594,0.81531,-1.29594,
0.008283,-0.0135422,0.8283,-1.35422,
0.00843754,-0.0142041,0.843754,-1.42041,
0.00861926,-0.0149493,0.861926,-1.49493,
0.00883041,-0.0157811,0.883041,-1.57811,
0.00907262,-0.0167012,0.907262,-1.67012,
0.00934667,-0.017709,0.934667,-1.7709,
0.00965221,-0.0188009,0.965221,-1.88009,
0.00998754,-0.01997,0.998754,-1.997,
0.0103497,-0.0212059,1.03497,-2.12059,
0.0107344,-0.0224954,1.07344,-2.24954,
0.0111369,-0.0238243,1.11369,-2.38243,
0.0115527,-0.0251793,1.15527,-2.51793,
0.011978,-0.0265507,1.1978,-2.65507,
0.0124111,-0.0279344,1.24111,-2.79344,
0.0128523,-0.0293331,1.28523,-2.93331,
0.0133037,-0.0307548,1.33037,-3.07548,
0.0137681,-0.0322095,1.37681,-3.22095,
0.0142467,-0.0337006,1.42467,-3.37006,
0.0147339,-0.035212,1.47339,-3.5212,
0.0152107,-0.0366856,1.52107,-3.66856,
0.0156342,-0.0379901,1.56342,-3.79901,
0.0159269,-0.0388899,1.59269,-3.88899,
0.0159773,-0.0390447,1.59773,-3.90447,
0.0156701,-0.0381005,1.56701,-3.81005,
0.0149547,-0.035895,1.49547,-3.5895,
0.0139062,-0.0326404,1.39062,-3.26404,
0.0127009,-0.0288543,1.27009,-2.88543,
0.0115202,-0.0250738,1.15202,-2.50738,
0.0104789,-0.0216416,1.04789,-2.16416,
0.00962018,-0.0186878,0.962018,-1.86878,
0.00894212,-0.0162094,0.894212,-1.62094,
0.00842374,-0.0141461,0.842374,-1.41461,
0.00803952,-0.0124239,0.803952,-1.24239,
0.00776577,-0.0109735,0.776577,-1.09735,
0.00758268,-0.00973668,0.758268,-0.973668,
0.00747439,-0.00866669,0.747439,-0.866669,
0.00742862,-0.00772642,0.742862,-0.772642,
0.00743597,-0.00688679,0.743597,-0.688679,
0.00748939,-0.00612493,0.748939,-0.612493,
0.00758365,-0.00542285,0.758365,-0.542285,
0.00771494,-0.0047663,0.771494,-0.47663,
0.00788049,-0.00414394,0.788049,-0.414394,
0.00807828,-0.00354676,0.807828,-0.354676,
0.00830676,-0.00296759,0.830676,-0.296759,
0.00856463,-0.00240079,0.856463,-0.240079,
0.00885067,-0.00184204,0.885067,-0.184204,
0.00916351,-0.00128815,0.916351,-0.128815,
0.00950153,-0.00073701,0.950153,-0.073701,
0.00986271,-0.000187502,0.986271,-0.0187502,
0.0102446,0.00036054,1.02446,0.036054,
0.010644,0.000906375,1.0644,0.0906375,
0.0110574,0.00144842,1.10574,0.144842,
0.0114807,0.00198432,1.14807,0.198432,
0.0119091,0.0025111,1.19091,0.25111,
0.0123378,0.0030253,1.23378,0.30253,
0.0127615,0.00352311,1.27615,0.352311,
0.0131751,0.00400063,1.31751,0.400063,
0.0135737,0.00445402,1.35737,0.445402,
0.0139525,0.00487969,1.39525,0.487969,
0.0143074,0.00527441,1.43074,0.527441,
0.0146348,0.00563549,1.46348,0.563549,
0.0149319,0.00596075,1.49319,0.596075,
0.0151964,0.00624861,1.51964,0.624861,
0.0154268,0.00649805,1.54268,0.649805,
0.0156219,0.00670856,1.56219,0.670856,
0.0157814,0.0068801,1.57814,0.68801,
0.0159053,0.00701301,1.59053,0.701301,
0.015994,0.00710799,1.5994,0.710799,
0.0160482,0.00716602,1.60482,0.716602,
0.0160691,0.00718834,1.60691,0.718834,
0.016058,0.00717646,1.6058,0.717646,
0.0160165,0.00713207,1.60165,0.713207,
0.0159464,0.0070571,1.59464,0.70571,
0.01585,0.00695369,1.585,0.695369,
0.0157293,0.00682411,1.57293,0.682411,
0.0155869,0.00667082,1.55869,0.667082,
0.0154252,0.00649631,1.54252,0.649631,
0.0152467,0.00630314,1.52467,0.630314,
0.0150541,0.00609383,1.50541,0.609383,
0.0148496,0.00587083,1.48496,0.587083,
0.0146357,0.00563645,1.46357,0.563645,
0.0144145,0.00539283,1.44145,0.539283,
0.0141879,0.0051419,1.41879,0.51419,
0.0139576,0.0048854,1.39576,0.48854,
0.0137251,0.0046248,1.37251,0.46248,
0.0134918,0.00436136,1.34918,0.436136,
0.0132586,0.00409609,1.32586,0.409609,
0.0130264,0.0038298,1.30264,0.38298,
0.0127959,0.00356307,1.27959,0.356307,
0.0125675,0.00329632,1.25675,0.329632,
0.0123415,0.00302977,1.23415,0.302977,
0.0121183,0.00276352,1.21183,0.276352,
0.0118979,0.00249755,1.18979,0.249755,
0.0116805,0.00223174,1.16805,0.223174,
0.0114659,0.0019659,1.14659,0.19659,
0.0112543,0.0016998,1.12543,0.16998,
0.0110456,0.0014332,1.10456,0.14332,
0.0108399,0.00116582,1.08399,0.116582,
0.0106373,0.000897431,1.06373,0.0897431,
0.0104379,0.00062778,1.04379,0.062778,
0.0102418,0.000356654,1.02418,0.0356654,
0.0100492,8.38509e-05,1.00492,0.0083851,
0.00986047,-0.000190813,0.986047,-0.0190813,
0.0096758,-0.000467516,0.96758,-0.0467517,
0.00949553,-0.000746439,0.949553,-0.0746439,
0.00932002,-0.00102777,0.932002,-0.102777,
0.00914962,-0.00131173,0.914962,-0.131173,
0.00898472,-0.00159857,0.898472,-0.159857,
0.00882569,-0.00188857,0.882569,-0.188857,
0.00867292,-0.0021821,0.867292,-0.21821,
0.00852681,-0.00247957,0.852681,-0.247957,
0.00838775,-0.00278148,0.838775,-0.278148,
0.00825614,-0.0030884,0.825614,-0.30884,
0.00813239,-0.00340101,0.813239,-0.340101,
0.0080169,-0.0037201,0.80169,-0.37201,
0.00791012,-0.00404655,0.791012,-0.404655,
0.00781249,-0.0043814,0.781249,-0.43814,
0.00772447,-0.00472579,0.772447,-0.472579,
0.00764659,-0.00508104,0.764659,-0.508104,
0.00757937,-0.00544863,0.757937,-0.544863,
0.00752341,-0.00583022,0.752341,-0.583022,
0.00747934,-0.00622767,0.747934,-0.622767,
0.00744789,-0.00664306,0.744789,-0.664306,
0.00742982,-0.00707871,0.742982,-0.707871,
0.00742598,-0.00753719,0.742598,-0.753719,
0.00743733,-0.00802134,0.743733,-0.802134,
0.00746489,-0.00853428,0.746489,-0.853428,
0.00750979,-0.00907939,0.750979,-0.907939,
0.00757325,-0.00966035,0.757325,-0.966035,
0.00765656,-0.010281,0.765656,-1.0281,
0.00776106,-0.0109455,0.776106,-1.09455,
0.00788814,-0.0116578,0.788814,-1.16578,
0.00803911,-0.0124219,0.803911,-1.24219,
0.00821519,-0.0132414,0.821519,-1.32414,
0.0084174,-0.0141194,0.84174,-1.41194,
0.00864645,-0.0150582,0.864645,-1.50582,
0.00890273,-0.0160592,0.890273,-1.60592,
0.00918635,-0.0171232,0.918635,-1.71232,
0.00949739,-0.0182513,0.949739,-1.82513,
0.00983635,-0.0194462,0.983635,-1.94462,
0.0102047,-0.020714,1.02047,-2.0714,
0.0106053,-0.0220652,1.06053,-2.20652,
0.0110425,-0.0235141,1.10425,-2.35141,
0.0115208,-0.0250757,1.15208,-2.50757,
0.0120434,-0.0267604,1.20434,-2.67604,
0.0126098,-0.0285654,1.26098,-2.85654,
0.0132117,-0.0304658,1.32117,-3.04658,
0.0138309,-0.0324055,1.38309,-3.24055,
0.0144374,-0.0342929,1.44374,-3.42929,
0.0149911,-0.0360073,1.49911,-3.60073,
0.015449,-0.0374201,1.5449,-3.74201,
0.0157762,-0.038427,1.57762,-3.8427,
0.0159555,-0.0389778,1.59555,-3.89778,
0.0159917,-0.039089,1.59917,-3.9089,
0.0159078,-0.0388313,1.59078,-3.88313,
0.0157362,-0.038304,1.57362,-3.8304,
0.0155105,-0.0376093,1.55105,-3.76093,
0.0152596,-0.0368362,1.52596,-3.68362,
0.015006,-0.0360535,1.5006,-3.60535,
0.0147657,-0.0353103,1.47657,-3.53103,
0.0145492,-0.0346397,1.45492,-3.46397,
0.0143631,-0.0340623,1.43631,-3.40623,
0.0142112,-0.0335903,1.42112,-3.35903,
0.0140954,-0.03323,1.40954,-3.323,
0.0140164,-0.0329838,1.40164,-3.29838,
0.0139739,-0.0328513,1.39739,-3.28513,
0.0139671,-0.0328303,1.39671,-3.28303,
0.0139948,-0.0329167,1.39948,-3.29167,
0.0140552,-0.0331048,1.40552,-3.31048,
0.0141458,-0.0333868,1.41458,-3.33868,
0.0142634,-0.0337524,1.42634,-3.37524,
0.0144039,-0.034189,1.44039,-3.4189,
0.0145624,-0.0346807,1.45624,-3.46807,
0.014733,-0.0352093,1.4733,-3.52093,
0.0149092,-0.0357543,1.49092,-3.57543,
0.0150841,-0.0362948,1.50841,-3.62948,
0.0152515,-0.0368114,1.52515,-3.68114,
0.0154061,-0.0372879,1.54061,-3.72879,
0.0155442,-0.0377132,1.55442,-3.77132,
0.0156638,-0.0380813,1.56638,-3.80813,
0.0157643,-0.0383902,1.57643,-3.83902,
0.0158458,-0.0386408,1.58458,-3.86408,
0.0159089,-0.0388347,1.59089,-3.88347,
0.0159543,-0.038974,1.59543,-3.8974,
0.0159825,-0.0390607,1.59825,-3.90607,
0.0159945,-0.0390975,1.59945,-3.90975,
0.0159915,-0.0390882,1.59915,-3.90882,
0.0159751,-0.039038,1.59751,-3.9038,
0.0159475,-0.0389533,1.59475,-3.89533,
0.0159112,-0.0388417,1.59112,-3.88417,
0.0158688,-0.0387115,1.58688,-3.87115,
0.0158231,-0.0385711,1.58231,-3.85711,
0.0157767,-0.0384284,1.57767,-3.84284,
0.0157319,-0.0382908,1.57319,-3.82908,
0.0156909,-0.0381645,1.56909,-3.81645,
0.0156551,-0.0380546,1.56551,-3.80546,
0.015626,-0.0379649,1.5626,-3.79649,
0.0156044,-0.0378984,1.56044,-3.78984,
0.0155909,-0.0378568,1.55909,-3.78568,
0.0155858,-0.0378412,1.55858,-3.78412,
0.0155893,-0.0378519,1.55893,-3.78519,
0.0156012,-0.0378887,1.56012,-3.78887,
0.0156214,-0.0379508,1.56214,-3.79508,
0.0156494,-0.0380371,1.56494,-3.80371,
0.0156848,-0.0381458,1.56848,-3.81458,
0.0157265,-0.0382742,1.57265,-3.82742,
0.0157734,-0.0384184,1.57734,-3.84184,
0.0158237,-0.0385729,1.58237,-3.85729,
0.0158747,-0.0387296,1.58747,-3.87296,
0.0159228,-0.0388774,1.59228,-3.88774,
0.0159631,-0.0390011,1.59631,-3.90011,
0.0159892,-0.0390814,1.59892,-3.90814,
0.0159936,-0.0390947,1.59936,-3.90947,
0.0159671,-0.0390135,1.59671,-3.90135,
0.0159004,-0.0388084,1.59004,-3.88084,
0.0157839,-0.0384507,1.57839,-3.84507,
0.0156099,-0.0379155,1.56099,-3.79155,
0.0153731,-0.0371863,1.53731,-3.71863,
0.0150722,-0.0362579,1.50722,-3.62579,
0.0147102,-0.0351386,1.47102,-3.51386,
0.0142949,-0.0338505,1.42949,-3.38505,
0.013838,-0.0324275,1.3838,-3.24275,
0.0133533,-0.0309106,1.33533,-3.09106,
0.0128555,-0.0293432,1.28555,-2.93432,
0.0123583,-0.0277662,1.23583,-2.77662,
0.0118733,-0.0262144,1.18733,-2.62144,
0.0114096,-0.0247148,1.14096,-2.47148,
0.0109733,-0.0232864,1.09733,-2.32864,
0.0105682,-0.021941,1.05682,-2.1941,
0.0101959,-0.0206842,1.01959,-2.06842,
0.00985683,-0.0195175,0.985683,-1.95175,
0.00955003,-0.018439,0.955003,-1.8439,
0.00927405,-0.0174448,0.927405,-1.74448,
0.00902698,-0.0165301,0.902698,-1.65301,
0.00880674,-0.0156893,0.880674,-1.56893,
0.00861118,-0.0149168,0.861118,-1.49168,
0.00843819,-0.0142068,0.843819,-1.42068,
0.00828573,-0.0135541,0.828573,-1.35541,
0.0081519,-0.0129539,0.81519,-1.29539,
0.00803491,-0.0124016,0.803491,-1.24016,
0.00793311,-0.011893,0.793311,-1.1893,
0.00784497,-0.0114246,0.784497,-1.14246,
0.00776909,-0.0109931,0.776909,-1.09931,
0.00770419,-0.0105955,0.770419,-1.05955,
0.00764906,-0.0102293,0.764906,-1.02293,
0.00760263,-0.00989232,0.760263,-0.989232,
0.00756389,-0.00958248,0.756388,-0.958248,
0.0075319,-0.00929809,0.75319,-0.929809,
0.00750583,-0.00903768,0.750583,-0.903768,
0.00748489,-0.00879997,0.748489,-0.879997,
0.00746834,-0.00858386,0.746834,-0.858386,
0.00745553,-0.00838843,0.745553,-0.838843,
0.00744585,-0.00821292,0.744585,-0.821292,
0.00743874,-0.0080567,0.743874,-0.80567,
0.0074337,-0.00791926,0.74337,-0.791926,
0.00743029,-0.00780021,0.743029,-0.780021,
0.0074281,-0.00769929,0.74281,-0.769929,
0.0074268,-0.0076163,0.74268,-0.76163,
0.0074261,-0.00755116,0.74261,-0.755116,
0.00742577,-0.00750389,0.742577,-0.750389,
0.00742564,-0.00747456,0.742564,-0.747456,
0.00742561,-0.00746335,0.742561,-0.746335,
0.00742563,-0.00747054,0.742563,-0.747054,
0.00742573,-0.00749646,0.742573,-0.749646,
0.00742602,-0.00754156,0.742602,-0.754156,
0.00742667,-0.00760638,0.742667,-0.760638,
0.00742796,-0.00769157,0.742796,-0.769157,
0.00743023,-0.00779787,0.743023,-0.779787,
0.00743393,-0.00792619,0.743393,-0.792619,
0.0074396,-0.00807754,0.74396,-0.807754,
0.00744791,-0.00825311,0.744791,-0.825311,
0.00745961,-0.00845426,0.745961,-0.845426,
0.00747559,-0.00868253,0.747559,-0.868253,
0.00749686,-0.00893972,0.749686,-0.893972,
0.00752456,-0.00922781,0.752456,-0.922781,
0.00755995,-0.00954907,0.755995,-0.954907,
0.00760444,-0.00990605,0.760444,-0.990605,
0.00765956,-0.0103016,0.765956,-1.03016,
0.007727,-0.0107388,0.7727,-1.07388,
0.00780854,-0.0112212,0.780854,-1.12212,
0.00790607,-0.0117525,0.790607,-1.17525,
0.0080216,-0.0123367,0.80216,-1.23367,
0.00815719,-0.0129782,0.815719,-1.29782,
0.00831494,-0.0136815,0.831494,-1.36815,
0.00849697,-0.0144513,0.849697,-1.44513,
0.00870537,-0.0152924,0.870537,-1.52924,
0.00894218,-0.0162096,0.894218,-1.62096,
0.00920934,-0.0172078,0.920934,-1.72078,
0.00950866,-0.0182915,0.950866,-1.82915,
0.00984174,-0.019465,0.984174,-1.9465,
0.0102099,-0.0207319,1.02099,-2.07319,
0.0106143,-0.0220952,1.06143,-2.20952,
0.0110554,-0.0235565,1.10554,-2.35565,
0.0115329,-0.0251152,1.15329,-2.51152,
0.0120457,-0.0267675,1.20457,-2.67675,
0.0125905,-0.0285043,1.25905,-2.85043,
0.0131615,-0.0303079,1.31615,-3.03079,
0.0137483,-0.0321474,1.37483,-3.21474,
0.0143341,-0.0339721,1.43341,-3.39721,
0.0148929,-0.0357038,1.48929,-3.57038,
0.015387,-0.0372291,1.5387,-3.72291,
0.0157666,-0.0383974,1.57666,-3.83974,
0.0159734,-0.0390328,1.59734,-3.90328,
0.0159531,-0.0389704,1.59531,-3.89704,
0.015675,-0.0381157,1.5675,-3.81157,
0.0151509,-0.036501,1.51509,-3.6501,
0.0144363,-0.0342894,1.44363,-3.42894,
0.0136103,-0.0317159,1.36103,-3.17159,
0.0127505,-0.0290112,1.27505,-2.90112,
0.0119173,-0.0263558,1.19173,-2.63558,
0.0111498,-0.0238665,1.11498,-2.38665,
0.0104676,-0.0216036,1.04676,-2.16036,
0.00987648,-0.0195858,0.987648,-1.95858,
0.00937345,-0.0178059,0.937345,-1.78059,
0.00895117,-0.0162438,0.895117,-1.62438,
0.00860056,-0.014874,0.860056,-1.4874,
0.00831244,-0.0136706,0.831244,-1.36706,
0.00807829,-0.0126099,0.807829,-1.26099,
0.00789052,-0.0116704,0.789052,-1.16704,
0.00774255,-0.0108342,0.774255,-1.08342,
0.00762876,-0.0100858,0.762876,-1.00858,
0.00754433,-0.00941237,0.754433,-0.941237,
0.00748516,-0.00880324,0.748516,-0.880324,
0.00744772,-0.00824951,0.744772,-0.824951,
0.00742898,-0.00774381,0.742898,-0.774381,
0.0074263,-0.00728001,0.74263,-0.728001,
0.00743734,-0.00685307,0.743734,-0.685307,
0.00746007,-0.00645876,0.746007,-0.645876,
0.00749263,-0.00609363,0.749263,-0.609363,
0.00753338,-0.00575477,0.753338,-0.575477,
0.00758082,-0.00543983,0.758082,-0.543983,
0.00763357,-0.00514683,0.763357,-0.514683,
0.00769037,-0.00487416,0.769037,-0.487416,
0.00775006,-0.0046205,0.775006,-0.46205,
0.00781156,-0.00438478,0.781156,-0.438478,
0.00787389,-0.00416611,0.787389,-0.416611,
0.00793611,-0.00396377,0.793611,-0.396377,
0.0079974,-0.00377719,0.79974,-0.377719,
0.00805698,-0.00360589,0.805698,-0.360589,
0.00811414,-0.00344947,0.811414,-0.344947,
0.00816826,-0.00330762,0.816826,-0.330762,
0.00821878,-0.00318004,0.821878,-0.318004,
0.0082652,-0.00306651,0.82652,-0.306651,
0.0083071,-0.00296679,0.83071,-0.296679,
0.00834413,-0.00288067,0.834413,-0.288067,
0.008376,-0.00280796,0.8376,-0.280796,
0.0084025,-0.00274846,0.84025,-0.274846,
0.00842346,-0.00270195,0.842346,-0.270195,
0.00843881,-0.00266822,0.843881,-0.266822,
0.0084485,-0.00264706,0.84485,-0.264706,
0.00845256,-0.00263822,0.845256,-0.263822,
0.00845106,-0.00264148,0.845106,-0.264148,
0.00844413,-0.00265658,0.844413,-0.265658,
0.00843195,-0.00268326,0.843195,-0.268326,
0.00841473,-0.00272127,0.841473,-0.272127,
0.00839272,-0.00277033,0.839272,-0.277033,
0.0083662,-0.00283017,0.83662,-0.283018,
0.00833551,-0.00290055,0.833551,-0.290055,
0.00830097,-0.00298121,0.830097,-0.298121,
0.00826296,-0.00307189,0.826296,-0.307189,
0.00822187,-0.00317238,0.822187,-0.317238,
0.00817808,-0.00328247,0.817808,-0.328247,
0.00813203,-0.00340197,0.813203,-0.340197,
0.00808412,-0.00353073,0.808412,-0.353073,
0.00803479,-0.00366863,0.803479,-0.366863,
0.00798448,-0.00381558,0.798448,-0.381558,
0.00793364,-0.00397156,0.793364,-0.397156,
0.0078827,-0.00413657,0.78827,-0.413657,
0.00783211,-0.00431068,0.783211,-0.431068,
0.00778234,-0.004494,0.778234,-0.4494,
0.00773383,-0.00468673,0.773383,-0.468673,
0.00768706,-0.00488912,0.768706,-0.488912,
0.00764249,-0.00510151,0.764249,-0.510151,
0.00760061,-0.00532432,0.760061,-0.532432,
0.00756191,-0.00555804,0.756191,-0.555804,
0.0075269,-0.0058033,0.752691,-0.58033,
0.00749613,-0.00606081,0.749613,-0.606081,
0.00747013,-0.0063314,0.747013,-0.63314,
0.0074495,-0.00661604,0.74495,-0.661604,
0.00743486,-0.00691584,0.743486,-0.691584,
0.00742687,-0.00723207,0.742687,-0.723207,
0.00742623,-0.00756618,0.742623,-0.756618,
0.00743372,-0.00791979,0.743372,-0.791979,
0.00745015,-0.00829478,0.745015,-0.829478,
0.00747641,-0.00869323,0.747641,-0.869323,
0.00751349,-0.00911749,0.751349,-0.911749,
0.00756243,-0.00957023,0.756243,-0.957023,
0.00762442,-0.0100544,0.762442,-1.00544,
0.00770072,-0.0105733,0.770072,-1.05733,
0.00779271,-0.0111307,0.779271,-1.11307,
0.00790193,-0.0117307,0.790193,-1.17307,
0.00803005,-0.0123779,0.803005,-1.23779,
0.00817886,-0.0130772,0.817886,-1.30772,
0.00835032,-0.0138342,0.835032,-1.38342,
0.00854651,-0.0146547,0.854651,-1.46547,
0.00876965,-0.0155449,0.876965,-1.55449,
0.00902199,-0.0165114,0.902199,-1.65114,
0.00930581,-0.0175606,0.930581,-1.75606,
0.00962325,-0.0186986,0.962325,-1.86986,
0.00997617,-0.0199308,0.997617,-1.99308,
0.0103659,-0.0212608,1.03659,-2.12608,
0.0107928,-0.0226896,1.07928,-2.26896,
0.0112561,-0.0242144,1.12561,-2.42144,
0.011753,-0.0258267,1.1753,-2.58267,
0.0122781,-0.0275106,1.22781,-2.75106,
0.0128231,-0.0292408,1.28231,-2.92408,
0.0133758,-0.0309813,1.33758,-3.09813,
0.0139206,-0.0326851,1.39206,-3.26851,
0.0144383,-0.0342956,1.44383,-3.42956,
0.014908,-0.0357507,1.4908,-3.57507,
0.0153094,-0.03699,1.53094,-3.699,
0.0156254,-0.0379631,1.56254,-3.79631,
0.0158451,-0.0386388,1.58451,-3.86388,
0.015966,-0.0390101,1.5966,-3.90101,
0.0159936,-0.0390949,1.59936,-3.90949,
0.0159396,-0.0389289,1.59396,-3.89289,
0.0158183,-0.0385564,1.58183,-3.85564,
0.0156441,-0.0380208,1.56441,-3.80208,
0.0154296,-0.0373605,1.54296,-3.73605,
0.0151853,-0.0366072,1.51853,-3.66072,
0.0149201,-0.0357879,1.49201,-3.57879,
0.0146416,-0.0349262,1.46416,-3.49262,
0.0143569,-0.0340431,1.43569,-3.40431,
0.0140722,-0.0331576,1.40722,-3.31576,
0.0137928,-0.0322865,1.37928,-3.22865,
0.0135235,-0.0314442,1.35235,-3.14442,
0.0132678,-0.0306423,1.32678,-3.06423,
0.0130288,-0.0298902,1.30288,-2.98902,
0.0128084,-0.0291945,1.28084,-2.91945,
0.0126081,-0.0285602,1.26081,-2.85602,
0.0124287,-0.0279902,1.24287,-2.79902,
0.0122705,-0.0274863,1.22705,-2.74863,
0.0121336,-0.0270491,1.21336,-2.70491,
0.0120179,-0.0266785,1.20179,-2.66785,
0.011923,-0.0263741,1.1923,-2.63741,
0.0118486,-0.0261348,1.18486,-2.61348,
0.0117942,-0.0259596,1.17942,-2.59596,
0.0117593,-0.0258472,1.17593,-2.58472,
0.0117436,-0.0257963,1.17436,-2.57963,
0.0117465,-0.0258057,1.17465,-2.58057,
0.0117676,-0.025874,1.17676,-2.5874,
0.0118066,-0.0259996,1.18066,-2.59996,
0.011863,-0.0261811,1.1863,-2.61811,
0.0119363,-0.0264166,1.19363,-2.64166,
0.0120258,-0.0267039,1.20258,-2.67039,
0.0121309,-0.0270405,1.21309,-2.70405,
0.0122507,-0.0274233,1.22507,-2.74233,
0.0123841,-0.0278483,1.23841,-2.78483,
0.0125296,-0.028311,1.25296,-2.8311,
0.0126856,-0.0288058,1.26856,-2.88058,
0.0128501,-0.0293264,1.28501,-2.93264,
0.013021,-0.0298655,1.3021,-2.98655,
0.0131958,-0.030416,1.31958,-3.0416,
0.0133724,-0.0309706,1.33724,-3.09706,
0.0135487,-0.0315233,1.35487,-3.15233,
0.0137235,-0.03207,1.37235,-3.207,
0.0138962,-0.0326091,1.38962,-3.26091,
0.0140671,-0.0331418,1.40671,-3.31418,
0.0142372,-0.0336712,1.42372,-3.36712,
0.0144079,-0.0342013,1.44079,-3.42013,
0.0145801,-0.0347354,1.45801,-3.47354,
0.014754,-0.0352741,1.4754,-3.52741,
0.0149288,-0.0358148,1.49288,-3.58148,
0.0151024,-0.0363512,1.51024,-3.63512,
0.0152716,-0.0368732,1.52716,-3.68732,
0.0154322,-0.0373682,1.54322,-3.73682,
0.0155796,-0.0378221,1.55796,-3.78221,
0.0157092,-0.038221,1.57092,-3.8221,
0.0158172,-0.038553,1.58172,-3.8553,
0.0159006,-0.0388091,1.59006,-3.88091,
0.0159577,-0.0389846,1.59577,-3.89846,
0.0159885,-0.0390792,1.59885,-3.90792,
0.0159943,-0.0390969,1.59943,-3.90969,
0.0159774,-0.0390452,1.59774,-3.90452,
0.0159412,-0.0389339,1.59412,-3.89339,
0.0158893,-0.0387744,1.58893,-3.87744,
0.0158256,-0.0385786,1.58256,-3.85786,
0.0157537,-0.0383579,1.57537,-3.83579,
0.0156773,-0.0381229,1.56773,-3.81229,
0.0155994,-0.0378831,1.55994,-3.78831,
0.0155225,-0.0376465,1.55225,-3.76465,
0.0154489,-0.0374197,1.54489,-3.74197,
0.0153802,-0.0372081,1.53802,-3.72081,
0.0153178,-0.0370159,1.53178,-3.70159,
0.0152628,-0.0368463,1.52628,-3.68463,
0.0152159,-0.0367016,1.52159,-3.67016,
0.0151776,-0.0365834,1.51776,-3.65834,
0.0151482,-0.0364926,1.51482,-3.64926,
0.0151278,-0.0364297,1.51278,-3.64297,
0.0151165,-0.0363947,1.51165,-3.63947,
0.015114,-0.0363872,1.5114,-3.63872,
0.0151203,-0.0364065,1.51203,-3.64065,
0.0151349,-0.0364516,1.51349,-3.64516,
0.0151575,-0.0365212,1.51575,-3.65212,
0.0151874,-0.0366136,1.51874,-3.66136,
0.0152242,-0.036727,1.52242,-3.6727,
0.015267,-0.0368592,1.5267,-3.68592,
0.0153151,-0.0370076,1.53151,-3.70076,
0.0153676,-0.0371694,1.53676,-3.71694,
0.0154234,-0.0373414,1.54234,-3.73414,
0.0154815,-0.0375202,1.54815,-3.75202,
0.0155407,-0.0377023,1.55407,-3.77023,
0.0155997,-0.0378839,1.55997,-3.78839,
0.0156573,-0.0380614,1.56573,-3.80614,
0.0157125,-0.0382312,1.57125,-3.82312,
0.0157642,-0.0383901,1.57642,-3.83901,
0.0158115,-0.0385355,1.58115,-3.85355,
0.0158538,-0.0386654,1.58538,-3.86654,
0.0158906,-0.0387786,1.58906,-3.87786,
0.0159218,-0.0388744,1.59218,-3.88744,
0.0159474,-0.0389529,1.59474,-3.89529,
0.0159674,-0.0390143,1.59674,-3.90143,
0.0159819,-0.039059,1.59819,-3.9059,
0.0159912,-0.0390873,1.59912,-3.90873,
0.015995,-0.0390991,1.5995,-3.90991,
0.0159932,-0.0390936,1.59932,-3.90936,
0.0159855,-0.0390699,1.59855,-3.90699,
0.0159714,-0.0390265,1.59714,-3.90265,
0.0159504,-0.038962,1.59504,-3.8962,
0.015922,-0.0388749,1.5922,-3.88749,
0.0158859,-0.038764,1.58859,-3.8764,
0.0158418,-0.0386287,1.58418,-3.86287,
0.01579,-0.0384692,1.579,-3.84692,
0.0157305,-0.0382865,1.57305,-3.82865,
0.0156642,-0.0380824,1.56642,-3.80824,
0.0155918,-0.0378598,1.55918,-3.78598,
0.0155146,-0.0376221,1.55146,-3.76221,
0.0154339,-0.0373735,1.54339,-3.73735,
0.0153512,-0.0371187,1.53512,-3.71187,
0.0152681,-0.0368624,1.52681,-3.68624,
0.0151862,-0.0366098,1.51862,-3.66098,
0.0151071,-0.0363656,1.51071,-3.63656,
0.0150323,-0.0361347,1.50323,-3.61347,
0.0149632,-0.0359214,1.49632,-3.59214,
0.0149012,-0.0357297,1.49012,-3.57297,
0.0148474,-0.0355632,1.48474,-3.55632,
0.0148028,-0.0354251,1.48028,-3.54251,
0.0147682,-0.0353181,1.47682,-3.53181,
0.0147443,-0.0352441,1.47443,-3.52441,
0.0147316,-0.0352049,1.47316,-3.52049,
0.0147305,-0.0352014,1.47305,-3.52014,
0.0147411,-0.0352343,1.47411,-3.52343,
0.0147634,-0.0353033,1.47634,-3.53033,
0.0147971,-0.0354077,1.47971,-3.54077,
0.0148419,-0.0355461,1.48419,-3.55461,
0.0148969,-0.0357162,1.48969,-3.57162,
0.0149612,-0.035915,1.49612,-3.5915,
0.0150336,-0.0361386,1.50336,-3.61386,
0.0151125,-0.0363823,1.51125,-3.63823,
0.0151961,-0.0366404,1.51961,-3.66404,
0.0152825,-0.0369068,1.52825,-3.69068,
0.0153693,-0.0371746,1.53693,-3.71746,
0.0154544,-0.0374368,1.54544,-3.74368,
0.0155356,-0.0376868,1.55356,-3.76868,
0.0156109,-0.0379186,1.56109,-3.79186,
0.0156789,-0.0381278,1.56789,-3.81278,
0.0157388,-0.0383119,1.57388,-3.83119,
0.0157905,-0.0384708,1.57905,-3.84708,
0.0158346,-0.0386063,1.58346,-3.86063,
0.0158721,-0.0387217,1.58721,-3.87217,
0.0159043,-0.0388206,1.59043,-3.88206,
0.015932,-0.0389056,1.5932,-3.89056,
0.0159555,-0.0389779,1.59555,-3.89779,
0.0159747,-0.0390366,1.59747,-3.90366,
0.0159883,-0.0390785,1.59883,-3.90785,
0.0159948,-0.0390985,1.59948,-3.90985,
0.0159921,-0.0390903,1.59921,-3.90903,
0.0159782,-0.0390474,1.59782,-3.90474,
0.0159509,-0.0389637,1.59509,-3.89637,
0.0159089,-0.0388348,1.59089,-3.88348,
0.0158516,-0.0386586,1.58516,-3.86586,
0.015779,-0.0384355,1.5779,-3.84355,
0.0156922,-0.0381686,1.56922,-3.81686,
0.015593,-0.0378635,1.5593,-3.78635,
0.0154838,-0.0375273,1.54838,-3.75273,
0.0153674,-0.0371686,1.53674,-3.71686,
0.0152466,-0.0367962,1.52466,-3.67962,
0.0151244,-0.0364191,1.51244,-3.64191,
0.0150035,-0.0360457,1.50035,-3.60457,
0.0148863,-0.0356835,1.48863,-3.56835,
0.0147749,-0.0353389,1.47749,-3.53389,
0.014671,-0.0350173,1.4671,-3.50173,
0.0145761,-0.0347232,1.45761,-3.47232,
0.0144912,-0.0344598,1.44912,-3.44598,
0.014417,-0.0342295,1.4417,-3.42295,
0.014354,-0.0340339,1.4354,-3.40339,
0.0143025,-0.033874,1.43025,-3.3874,
0.0142626,-0.0337502,1.42626,-3.37502,
0.0142343,-0.0336622,1.42343,-3.36622,
0.0142174,-0.0336095,1.42174,-3.36095,
0.0142115,-0.0335912,1.42115,-3.35912,
0.0142163,-0.033606,1.42163,-3.3606,
0.0142313,-0.0336526,1.42313,-3.36526,
0.0142559,-0.0337292,1.42559,-3.37292,
0.0142895,-0.0338338,1.42895,-3.38338,
0.0143316,-0.0339643,1.43316,-3.39643,
0.0143812,-0.0341186,1.43812,-3.41186,
0.0144378,-0.0342941,1.44378,-3.42941,
0.0145004,-0.0344883,1.45004,-3.44883,
0.0145682,-0.0346986,1.45682,-3.46986,
0.0146403,-0.0349222,1.46403,-3.49222,
0.0147159,-0.0351563,1.47159,-3.51563,
0.014794,-0.035398,1.4794,-3.5398,
0.0148737,-0.0356447,1.48737,-3.56447,
0.0149542,-0.0358935,1.49542,-3.58935,
0.0150346,-0.0361417,1.50346,-3.61417,
0.015114,-0.036387,1.5114,-3.6387,
0.0151917,-0.0366269,1.51917,-3.66269,
0.0152671,-0.0368594,1.52671,-3.68594,
0.0153395,-0.0370828,1.53395,-3.70828,
0.0154086,-0.0372955,1.54086,-3.72955,
0.0154737,-0.0374962,1.54737,-3.74962,
0.0155347,-0.0376841,1.55347,-3.76841,
0.0155914,-0.0378585,1.55914,-3.78585,
0.0156436,-0.0380191,1.56436,-3.80191,
0.0156913,-0.0381659,1.56913,-3.81659,
0.0157346,-0.0382989,1.57346,-3.82989,
0.0157735,-0.0384185,1.57735,-3.84185,
0.0158082,-0.0385253,1.58082,-3.85253,
0.0158389,-0.0386197,1.58389,-3.86197,
0.0158659,-0.0387026,1.58659,-3.87026,
0.0158894,-0.0387747,1.58894,-3.87747,
0.0159096,-0.0388369,1.59096,-3.88369,
0.0159269,-0.0388899,1.59269,-3.88899,
0.0159414,-0.0389346,1.59414,-3.89346,
0.0159536,-0.0389719,1.59536,-3.89719,
0.0159635,-0.0390025,1.59635,-3.90025,
0.0159716,-0.0390273,1.59716,-3.90273,
0.0159781,-0.0390471,1.59781,-3.90471,
0.0159831,-0.0390626,1.59831,-3.90626,
0.0159869,-0.0390743,1.59869,-3.90743,
0.0159898,-0.0390831,1.59898,-3.90831,
0.0159918,-0.0390894,1.59918,-3.90894,
0.0159932,-0.0390937,1.59932,-3.90937,
0.0159942,-0.0390965,1.59942,-3.90965,
0.0159947,-0.0390982,1.59947,-3.90982,
0.015995,-0.039099,1.5995,-3.9099,
0.0159951,-0.0390994,1.59951,-3.90994,
0.0159951,-0.0390993,1.59951,-3.90993,
0.015995,-0.0390991,1.5995,-3.90991,
0.0159949,-0.0390988,1.59949,-3.90988,
0.0159948,-0.0390985,1.59948,-3.90985,
0.0159947,-0.0390982,1.59947,-3.90982,
0.0159946,-0.0390979,1.59946,-3.90979,
0.0159946,-0.0390977,1.59946,-3.90977,
0.0159945,-0.0390975,1.59945,-3.90975,
0.0159944,-0.0390974,1.59944,-3.90974,
0.0159944,-0.0390972,1.59944,-3.90972,
0.0159943,-0.0390969,1.59943,-3.90969,
0.0159942,-0.0390966,1.59942,-3.90966,
0.015994,-0.0390961,1.5994,-3.90961,
0.0159938,-0.0390955,1.59938,-3.90955,
0.0159935,-0.0390946,1.59935,-3.90946,
0.0159931,-0.0390934,1.59931,-3.90934,
0.0159926,-0.0390918,1.59926,-3.90918,
0.015992,-0.0390898,1.5992,-3.90898,
0.0159911,-0.0390871,1.59911,-3.90871,
0.01599,-0.0390837,1.599,-3.90837,
0.0159886,-0.0390794,1.59886,-3.90794,
0.0159869,-0.0390741,1.59869,-3.90741,
0.0159848,-0.0390677,1.59848,-3.90677,
0.0159822,-0.0390599,1.59822,-3.90599,
0.0159792,-0.0390506,1.59792,-3.90506,
0.0159757,-0.0390398,1.59757,-3.90398,
0.0159715,-0.0390271,1.59715,-3.90271,
0.0159668,-0.0390125,1.59668,-3.90125,
0.0159613,-0.0389957,1.59613,-3.89957,
0.0159552,-0.0389768,1.59552,-3.89768,
0.0159482,-0.0389555,1.59482,-3.89555,
0.0159405,-0.0389319,1.59405,-3.89319,
0.015932,-0.0389058,1.5932,-3.89058,
0.0159228,-0.0388774,1.59228,-3.88774,
0.0159128,-0.0388467,1.59128,-3.88467,
0.0159022,-0.0388141,1.59022,-3.88141,
0.015891,-0.0387798,1.5891,-3.87798,
0.0158795,-0.0387445,1.58795,-3.87445,
0.0158679,-0.0387087,1.58679,-3.87087,
0.0158563,-0.0386732,1.58563,-3.86732,
0.0158452,-0.0386389,1.58452,-3.86389,
0.0158348,-0.0386069,1.58348,-3.86069,
0.0158254,-0.0385783,1.58254,-3.85783,
0.0158176,-0.038554,1.58176,-3.8554,
0.0158114,-0.0385351,1.58114,-3.85351,
0.0158073,-0.0385225,1.58073,-3.85225,
0.0158054,-0.0385167,1.58054,-3.85167,
0.0158058,-0.038518,1.58058,-3.8518,
0.0158086,-0.0385266,1.58086,-3.85266,
0.0158137,-0.0385421,1.58137,-3.85421,
0.0158207,-0.0385638,1.58207,-3.85638,
0.0158296,-0.038591,1.58296,-3.8591,
0.0158399,-0.0386225,1.58399,-3.86225,
0.0158511,-0.0386573,1.58511,-3.86573,
0.0158631,-0.038694,1.58631,-3.8694,
0.0158753,-0.0387314,1.58753,-3.87314,
0.0158874,-0.0387687,1.58874,-3.87687,
0.0158991,-0.0388047,1.58991,-3.88047,
0.0159103,-0.0388389,1.59103,-3.88389,
0.0159206,-0.0388706,1.59206,-3.88706,
0.01593,-0.0388996,1.593,-3.88996,
0.0159385,-0.0389257,1.59385,-3.89257,
0.015946,-0.0389488,1.5946,-3.89488,
0.0159526,-0.038969,1.59526,-3.8969,
0.0159583,-0.0389864,1.59583,-3.89864,
0.0159632,-0.0390014,1.59632,-3.90014,
0.0159673,-0.039014,1.59673,-3.9014,
0.0159708,-0.0390247,1.59708,-3.90247,
0.0159737,-0.0390336,1.59737,-3.90336,
0.015976,-0.0390409,1.5976,-3.90409,
0.015978,-0.0390468,1.5978,-3.90468,
0.0159796,-0.0390517,1.59796,-3.90517,
0.0159808,-0.0390555,1.59808,-3.90555,
0.0159818,-0.0390585,1.59818,-3.90585,
0.0159825,-0.0390608,1.59825,-3.90608,
0.015983,-0.0390623,1.5983,-3.90623,
0.0159834,-0.0390634,1.59834,-3.90634,
0.0159835,-0.0390638,1.59835,-3.90638,
0.0159835,-0.0390638,1.59835,-3.90638,
0.0159833,-0.0390633,1.59833,-3.90633,
0.015983,-0.0390624,1.5983,-3.90624,
0.0159826,-0.0390609,1.59826,-3.90609,
0.0159819,-0.039059,1.59819,-3.9059,
0.0159812,-0.0390566,1.59812,-3.90566,
0.0159802,-0.0390536,1.59802,-3.90536,
0.015979,-0.0390501,1.5979,-3.90501,
0.0159777,-0.039046,1.59777,-3.9046,
0.0159761,-0.0390411,1.59761,-3.90411,
0.0159743,-0.0390356,1.59743,-3.90356,
0.0159723,-0.0390293,1.59723,-3.90293,
0.0159699,-0.0390221,1.59699,-3.90221,
0.0159673,-0.039014,1.59673,-3.9014,
0.0159643,-0.039005,1.59643,-3.9005,
0.0159611,-0.0389949,1.59611,-3.89949,
0.0159574,-0.0389837,1.59574,-3.89837,
0.0159534,-0.0389715,1.59534,-3.89715,
0.015949,-0.038958,1.5949,-3.8958,
0.0159443,-0.0389433,1.59443,-3.89433,
0.0159391,-0.0389275,1.59391,-3.89275,
0.0159335,-0.0389104,1.59335,-3.89104,
0.0159276,-0.0388921,1.59276,-3.88921,
0.0159213,-0.0388727,1.59213,-3.88727,
0.0159146,-0.0388523,1.59146,-3.88523,
0.0159077,-0.0388309,1.59077,-3.88309,
0.0159004,-0.0388086,1.59004,-3.88086,
0.015893,-0.0387857,1.5893,-3.87857,
0.0158853,-0.0387623,1.58853,-3.87623,
0.0158776,-0.0387387,1.58776,-3.87387,
0.01587,-0.0387151,1.587,-3.87151,
0.0158624,-0.0386917,1.58624,-3.86917,
0.015855,-0.038669,1.5855,-3.8669,
0.0158479,-0.0386473,1.58479,-3.86473,
0.0158413,-0.0386269,1.58413,-3.86269,
0.0158352,-0.0386082,1.58352,-3.86082,
0.0158298,-0.0385917,1.58298,-3.85917,
0.0158252,-0.0385776,1.58252,-3.85776,
0.0158216,-0.0385664,1.58216,-3.85664,
0.015819,-0.0385585,1.5819,-3.85585,
0.0158176,-0.0385543,1.58176,-3.85543,
0.0158175,-0.0385539,1.58175,-3.85539,
0.0158188,-0.0385578,1.58188,-3.85578,
0.0158215,-0.0385661,1.58215,-3.85661,
0.0158257,-0.038579,1.58257,-3.8579,
0.0158314,-0.0385965,1.58314,-3.85965,
0.0158386,-0.0386186,1.58386,-3.86186,
0.0158472,-0.0386452,1.58472,-3.86452,
0.0158572,-0.038676,1.58572,-3.8676,
0.0158685,-0.0387107,1.58685,-3.87107,
0.0158809,-0.0387487,1.58809,-3.87487,
0.0158942,-0.0387895,1.58942,-3.87895,
0.0159081,-0.0388323,1.59081,-3.88323,
0.0159223,-0.038876,1.59223,-3.8876,
0.0159366,-0.0389196,1.59366,-3.89196,
0.0159503,-0.0389619,1.59503,-3.89619,
0.0159632,-0.0390014,1.59632,-3.90014,
0.0159746,-0.0390366,1.59746,-3.90366,
0.0159841,-0.0390656,1.59841,-3.90656,
0.015991,-0.0390868,1.5991,-3.90868,
0.0159947,-0.0390981,1.59947,-3.90981,
0.0159944,-0.0390974,1.59944,-3.90974,
0.0159897,-0.0390827,1.59897,-3.90827,
0.0159796,-0.0390519,1.59796,-3.90519,
0.0159637,-0.0390029,1.59637,-3.90029,
0.0159411,-0.0389337,1.59411,-3.89337,
0.0159115,-0.0388427,1.59115,-3.88427,
0.0158743,-0.0387284,1.58743,-3.87284,
0.0158292,-0.0385897,1.58292,-3.85897,
0.0157759,-0.038426,1.57759,-3.8426,
0.0157145,-0.0382373,1.57145,-3.82373,
0.0156453,-0.0380243,1.56453,-3.80243,
0.0155686,-0.0377885,1.55686,-3.77885,
0.0154854,-0.037532,1.54854,-3.7532,
0.0153964,-0.0372581,1.53964,-3.72581,
0.0153031,-0.0369706,1.53031,-3.69706,
0.015207,-0.0366741,1.5207,-3.66741,
0.0151097,-0.0363739,1.51097,-3.63739,
0.0150131,-0.0360755,1.50131,-3.60755,
0.0149191,-0.0357849,1.49191,-3.57849,
0.0148295,-0.0355077,1.48295,-3.55077,
0.014746,-0.0352493,1.4746,-3.52493,
0.0146701,-0.0350145,1.46701,-3.50145,
0.0146032,-0.0348072,1.46032,-3.48072,
0.0145463,-0.0346308,1.45463,-3.46308,
0.0145001,-0.0344874,1.45001,-3.44874,
0.0144649,-0.0343782,1.44649,-3.43782,
0.0144409,-0.0343039,1.44409,-3.43039,
0.0144281,-0.0342639,1.44281,-3.42639,
0.0144259,-0.0342573,1.44259,-3.42573,
0.0144341,-0.0342826,1.44341,-3.42826,
0.0144518,-0.0343377,1.44518,-3.43377,
0.0144785,-0.0344205,1.44785,-3.44205,
0.0145133,-0.0345284,1.45133,-3.45284,
0.0145554,-0.0346589,1.45554,-3.46589,
0.0146039,-0.0348093,1.46039,-3.48093,
0.014658,-0.034977,1.4658,-3.4977,
0.0147169,-0.0351595,1.47169,-3.51595,
0.0147798,-0.0353541,1.47798,-3.53541,
0.0148458,-0.0355584,1.48458,-3.55584,
0.0149143,-0.03577,1.49143,-3.577,
0.0149844,-0.0359867,1.49844,-3.59867,
0.0150555,-0.0362063,1.50555,-3.62063,
0.0151268,-0.0364267,1.51268,-3.64267,
0.0151979,-0.0366459,1.51979,-3.66459,
0.015268,-0.0368622,1.5268,-3.68622,
0.0153366,-0.0370736,1.53366,-3.70736,
0.0154031,-0.0372787,1.54031,-3.72787,
0.0154671,-0.0374759,1.54671,-3.74759,
0.0155282,-0.0376639,1.55282,-3.76639,
0.0155859,-0.0378417,1.55859,-3.78417,
0.01564,-0.0380082,1.564,-3.80082,
0.0156903,-0.0381627,1.56903,-3.81627,
0.0157364,-0.0383046,1.57364,-3.83046,
0.0157784,-0.0384337,1.57784,-3.84337,
0.0158162,-0.0385499,1.58162,-3.85499,
0.0158498,-0.0386531,1.58498,-3.86531,
0.0158793,-0.0387436,1.58793,-3.87436,
0.0159048,-0.038822,1.59048,-3.8822,
0.0159264,-0.0388886,1.59264,-3.88886,
0.0159446,-0.0389442,1.59446,-3.89442,
0.0159594,-0.0389897,1.59594,-3.89897,
0.0159711,-0.0390257,1.59711,-3.90257,
0.0159801,-0.0390534,1.59801,-3.90534,
0.0159867,-0.0390735,1.59867,-3.90735,
0.0159911,-0.0390872,1.59911,-3.90872,
0.0159938,-0.0390953,1.59938,-3.90953,
0.015995,-0.039099,1.5995,-3.9099,
0.015995,-0.039099,1.5995,-3.9099,
0.0159941,-0.0390964,1.59941,-3.90964,
0.0159927,-0.039092,1.59927,-3.9092,
0.0159909,-0.0390866,1.59909,-3.90866,
0.0159891,-0.039081,1.59891,-3.9081,
0.0159874,-0.0390757,1.59874,-3.90757,
0.015986,-0.0390714,1.5986,-3.90714,
0.015985,-0.0390683,1.5985,-3.90683,
0.0159844,-0.0390667,1.59844,-3.90667,
0.0159845,-0.0390668,1.59845,-3.90668,
0.0159851,-0.0390687,1.59851,-3.90687,
0.0159862,-0.039072,1.59862,-3.9072,
0.0159877,-0.0390766,1.59877,-3.90766,
0.0159894,-0.039082,1.59894,-3.9082,
0.0159913,-0.0390876,1.59913,-3.90876,
0.015993,-0.0390929,1.5993,-3.90929,
0.0159943,-0.039097,1.59943,-3.9097,
0.015995,-0.0390992,1.5995,-3.90992,
0.0159948,-0.0390986,1.59948,-3.90986,
0.0159934,-0.0390943,1.59934,-3.90943,
0.0159905,-0.0390854,1.59905,-3.90854,
0.0159859,-0.0390711,1.59859,-3.90711,
0.0159792,-0.0390506,1.59792,-3.90506,
0.0159703,-0.0390234,1.59703,-3.90234,
0.0159591,-0.0389888,1.59591,-3.89888,
0.0159453,-0.0389465,1.59453,-3.89465,
0.015929,-0.0388964,1.5929,-3.88964,
0.0159101,-0.0388383,1.59101,-3.88383,
0.0158887,-0.0387726,1.58887,-3.87726,
0.0158649,-0.0386996,1.58649,-3.86996,
0.015839,-0.03862,1.5839,-3.862,
0.0158113,-0.0385347,1.58113,-3.85347,
0.015782,-0.0384447,1.5782,-3.84447,
0.0157516,-0.0383513,1.57516,-3.83513,
0.0157205,-0.0382557,1.57205,-3.82557,
0.0156893,-0.0381597,1.56893,-3.81597,
0.0156584,-0.0380648,1.56584,-3.80648,
0.0156285,-0.0379727,1.56285,-3.79727,
0.0156001,-0.0378852,1.56001,-3.78852,
0.0155737,-0.0378042,1.55737,-3.78042,
0.01555,-0.0377312,1.555,-3.77312,
0.0155295,-0.0376681,1.55295,-3.76681,
0.0155127,-0.0376163,1.55127,-3.76163,
0.0155,-0.0375773,1.55,-3.75773,
0.015492,-0.0375524,1.5492,-3.75524,
0.0154888,-0.0375426,1.54888,-3.75426,
0.0154908,-0.0375488,1.54908,-3.75488,
0.0154982,-0.0375715,1.54982,-3.75715,
0.015511,-0.0376109,1.5511,-3.76109,
0.0155292,-0.0376671,1.55292,-3.76671,
0.0155527,-0.0377395,1.55527,-3.77395,
0.0155812,-0.0378272,1.55812,-3.78272,
0.0156143,-0.0379291,1.56143,-3.79291,
0.0156515,-0.0380433,1.56515,-3.80433,
0.0156919,-0.0381676,1.56919,-3.81676,
0.0157347,-0.0382993,1.57347,-3.82993,
0.0157788,-0.0384349,1.57788,-3.84349,
0.015823,-0.0385706,1.5823,-3.85706,
0.0158657,-0.038702,1.58657,-3.8702,
0.0159054,-0.038824,1.59054,-3.8824,
0.0159402,-0.0389309,1.59402,-3.89309,
0.0159682,-0.0390168,1.59682,-3.90168,
0.0159872,-0.0390751,1.59872,-3.90751,
0.015995,-0.0390991,1.5995,-3.90991,
0.0159894,-0.0390819,1.59894,-3.90819,
0.0159682,-0.0390167,1.59682,-3.90167,
0.0159292,-0.0388971,1.59292,-3.88971,
0.0158707,-0.0387173,1.58707,-3.87173,
0.0157911,-0.0384726,1.57911,-3.84726,
0.0156893,-0.0381598,1.56893,-3.81598,
0.0155651,-0.0377775,1.55651,-3.77775,
0.0154186,-0.0373265,1.54186,-3.73265,
0.0152511,-0.03681,1.52511,-3.681,
0.0150645,-0.0362341,1.50645,-3.62341,
0.0148618,-0.0356076,1.48618,-3.56076,
0.0146466,-0.0349417,1.46466,-3.49417,
0.0144235,-0.0342498,1.44235,-3.42498,
0.0141972,-0.0335467,1.41972,-3.35467,
0.0139728,-0.032848,1.39728,-3.2848,
0.0137551,-0.0321687,1.37551,-3.21687,
0.0135485,-0.0315224,1.35485,-3.15224,
0.0133565,-0.0309207,1.33565,-3.09207,
0.0131819,-0.0303723,1.31819,-3.03723,
0.0130265,-0.029883,1.30265,-2.9883,
0.0128912,-0.029456,1.28912,-2.9456,
0.0127759,-0.0290918,1.27759,-2.90918,
0.0126804,-0.0287893,1.26804,-2.87893,
0.0126037,-0.0285461,1.26037,-2.85461,
0.0125446,-0.0283587,1.25446,-2.83587,
0.012502,-0.0282233,1.2502,-2.82233,
0.0124744,-0.0281357,1.24744,-2.81357,
0.0124606,-0.0280919,1.24606,-2.80919,
0.0124594,-0.028088,1.24594,-2.8088,
0.0124696,-0.0281203,1.24696,-2.81203,
0.0124901,-0.0281855,1.24901,-2.81855,
0.01252,-0.0282805,1.252,-2.82805,
0.0125584,-0.0284026,1.25584,-2.84026,
0.0126047,-0.0285493,1.26047,-2.85493,
0.012658,-0.0287184,1.2658,-2.87184,
0.0127179,-0.0289082,1.27179,-2.89082,
0.0127839,-0.0291168,1.27839,-2.91168,
0.0128554,-0.0293429,1.28554,-2.93429,
0.012932,-0.029585,1.2932,-2.9585,
0.0130135,-0.0298419,1.30135,-2.98419,
0.0130994,-0.0301125,1.30994,-3.01125,
0.0131894,-0.0303956,1.31894,-3.03956,
0.0132831,-0.0306901,1.32831,-3.06901,
0.0133801,-0.0309949,1.33801,-3.09949,
0.0134802,-0.0313087,1.34802,-3.13087,
0.0135829,-0.0316303,1.35829,-3.16303,
0.0136878,-0.0319583,1.36878,-3.19583,
0.0137944,-0.0322915,1.37944,-3.22915,
0.0139023,-0.0326283,1.39023,-3.26283,
0.0140111,-0.0329674,1.40111,-3.29674,
0.0141203,-0.0333073,1.41203,-3.33073,
0.0142293,-0.0336466,1.42293,-3.36466,
0.014338,-0.0339842,1.4338,-3.39842,
0.0144457,-0.0343187,1.44457,-3.43187,
0.0145523,-0.0346493,1.45523,-3.46493,
0.0146573,-0.0349749,1.46573,-3.49749,
0.0147607,-0.0352948,1.47607,-3.52948,
0.014862,-0.0356083,1.4862,-3.56083,
0.0149611,-0.0359147,1.49611,-3.59147,
0.0150577,-0.0362132,1.50577,-3.62132,
0.0151516,-0.0365031,1.51516,-3.65031,
0.0152424,-0.0367832,1.52424,-3.67832,
0.0153297,-0.0370525,1.53297,-3.70525,
0.0154131,-0.0373095,1.54131,-3.73095,
0.0154921,-0.0375529,1.54921,-3.75529,
0.0155662,-0.0377809,1.55662,-3.77809,
0.0156349,-0.0379922,1.56349,-3.79922,
0.0156977,-0.0381854,1.56977,-3.81854,
0.0157542,-0.0383593,1.57542,-3.83593,
0.0158043,-0.0385133,1.58043,-3.85133,
0.0158478,-0.0386468,1.58478,-3.86468,
0.0158847,-0.0387602,1.58847,-3.87602,
0.0159152,-0.0388541,1.59152,-3.88541,
0.0159398,-0.0389295,1.59398,-3.89295,
0.0159588,-0.038988,1.59588,-3.8988,
0.015973,-0.0390314,1.5973,-3.90314,
0.0159829,-0.039062,1.59829,-3.9062,
0.0159894,-0.0390818,1.59894,-3.90818,
0.0159931,-0.0390932,1.59931,-3.90932,
0.0159948,-0.0390984,1.59948,-3.90984,
0.0159951,-0.0390993,1.59951,-3.90993,
0.0159945,-0.0390977,1.59945,-3.90977,
0.0159937,-0.0390951,1.59937,-3.90951,
0.0159929,-0.0390926,1.59929,-3.90926,
0.0159923,-0.0390909,1.59923,-3.90909,
0.0159922,-0.0390905,1.59922,-3.90905,
0.0159925,-0.0390914,1.59925,-3.90914,
0.0159931,-0.0390933,1.59931,-3.90933,
0.0159939,-0.0390958,1.59939,-3.90958,
0.0159947,-0.0390981,1.59947,-3.90981,
0.0159951,-0.0390993,1.59951,-3.90993,
0.0159948,-0.0390986,1.59948,-3.90986,
0.0159936,-0.0390949,1.59936,-3.90949,
0.0159912,-0.0390876,1.59912,-3.90876,
0.0159874,-0.0390759,1.59874,-3.90759,
0.0159821,-0.0390593,1.59821,-3.90593,
0.0159751,-0.0390379,1.59751,-3.90379,
0.0159665,-0.0390116,1.59665,-3.90116,
0.0159565,-0.0389808,1.59565,-3.89808,
0.0159453,-0.0389464,1.59453,-3.89464,
0.0159332,-0.0389093,1.59332,-3.89093,
0.0159206,-0.0388707,1.59206,-3.88707,
0.015908,-0.0388321,1.5908,-3.88321,
0.015896,-0.0387949,1.5896,-3.87949,
0.0158849,-0.0387609,1.58849,-3.87609,
0.0158753,-0.0387315,1.58753,-3.87315,
0.0158678,-0.0387084,1.58678,-3.87084,
0.0158628,-0.038693,1.58628,-3.8693,
0.0158606,-0.0386863,1.58606,-3.86863,
0.0158616,-0.0386894,1.58616,-3.86894,
0.0158659,-0.0387027,1.58659,-3.87027,
0.0158736,-0.0387262,1.58736,-3.87262,
0.0158845,-0.0387596,1.58845,-3.87596,
0.0158982,-0.0388017,1.58982,-3.88017,
0.0159142,-0.0388509,1.59142,-3.88509,
0.0159317,-0.0389047,1.59317,-3.89047,
0.0159496,-0.0389598,1.59496,-3.89598,
0.0159667,-0.0390122,1.59667,-3.90122,
0.0159812,-0.0390569,1.59812,-3.90569,
0.0159914,-0.0390881,1.59914,-3.90881,
0.0159951,-0.0390993,1.59951,-3.90993,
0.0159899,-0.0390833,1.59899,-3.90833,
0.0159732,-0.0390322,1.59732,-3.90322,
0.0159425,-0.0389378,1.59425,-3.89378,
0.015895,-0.038792,1.5895,-3.8792,
0.0158282,-0.0385867,1.58282,-3.85867,
0.0157397,-0.0383146,1.57397,-3.83146,
0.0156274,-0.0379693,1.56274,-3.79693,
0.0154899,-0.037546,1.54899,-3.7546,
0.0153262,-0.0370415,1.53262,-3.70415,
0.015136,-0.036455,1.5136,-3.6455,
0.0149201,-0.035788,1.49201,-3.5788,
0.0146798,-0.0350445,1.46798,-3.50445,
0.0144175,-0.0342311,1.44175,-3.42311,
0.0141362,-0.0333568,1.41362,-3.33568,
0.0138396,-0.0324326,1.38396,-3.24326,
0.0135321,-0.0314714,1.35321,-3.14714,
0.0132184,-0.030487,1.32184,-3.0487,
0.0129032,-0.029494,1.29032,-2.9494,
0.0125914,-0.0285072,1.25914,-2.85072,
0.0122875,-0.0275406,1.22875,-2.75406,
0.0119957,-0.0266074,1.19957,-2.66074,
0.0117196,-0.025719,1.17196,-2.5719,
0.0114621,-0.0248853,1.14621,-2.48853,
0.0112253,-0.0241137,1.12253,-2.41137,
0.0110107,-0.0234097,1.10107,-2.34097,
0.010819,-0.0227762,1.0819,-2.27762,
0.01065,-0.0222146,1.065,-2.22146,
0.0105035,-0.0217242,1.05035,-2.17242,
0.0103785,-0.0213032,1.03785,-2.13032,
0.0102738,-0.0209491,1.02738,-2.09491,
0.0101884,-0.0206585,1.01884,-2.06585,
0.0101208,-0.0204277,1.01208,-2.04277,
0.0100699,-0.0202531,1.00699,-2.02531,
0.0100343,-0.0201311,1.00343,-2.01311,
0.0100131,-0.0200582,1.00131,-2.00582,
0.0100052,-0.020031,1.00052,-2.0031,
0.0100097,-0.0200465,1.00097,-2.00465,
0.0100258,-0.0201019,1.00258,-2.01019,
0.0100528,-0.0201945,1.00528,-2.01945,
0.0100899,-0.020322,1.00899,-2.0322,
0.0101367,-0.0204821,1.01367,-2.04821,
0.0101926,-0.0206727,1.01926,-2.06727,
0.010257,-0.0208921,1.0257,-2.08921,
0.0103297,-0.0211383,1.03297,-2.11383,
0.01041,-0.0214097,1.041,-2.14097,
0.0104977,-0.0217047,1.04977,-2.17047,
0.0105923,-0.0220217,1.05923,-2.20217,
0.0106935,-0.0223592,1.06935,-2.23592,
0.0108007,-0.0227158,1.08007,-2.27158,
0.0109138,-0.02309,1.09138,-2.309,
0.0110322,-0.0234804,1.10322,-2.34804,
0.0111556,-0.0238855,1.11556,-2.38855,
0.0112835,-0.0243038,1.12835,-2.43038,
0.0114156,-0.0247341,1.14156,-2.47341,
0.0115513,-0.0251747,1.15513,-2.51747,
0.0116903,-0.0256244,1.16903,-2.56244,
0.0118321,-0.0260818,1.18321,-2.60818,
0.0119764,-0.0265454,1.19764,-2.65454,
0.0121227,-0.027014,1.21227,-2.7014,
0.0122705,-0.0274864,1.22705,-2.74864,
0.0124196,-0.0279614,1.24196,-2.79614,
0.0125696,-0.028438,1.25696,-2.8438,
0.0127201,-0.0289151,1.27201,-2.89151,
0.0128709,-0.0293918,1.28709,-2.93918,
0.0130216,-0.0298673,1.30216,-2.98673,
0.0131719,-0.0303408,1.31719,-3.03408,
0.0133217,-0.0308115,1.33217,-3.08115,
0.0134705,-0.0312784,1.34705,-3.12784,
0.0136181,-0.0317406,1.36181,-3.17406,
0.0137641,-0.032197,1.37641,-3.2197,
0.0139081,-0.0326463,1.39081,-3.26463,
0.0140495,-0.0330871,1.40495,-3.30871,
0.0141879,-0.0335178,1.41879,-3.35178,
0.0143226,-0.0339364,1.43226,-3.39364,
0.0144529,-0.0343411,1.44529,-3.43411,
0.0145782,-0.0347298,1.45782,-3.47298,
0.0146979,-0.0351004,1.46979,-3.51004,
0.0148111,-0.035451,1.48111,-3.5451,
0.0149174,-0.0357797,1.49174,-3.57797,
0.0150163,-0.0360852,1.50163,-3.60852,
0.0151072,-0.0363661,1.51072,-3.63661,
0.01519,-0.0366216,1.519,-3.66216,
0.0152644,-0.0368512,1.52644,-3.68512,
0.0153305,-0.037055,1.53305,-3.7055,
0.0153884,-0.0372332,1.53884,-3.72332,
0.0154381,-0.0373864,1.54381,-3.73864,
0.0154799,-0.0375154,1.54799,-3.75154,
0.0155143,-0.0376211,1.55143,-3.76211,
0.0155414,-0.0377045,1.55414,-3.77045,
0.0155615,-0.0377666,1.55615,-3.77666,
0.015575,-0.0378081,1.5575,-3.78081,
0.0155821,-0.0378299,1.55821,-3.78299,
0.0155829,-0.0378324,1.55829,-3.78324,
0.0155776,-0.037816,1.55776,-3.7816,
0.0155661,-0.0377807,1.55661,-3.77807,
0.0155485,-0.0377266,1.55485,-3.77266,
0.0155248,-0.0376536,1.55248,-3.76536,
0.015495,-0.0375618,1.5495,-3.75618,
0.0154591,-0.0374512,1.54591,-3.74512,
0.0154172,-0.037322,1.54172,-3.7322,
0.0153694,-0.0371749,1.53694,-3.71749,
0.0153162,-0.0370109,1.53162,-3.70109,
0.015258,-0.0368313,1.5258,-3.68313,
0.0151954,-0.0366381,1.51954,-3.66381,
0.0151291,-0.0364338,1.51291,-3.64338,
0.0150603,-0.0362213,1.50603,-3.62213,
0.01499,-0.0360041,1.499,-3.60041,
0.0149195,-0.0357861,1.49195,-3.57861,
0.0148501,-0.0355715,1.48501,-3.55715,
0.0147834,-0.0353651,1.47834,-3.53651,
0.0147208,-0.0351715,1.47208,-3.51715,
0.0146641,-0.0349957,1.46641,-3.49957,
0.0146146,-0.0348425,1.46146,-3.48425,
0.0145741,-0.034717,1.45741,-3.4717,
0.0145441,-0.0346238,1.45441,-3.46238,
0.0145259,-0.0345676,1.45259,-3.45676,
0.0145211,-0.0345526,1.45211,-3.45526,
0.0145308,-0.0345828,1.45308,-3.45828,
0.0145563,-0.0346617,1.45563,-3.46617,
0.0145984,-0.0347921,1.45984,-3.47921,
0.0146578,-0.0349762,1.46578,-3.49762,
0.0147348,-0.0352149,1.47348,-3.52149,
0.0148294,-0.0355077,1.48294,-3.55077,
0.0149409,-0.0358523,1.49409,-3.58523,
0.0150676,-0.0362438,1.50676,-3.62438,
0.0152071,-0.0366743,1.52071,-3.66743,
0.0153554,-0.0371317,1.53554,-3.71317,
0.0155071,-0.0375991,1.55071,-3.75991,
0.0156549,-0.038054,1.56549,-3.8054,
0.0157895,-0.0384677,1.57895,-3.84677,
0.0158995,-0.0388059,1.58995,-3.88059,
0.0159724,-0.0390297,1.59724,-3.90297,
0.0159947,-0.039098,1.59947,-3.9098,
0.0159536,-0.0389721,1.59536,-3.89721,
0.015839,-0.03862,1.5839,-3.862,
0.0156447,-0.0380227,1.56447,-3.80227,
0.0153703,-0.0371775,1.53703,-3.71775,
0.0150212,-0.0361005,1.50212,-3.61005,
0.0146089,-0.0348249,1.46089,-3.48249,
0.0141491,-0.0333969,1.41491,-3.33969,
0.0136593,-0.0318693,1.36593,-3.18693,
0.0131575,-0.0302956,1.31575,-3.02956,
0.0126599,-0.0287244,1.26599,-2.87244,
0.0121796,-0.0271962,1.21796,-2.71962,
0.0117268,-0.0257424,1.17268,-2.57424,
0.0113082,-0.0243845,1.13082,-2.43845,
0.0109278,-0.0231361,1.09278,-2.31361,
0.010587,-0.0220041,1.0587,-2.20041,
0.0102859,-0.02099,1.02859,-2.099,
0.010023,-0.0200922,1.0023,-2.00922,
0.00979631,-0.0193066,0.979631,-1.93066,
0.00960324,-0.0186278,0.960324,-1.86278,
0.00944116,-0.0180498,0.944116,-1.80498,
0.00930746,-0.0175666,0.930746,-1.75666,
0.00919971,-0.0171724,0.919971,-1.71724,
0.00911573,-0.0168618,0.911573,-1.68618,
0.00905364,-0.0166302,0.905364,-1.66302,
0.0090119,-0.0164734,0.90119,-1.64734,
0.00898929,-0.0163882,0.898929,-1.63882,
0.00898492,-0.0163716,0.898492,-1.63716,
0.00899819,-0.0164217,0.899819,-1.64217,
0.00902879,-0.016537,0.902879,-1.6537,
0.00907668,-0.0167163,0.907668,-1.67163,
0.00914203,-0.0169594,0.914203,-1.69594,
0.0092252,-0.0172661,0.92252,-1.72661,
0.00932673,-0.0176367,0.932673,-1.76367,
0.00944726,-0.0180717,0.944726,-1.80717,
0.00958749,-0.018572,0.958749,-1.8572,
0.00974815,-0.0191382,0.974815,-1.91382,
0.00992989,-0.0197709,0.992989,-1.97709,
0.0101333,-0.0204703,1.01333,-2.04703,
0.0103586,-0.021236,1.03586,-2.1236,
0.0106058,-0.0220668,1.06058,-2.20668,
0.0108746,-0.0229603,1.08746,-2.29603,
0.0111639,-0.0239126,1.11639,-2.39126,
0.0114722,-0.0249181,1.14722,-2.49181,
0.0117972,-0.0259691,1.17972,-2.59691,
0.0121358,-0.027056,1.21358,-2.7056,
0.0124843,-0.028167,1.24843,-2.8167,
0.0128382,-0.0292885,1.28382,-2.92885,
0.0131925,-0.0304056,1.31925,-3.04056,
0.0135421,-0.0315024,1.35421,-3.15024,
0.0138815,-0.0325632,1.38815,-3.25632,
0.0142057,-0.0335732,1.42057,-3.35732,
0.0145103,-0.034519,1.45103,-3.4519,
0.0147913,-0.0353896,1.47913,-3.53896,
0.0150458,-0.0361765,1.50458,-3.61765,
0.0152718,-0.0368739,1.52718,-3.68739,
0.015468,-0.0374785,1.5468,-3.74785,
0.0156337,-0.0379885,1.56337,-3.79885,
0.0157686,-0.0384036,1.57686,-3.84036,
0.0158727,-0.0387233,1.58727,-3.87233,
0.0159455,-0.038947,1.59455,-3.8947,
0.0159863,-0.0390724,1.59863,-3.90724,
0.0159937,-0.039095,1.59937,-3.9095,
0.0159654,-0.0390082,1.59654,-3.90082,
0.0158984,-0.0388025,1.58984,-3.88025,
0.0157889,-0.038466,1.57889,-3.8466,
0.0156326,-0.0379854,1.56326,-3.79854,
0.0154252,-0.0373468,1.54252,-3.73468,
0.0151629,-0.0365381,1.51629,-3.65381,
0.0148434,-0.0355509,1.48434,-3.55509,
0.0144664,-0.034383,1.44664,-3.4383,
0.0140345,-0.0330402,1.40345,-3.30402,
0.0135533,-0.0315376,1.35533,-3.15376,
0.0130317,-0.0298994,1.30317,-2.98994,
0.0124811,-0.028157,1.24811,-2.8157,
0.0119145,-0.0263467,1.19145,-2.63467,
0.0113455,-0.0245059,1.13455,-2.45059,
0.0107871,-0.0226705,1.07871,-2.26705,
0.0102511,-0.0208719,1.02511,-2.08719,
0.00974728,-0.0191352,0.974728,-1.91352,
0.00928339,-0.0174789,0.928339,-1.74789,
0.00886519,-0.0159152,0.886519,-1.59152,
0.00849668,-0.0144501,0.849668,-1.44501,
0.00818053,-0.0130848,0.818053,-1.30848,
0.00791841,-0.0118169,0.791841,-1.18169,
0.00771139,-0.0106412,0.771139,-1.06412,
0.00756014,-0.00955073,0.756014,-0.955073,
0.00746511,-0.00853748,0.746511,-0.853748,
0.00742652,-0.00759339,0.742652,-0.759339,
0.00744409,-0.00671104,0.744409,-0.671104,
0.00751652,-0.00588471,0.751652,-0.588471,
0.00764043,-0.00511189,0.764043,-0.511189,
0.00780867,-0.0043954,0.780867,-0.43954,
0.00800784,-0.0037465,0.800784,-0.37465,
0.00821562,-0.00318788,0.821562,-0.318788,
0.00840098,-0.00275184,0.840098,-0.275184,
