-0.0380937,0.0179204,0,-0.0374516,0.0219777,-0.00176621,0.0122862,0.00187588,0,0.0122224,0.00401539,0.00137024,0.327207,-0.00670044,0,0.327879,-0.0189858,-0.00856143,0.703069,-0.103255,0,0.530962,-0.0734224,-0.0118979,-0.20651,0.219721,0,-0.0870397,0.0629346,-0.00612803,-0.404256,-0.0679944,0,-0.0823299,0.00311238,0.00510536,0.530962,-0.0435199,0,0.699326,-0.178236,-0.0627185,-0.146845,0.0629346,0,-0.356472,0.344972,0.0652993,-0.0594894,-0.0153201,0,-0.313593,0.163248,1.35424,
-0.0380721,0.0179194,0,-0.0374307,0.0218873,-0.00171976,0.0122406,0.00191254,0,0.0122337,0.00397183,0.00138021,0.327557,-0.00699241,0,0.32786,-0.0187887,-0.0085966,0.70458,-0.102986,0,0.531572,-0.0728345,-0.0121059,-0.205971,0.218794,0,-0.08788,0.0626625,-0.00593207,-0.403918,-0.0740333,0,-0.0821583,0.0030189,0.00510309,0.531572,-0.04394,0,0.698946,-0.176055,-0.0636085,-0.145669,0.0626625,0,-0.352109,0.340048,0.0633148,-0.0605293,-0.0148302,0,-0.318042,0.158287,1.35607,
-0.0380319,0.0179108,0,-0.0373908,0.0218165,-0.0016917,0.0121858,0.00194376,0,0.0122275,0.00394757,0.00139159,0.328063,-0.00729448,0,0.328049,-0.0187645,-0.00864216,0.706485,-0.102806,0,0.532557,-0.0725774,-0.0123007,-0.205612,0.217893,0,-0.0887097,0.0624388,-0.00579172,-0.404122,-0.0772652,0,-0.0818013,0.00303539,0.00508737,0.532557,-0.0443548,0,0.699209,-0.174571,-0.064467,-0.145155,0.0624388,0,-0.349141,0.336088,0.0610639,-0.0615035,-0.0144793,0,-0.322335,0.15266,1.35799,
-0.0379751,0.0178897,0,-0.0373297,0.0217701,-0.00168014,0.0121225,0.00196783,0,0.0122075,0.00394299,0.00139994,0.328712,-0.00759349,0,0.328418,-0.0189086,-0.00867138,0.708847,-0.102633,0,0.533884,-0.0726594,-0.0124394,-0.205265,0.216892,0,-0.0894636,0.0622604,-0.00569887,-0.405022,-0.0777165,0,-0.0811983,0.00318349,0.0050354,0.533884,-0.0447318,0,0.699971,-0.173825,-0.0650982,-0.145319,0.0622604,0,-0.347649,0.333424,0.0591805,-0.0621968,-0.0142472,0,-0.325491,0.147951,1.35959,
-0.037902,0.0178542,0,-0.037244,0.0217532,-0.00168318,0.0120493,0.00198411,0,0.0121723,0.00396022,0.00140017,0.329501,-0.00788048,0,0.328965,-0.0192261,-0.00865325,0.711681,-0.102435,0,0.535547,-0.0731049,-0.0124696,-0.20487,0.215761,0,-0.0900995,0.062138,-0.00564625,-0.406606,-0.0754763,0,-0.0803362,0.00346835,0.00492865,0.535547,-0.0450498,0,0.701156,-0.173917,-0.0652936,-0.14621,0.062138,0,-0.347833,0.332506,0.0584961,-0.0623478,-0.0141156,0,-0.326468,0.14624,1.36021,
-0.0378126,0.0178063,0.000123325,-0.0371333,0.0217663,-0.00170335,0.0119683,0.00199246,0.00151496,0.0121186,0.00400124,0.00139386,0.330411,-0.00814988,-0.00872141,0.329706,-0.0197259,-0.00859802,0.714756,-0.102212,-0.0816676,0.53751,-0.0739333,-0.0124002,-0.204424,0.21461,-0.0290272,-0.0906108,0.0620844,-0.00564465,-0.408338,-0.0725681,1.497,-0.0794868,0.00384556,0.00479982,0.53751,-0.0453054,-0.0158974,0.702818,-0.174899,-0.0651117,-0.147867,0.0620844,0.00153822,-0.349797,0.333338,0.0588611,-0.0620012,-0.0141116,0.00479982,-0.325558,0.147153,1.35985,
-0.0377014,0.0177493,0.000151165,-0.0369947,0.0218103,-0.00174088,0.011875,0.00199466,0.00149492,0.0120408,0.00406807,0.00137989,0.331482,-0.00841453,-0.00857001,0.330685,-0.0204257,-0.0084983,0.71811,-0.102045,-0.0820456,0.539845,-0.075174,-0.0122181,-0.20409,0.213523,-0.0273092,-0.0910531,0.0621209,-0.00569372,-0.410228,-0.0682729,1.4936,-0.0786098,0.00430752,0.00464419,0.539845,-0.0455266,-0.015722,0.705037,-0.176847,-0.0644898,-0.150348,0.0621209,0.00172301,-0.353693,0.336106,0.0604411,-0.0610907,-0.0142343,0.00464419,-0.322449,0.151103,1.35842,
0,0.0176788,0.000177985,-0.0368282,0.0218857,0,0,0.00198745,0.00147776,0.0119445,0.00416075,0,0,-0.00864593,-0.00844054,0.331846,-0.0213161,0,0,-0.101801,-0.0823849,0.542416,-0.0768227,0,0,0.212437,-0.0259615,-0.0913215,0.0622293,0,0,-0.0649036,1.49092,-0.0779335,0.00483548,0,0,-0.0456607,-0.0155867,0.707722,-0.179761,0,0,0.0622293,0.00193419,-0.359522,0.340888,0,0,-0.0144905,0.00447936,-0.316935,0.157907,0,
-0.0373929,0.0175965,0.000200025,-0.0366115,0.0219907,-0.00187082,0.0116729,0.00197124,0.0014655,0.011825,0.00427808,0.00132827,0.334073,-0.00892501,-0.00834891,0.333378,-0.0224898,-0.00815332,0.725312,-0.101583,-0.0826771,0.545625,-0.0790127,-0.0114843,-0.203167,0.211369,-0.0252945,-0.0916717,0.0624308,-0.00594984,-0.413386,-0.0632363,1.48955,-0.0775869,0.00543004,0.0043178,0.545625,-0.0458358,-0.0155174,0.711325,-0.183802,-0.0618181,-0.158025,0.0624308,0.00217201,-0.367604,0.347739,0.0666639,-0.0574217,-0.0148746,0.0043178,-0.30909,0.16666,1.35336,
-0.0371998,0.0174907,0.000220464,-0.0363688,0.0221206,-0.00196459,0.0115843,0.00193942,0.00146031,0.011705,0.00441753,0.00129457,0.335435,-0.00912316,-0.0083092,0.334945,-0.0238249,-0.00792953,0.728874,-0.101017,-0.082896,0.548802,-0.0815691,-0.0109647,-0.202035,0.210069,-0.0263064,-0.091673,0.0626353,-0.00616424,-0.41448,-0.065766,1.49137,-0.0776973,0.00609537,0.0041759,0.548802,-0.0458365,-0.0155395,0.715272,-0.1887,-0.059949,-0.163138,0.0626353,0.00243815,-0.377401,0.356235,0.0702397,-0.0548236,-0.0154106,0.0041759,-0.299745,0.175599,1.35071,
-0.0369858,0.017368,0.000234523,-0.0360972,0.0222704,-0.0020743,0.0115126,0.00189384,0.00146486,0.0115783,0.00457931,0.00125536,0.336721,-0.00924683,-0.00834119,0.336584,-0.0253242,-0.00767025,0.732005,-0.10021,-0.0830056,0.551953,-0.0844802,-0.01034,-0.200419,0.208725,-0.0289881,-0.0913717,0.0628528,-0.00643095,-0.415028,-0.0724701,1.49643,-0.0784096,0.00680923,0.00406211,0.551953,-0.0456859,-0.0156819,0.719678,-0.194455,-0.0577418,-0.16896,0.0628528,0.00272369,-0.388911,0.366424,0.0738664,-0.0517002,-0.0160774,0.00406211,-0.288709,0.184666,1.34827,
0,0.017225,0.000247628,-0.0358012,0.0224227,-0.00218484,0,0.00182928,0.0014759,0.0114713,0.00474757,0.0012099,0,-0.00922874,-0.00842129,0.33805,-0.0268498,-0.00737014,0,-0.0989567,-0.0829894,0.554643,-0.0874925,-0.00962353,0,0.207188,-0.0333635,-0.0905079,0.062975,-0.00670909,0,-0.0834086,1.50485,-0.0795565,0.00757423,0.00395451,0,-0.045254,-0.0159113,0.723932,-0.200412,-0.0552812,0,0.062975,0.00302969,-0.400824,0.377248,0.0773486,0,-0.0167727,0.00395451,-0.276406,0.193371,1.34638,
0,0.0170604,0.000255749,-0.0354718,0.0225888,-0.00230245,0,0.00174695,0.00149535,0.0113709,0.00493323,0.00115479,0,-0.00909832,-0.00856496,0.339475,-0.0284972,-0.00700864,0,-0.0973507,-0.0827688,0.557108,-0.0907816,-0.00876932,0,0.205608,-0.0394119,-0.0891915,0.0630491,-0.00701059,0,-0.0985297,1.51673,-0.081259,0.0084107,0.00385214,0,-0.0445957,-0.0162518,0.728446,-0.207099,-0.0523088,0,0.0630491,0.00336428,-0.414198,0.389799,0.0809018,0,-0.0175265,0.00385214,-0.261544,0.202254,1.34503,
-0.0362475,0.0168841,0.000266573,-0.0350903,0.0227615,-0.00242571,0.0114786,0.00165535,0.00151028,0.0112591,0.00513818,0.00109089,0.339414,-0.00896778,-0.00867804,0.341097,-0.0303628,-0.00658174,0.738593,-0.0957864,-0.0825642,0.55993,-0.0944741,-0.00778912,-0.191573,0.20408,-0.0445335,-0.0878271,0.0631309,-0.00732015,-0.412821,-0.111334,1.52692,-0.082769,0.00936067,0.00369669,0.55993,-0.0439135,-0.0165538,0.733824,-0.214731,-0.048814,-0.188948,0.0631309,0.00374427,-0.429462,0.404217,0.0842576,-0.0389456,-0.0183004,0.00369669,-0.24407,0.210644,1.34442,
-0.0358108,0.0167168,0.000265257,-0.0345816,0.0229082,-0.00254574,0.0114545,0.00156537,0.0015274,0.0111178,0.00534026,0.00102725,0.341113,-0.00914241,-0.00881227,0.343502,-0.0326322,-0.00610399,0.742344,-0.0947678,-0.0823003,0.564406,-0.0987511,-0.0067601,-0.189536,0.202822,-0.0494728,-0.0874221,0.0633056,-0.00758771,-0.411502,-0.123682,1.53693,-0.0844838,0.0103622,0.00353473,0.564406,-0.0437111,-0.0168968,0.74116,-0.223126,-0.0451827,-0.197502,0.0633056,0.0041449,-0.446253,0.419147,0.0868834,-0.0338005,-0.0189693,0.00353473,-0.225913,0.217208,1.3446,
-0.0353965,0.0164971,0.000267142,-0.034421,0.0234683,-2.66899e-05,0.0114878,0.0014723,0.00154657,0.0111399,0.005387,9.65046e-06,0.342462,-0.00929588,-0.00896711,0.344942,-0.0340408,-5.61856e-05,0.745472,-0.0935649,-0.0818214,0.567698,-0.102198,-5.70193e-05,-0.18713,0.201468,-0.0553249,-0.0877821,0.0646384,-7.87047e-05,-0.409107,-0.138312,1.54894,-0.0860166,0.0108788,3.38621e-05,0.567698,-0.0438911,-0.0172033,0.742324,-0.224967,-0.000416478,-0.204396,0.0646384,0.00435154,-0.449933,0.419852,0.000890338,-0.000285097,-0.000196761,3.38623e-05,-0.00208239,0.00222584,0.013498,
-0.0350281,0.0163002,0.00026767,-0.0339001,0.0235812,-2.78126e-05,0.011576,0.0013484,0.00157021,0.0110654,0.00558216,9.1288e-06,0.342859,-0.00898231,-0.0091524,0.346344,-0.0359671,-5.21891e-05,0.746677,-0.0915399,-0.0810857,0.569907,-0.105963,-4.77718e-05,-0.18308,0.200146,-0.0622442,-0.0855803,0.0644039,-8.14974e-05,-0.405428,-0.15561,1.56318,-0.088238,0.0119347,3.2763e-05,0.569907,-0.0427902,-0.0176476,0.748733,-0.232869,-0.000389943,-0.211927,0.0644039,0.00477388,-0.465738,0.432785,0.000896867,-0.000238866,-0.000203743,3.27634e-05,-0.00194972,0.00224217,0.013498,
-0.034655,0.0160903,0.000268496,-0.0333347,0.0236605,-2.9065e-05,0.0117159,0.0012063,0.00159551,0.01103,0.00577153,8.70191e-06,0.342857,-0.00852031,-0.00935354,0.347419,-0.0378343,-4.86489e-05,0.747239,-0.0891988,-0.0801274,0.571384,-0.109614,-3.90064e-05,-0.178398,0.198844,-0.0696658,-0.0827598,0.0639436,-8.46891e-05,-0.400637,-0.174164,1.57852,-0.0906321,0.0130569,3.19457e-05,0.571384,-0.0413799,-0.0181264,0.754615,-0.240645,-0.000370172,-0.219228,0.0639436,0.00522274,-0.48129,0.44538,0.000897238,-0.00019503,-0.000211723,3.19455e-05,-0.00185086,0.0022431,0.013498,
0,0.0159182,0.000264282,-0.0323359,0.0232108,-0.00303006,0,0.00103321,0.00162331,0.0109303,0.00608787,0.000830213,0,-0.00781075,-0.00957269,0.348666,-0.0403168,-0.00452381,0,-0.086496,-0.0789855,0.572315,-0.113534,-0.0030328,0,0.197712,-0.0772808,-0.0780856,0.0618013,-0.00878441,0,-0.193202,1.59424,-0.0935345,0.0147466,0.00311469,0,-0.0390428,-0.0187069,0.764305,-0.253909,-0.0353809,0,0.0618013,0.00589865,-0.507818,0.472147,0.0890883,0,-0.021961,0.00311469,-0.176905,0.222721,1.34496,
-0.0341471,0.015587,0.000200192,-0.0357,0.026245,-0.00235394,0.0124504,0.00100758,0.00105936,0.0134173,0.00443612,0.000308327,0.339972,-0.00786592,-0.0062887,0.337289,-0.0332312,-0.00186871,0.739082,-0.0876846,-0.0508688,0.556008,-0.105463,0.000825397,-0.175369,0.192186,-0.0545327,-0.0879482,0.0702625,-0.00663905,-0.254344,-0.136332,1.0494,-0.0574852,0.00674936,0.000975376,0.556008,-0.0439741,-0.011497,0.564278,-0.10725,0.00714214,-0.210926,0.0702625,0.00269974,-0.2145,0.252321,0.026282,0.00412697,-0.0165976,0.000975376,0.0357107,0.065705,1.30227,
0,0.0154637,2.80948e-06,-0.0351855,0.0262426,-0.00225677,0,0.000986846,1.35916e-05,0.0136458,0.00443111,0.000219998,0,-0.00793036,-8.09239e-05,0.336388,-0.0337494,-0.00139349,0,-0.0919337,-0.000645055,0.551644,-0.106476,0.00161397,0,0.18259,-0.000740118,-0.0871485,0.0697432,-0.00626457,0,-0.00185029,0.0135208,-0.000745535,9.29731e-05,9.86847e-06,0,-0.0435742,-0.000149107,0.563926,-0.106314,0.0147186,0,0.0697432,3.71892e-05,-0.212628,0.245848,0.0124816,0,-0.0156614,9.86847e-06,0.0735928,0.0312039,1.28344,
-0.0339794,0.0153738,3.2127e-06,-0.0344997,0.0259862,-0.00221838,0.013406,0.000822013,1.34e-05,0.0139045,0.00435028,0.000181773,0.334864,-0.00709415,-7.98006e-05,0.335092,-0.0336422,-0.00119833,0.725102,-0.0895725,-0.000640712,0.548274,-0.106224,0.001965,-0.179145,0.180291,-0.000763029,-0.0824611,0.0681388,-0.00611759,-0.00320357,-0.00190757,0.0135212,-0.000742485,9.80294e-05,8.24093e-06,0.548274,-0.0412305,-0.000148495,0.561684,-0.102778,0.0192631,-0.212449,0.0681388,3.92115e-05,-0.205556,0.234792,0.00162367,0.00982499,-0.015294,8.24116e-06,0.0963153,0.00405917,1.26641,
0,0.014977,0.000485332,-0.0352002,0.0251793,-0.00412975,0,0.000490958,0.00156746,0.0144971,0.00433319,0.000642815,0,-0.00507434,-0.00931947,0.331607,-0.0335326,-0.003691,0,-0.0761004,-0.0770402,0.546337,-0.105522,0.000986059,0,0.190683,-0.093407,-0.075859,0.0641777,-0.0116422,0,-0.233517,1.62713,-0.0868959,0.0126222,0.0024648,0,-0.0379295,-0.0173792,0.547109,-0.100579,0.00704067,0,0.0641777,0.00504889,-0.201158,0.219581,-0.0151975,0,-0.0291054,0.0024648,0.0352033,-0.0379938,1.15491,
0,0.0151408,0.000540854,-0.0332502,0.0248765,-0.0046437,0,0.000259052,0.00152241,0.0146118,0.00414974,0.000941835,0,-0.00370324,-0.00900706,0.330531,-0.0324518,-0.00525664,0,-0.073074,-0.0775053,0.54059,-0.103591,-0.000750732,0,0.189536,-0.0942741,-0.066561,0.0623309,-0.0132315,0,-0.235685,1.62841,-0.0857004,0.0129437,0.00305828,0,-0.0332805,-0.0171401,0.548618,-0.0942021,-0.0101079,0,0.0623309,0.00517746,-0.188404,0.204265,-0.0493999,0,-0.0330788,0.00305828,-0.0505396,-0.1235,0.0741884,
0,0.0150667,0,-0.0323991,0.0243832,-0.00457094,0,7.73636e-05,0,0.0150131,0.00397927,0.000971469,0,-0.00256638,0,0.327809,-0.0313667,-0.00542985,0,-0.0700716,0,0.533658,-0.101341,-0.00097569,0,0.187569,0,-0.0602505,0.059949,-0.0130552,0,-0.235118,0,-0.0824617,0.0132816,0.0027385,0,-0.0301252,0,0.542745,-0.0879232,-0.0118216,0,0.059949,0,-0.175846,0.191909,-0.0468046,0,-0.032638,0,-0.059108,-0.117012,0.0726542,
0,0.0149805,0,-0.0315177,0.0238748,-0.0044947,0,-0.000109884,0,0.0154249,0.00380816,0.0010013,0,-0.0013908,0,0.325005,-0.0302684,-0.00560537,0,-0.0670368,0,0.526286,-0.0990486,-0.00118755,0,0.185503,0,-0.0538055,0.0575402,-0.0128813,0,-0.232238,0,-0.0780609,0.0135391,0.00234966,0,-0.0269027,0,0.537199,-0.0819347,-0.0135349,0,0.0575402,0,-0.163869,0.180204,-0.0442601,0,-0.0322032,0,-0.0676743,-0.11065,0.0713919,
0,0.0148904,0.000834876,-0.0296993,0.0225547,-0.00478729,0,-0.00031951,0.0012639,0.0142944,0.00493827,0.00165612,0,5.94634e-05,-0.00720854,0.328618,-0.034642,-0.0085818,0,-0.0636422,-0.0801731,0.528383,-0.105371,-0.00580041,0,0.183457,-0.0911167,-0.042604,0.0515907,-0.0143668,0,-0.227792,1.61941,-0.0755384,0.0162037,0.00314956,0,-0.021302,-0.0151077,0.70328,-0.218975,-0.0844421,0,0.0515907,0.0064815,-0.43795,0.407101,0.0732473,0,-0.0359169,0.00314956,-0.422211,0.183118,0.209108,
-0.0357086,0.0147614,0.000936918,-0.0293544,0.0224228,-0.00448263,0.0164628,-0.000508899,0.00115006,0.0148945,0.00465899,0.00163283,0.313605,0.00164536,-0.00640875,0.324052,-0.0323964,-0.00857927,0.723739,-0.0601381,-0.0809322,0.517371,-0.101771,-0.00595579,-0.120276,0.181485,-0.0894784,-0.0360623,0.0500542,-0.0136878,-0.404661,-0.223696,1.61466,-0.0686718,0.0156469,0.00249171,0.517371,-0.0180311,-0.0137344,0.69026,-0.208727,-0.0852913,-0.203542,0.0500542,0.00625877,-0.417455,0.392185,0.0752157,-0.0297789,-0.0342194,0.00249171,-0.426456,0.188039,0.209308,
-0.0361607,0.0146258,0.00103067,-0.0290281,0.0222594,-0.00415111,0.0172236,-0.000691387,0.00102801,0.0154906,0.00437728,0.00160379,0.30731,0.0033822,-0.00553438,0.319148,-0.0298406,-0.00858969,0.716302,-0.0565769,-0.0815781,0.505124,-0.0976406,-0.00615938,-0.113154,0.179682,-0.0875535,-0.0291,0.0484997,-0.0129773,-0.40789,-0.218884,1.60905,-0.0610724,0.0149543,0.00185562,0.505124,-0.01455,-0.0122145,0.676841,-0.197772,-0.0860168,-0.195281,0.0484997,0.00598173,-0.395544,0.376453,0.0766142,-0.0307969,-0.0324433,0.00185562,-0.430084,0.191536,0.209029,
-0.0365975,0.0144831,0.00111183,-0.0286795,0.0220638,-0.00381158,0.0179897,-0.000867496,0.000897452,0.0160578,0.00410269,0.00156994,0.300707,0.00516818,-0.00458599,0.314266,-0.0271913,-0.00857394,0.708129,-0.053119,-0.0821479,0.492405,-0.0933371,-0.00633961,-0.106238,0.178027,-0.0851286,-0.0220241,0.0469817,-0.0122656,-0.41074,-0.212822,1.60211,-0.0527516,0.0141769,0.00123235,0.492405,-0.011012,-0.0105503,0.664004,-0.186735,-0.0865523,-0.186674,0.0469817,0.00567075,-0.37347,0.360703,0.0774763,-0.0316981,-0.0306641,0.00123235,-0.432762,0.193691,0.208179,
-0.0369959,0,0.0011763,-0.0283904,0.022197,-2.08215e-05,0.0187668,0,0.000767563,0.0166099,0.00369522,8.30515e-06,0.293801,0,-0.00363066,0.309375,-0.0237063,-4.63429e-05,0.699077,0,-0.0825326,0.479311,-0.0884365,-3.07844e-05,-0.0994218,0,-0.0828293,-0.0149953,0.0466484,-6.76797e-05,-0.412663,0,1.59532,-0.044321,0.0133324,2.88998e-06,0.479311,0,-0.0088642,0.651415,-0.167829,-0.000458202,-0.176873,0,0.00533296,-0.335657,0.331992,0.00086201,-0.00015392,0,2.89003e-06,-0.00229101,0.00215503,0.0134991,
-0.0373132,0,0.00122351,-0.0276154,0.0216101,-0.00191832,0.0195556,0,0.000640406,0.0169809,0.00357668,0.000822127,0.286637,0,-0.00268575,0.305473,-0.021774,-0.00467048,0.689124,0,-0.0827422,0.466205,-0.0845883,-0.00319604,-0.0925852,0,-0.0807786,-0.00628742,0.0440691,-0.00647363,-0.413711,0,1.58903,-0.0359093,0.0125993,1.35553e-05,0.466205,0,-0.00718187,0.647793,-0.164572,-0.0469349,-0.169177,0,0.00503974,-0.329144,0.330982,0.0860877,-0.0159802,0,1.35558e-05,-0.234675,0.215219,1.35868,
-0.0374887,0.0139809,0.00125138,-0.0270566,0.02134,-0.00176253,0.0203206,-0.00141862,0.000505926,0.0174225,0.00334127,0.000812604,0.28044,0.010638,-0.00171353,0.301878,-0.019698,-0.0046416,0.681042,-0.0434845,-0.0829729,0.45466,-0.081131,-0.00324306,-0.086969,0.174292,-0.0779133,0.000389419,0.0426847,-0.00617126,-0.414865,-0.194783,1.58079,-0.027079,0.011824,-0.000260606,0.45466,0.000194709,-0.00541579,0.639487,-0.15558,-0.0479576,-0.162262,0.0426847,0.00472959,-0.311161,0.317865,0.0852394,-0.0162153,-0.0154281,-0.000260606,-0.239788,0.213098,1.36067,
-0.0375388,0.0138186,0.00126017,-0.0264343,0.0210757,-0.00162397,0.0210316,-0.00159898,0.0003632,0.0177934,0.0031242,0.000804557,0.275314,0.0119592,-0.000707551,0.299269,-0.0181551,-0.00458058,0.674872,-0.0412593,-0.0832241,0.445224,-0.0784601,-0.00325349,-0.0825185,0.173165,-0.073824,0.00612089,0.0414425,-0.00589106,-0.416121,-0.18456,1.56962,-0.0177696,0.0110094,-0.000534345,0.445224,0.00306045,-0.00355391,0.633911,-0.148116,-0.0489915,-0.15692,0.0414425,0.00440377,-0.296232,0.306526,0.0842292,-0.0162675,-0.0147276,-0.000534345,-0.244957,0.210573,1.36239,
-0.0375129,0.0136719,0.00125134,-0.025806,0.020822,-0.00149614,0.0216862,-0.00177256,0.000215615,0.0181029,0.00292364,0.000797167,0.271042,0.0130588,0.000314297,0.297386,-0.0169854,-0.00450068,0.670091,-0.0395184,-0.0834249,0.437449,-0.0763267,-0.00325342,-0.0790369,0.172102,-0.0684776,0.0111252,0.0403243,-0.00562478,-0.417125,-0.171194,1.55551,-0.00813358,0.0101367,-0.000798113,0.437449,0.00556261,-0.00162672,0.630413,-0.141784,-0.0500443,-0.152653,0.0403243,0.00405469,-0.283567,0.296549,0.0830922,-0.0162671,-0.0140619,-0.000798113,-0.250222,0.20773,1.36392,
-0.0374518,0,0.00122651,-0.0252201,0.0205814,-0.00137423,0.0222833,0,6.77234e-05,0.0183599,0.00273935,0.000790162,0.267379,0,0.00132796,0.295981,-0.0160377,-0.00441382,0.66612,0,-0.0834976,0.430858,-0.0745122,-0.00326216,-0.0763123,0,-0.0618849,0.015652,0.0393147,-0.00537011,-0.417488,0,1.53867,0.00159446,0.00921146,-0.00104264,0.430858,0,0.000318893,0.62841,-0.136256,-0.0511698,-0.149024,0,0.00368459,-0.272512,0.287599,0.0817942,-0.0163108,0,-0.00104264,-0.255849,0.204486,1.36529,
-0.0373538,0,0.00118811,-0.0246776,0.0203584,-0.00125948,0.022815,0,-7.54492e-05,0.0185668,0.00257022,0.000784362,0.264507,0,0.00229372,0.295111,-0.0153719,-0.00432217,0.663248,0,-0.0833776,0.425782,-0.0731015,-0.0032852,-0.074423,0,-0.054003,0.0196098,0.0384118,-0.00512903,-0.416888,0,1.51928,0.0110446,0.00825666,-0.00125993,0.425782,0,0.00220892,0.627965,-0.131636,-0.0524104,-0.146203,0,0.00330266,-0.263272,0.279655,0.080287,-0.016426,0,-0.00125993,-0.262052,0.200718,1.3665,
-0.0371759,0,0.00113951,-0.0240845,0.0201405,-0.0011503,0.0233033,0,-0.000211888,0.0187302,0.00240562,0.000777292,0.26275,0,0.00318199,0.295019,-0.0151766,-0.00420007,0.662239,0,-0.0829839,0.422826,-0.0723203,-0.00329692,-0.0734481,0,-0.0449152,0.0229144,0.0375422,-0.00487938,-0.414919,0,1.49794,0.0199918,0.0072599,-0.00144041,0.422826,0,0.00399836,0.629548,-0.127965,-0.0535603,-0.144641,0,0.00290396,-0.25593,0.272516,0.0787928,-0.0164846,0,-0.00144041,-0.267801,0.196982,1.36766,
-0.0370743,0.0132078,0.00107701,-0.0236104,0.0199145,-0.00102317,0.0237931,-0.00243383,-0.000335429,0.0188842,0.00225248,0.000765239,0.260089,0.0163161,0.00400598,0.294387,-0.0145526,-0.00407837,0.658953,-0.0359789,-0.0822215,0.418234,-0.0709277,-0.00333058,-0.0719577,0.169893,-0.0351963,0.0272743,0.0366338,-0.00461182,-0.411108,-0.0879907,1.47642,0.0284036,0.00627187,-0.00157313,0.418234,0.0136371,0.00568071,0.630539,-0.123543,-0.0548378,-0.141855,0.0366338,0.00250875,-0.247085,0.265019,0.0770641,-0.0166529,-0.0115295,-0.00157313,-0.274189,0.19266,1.36892,
-0.0370416,0.0130507,0.00100008,-0.0232626,0.0196805,-0.00087722,0.024281,-0.00260387,-0.000441265,0.0190282,0.00211157,0.00074842,0.256565,0.0175726,0.00472821,0.293262,-0.0135269,-0.00394768,0.653391,-0.0349893,-0.0810811,0.412112,-0.0689765,-0.00338185,-0.0699787,0.170415,-0.024887,0.0326667,0.0356952,-0.00432019,-0.405405,-0.0622175,1.4554,0.0359044,0.0053455,-0.00164958,0.412112,0.0163333,0.00718088,0.631168,-0.118451,-0.0563324,-0.137953,0.0356952,0.0021382,-0.236902,0.257202,0.0749451,-0.0169092,-0.0108005,-0.00164958,-0.281662,0.187363,1.37026,
-0.0370181,0.0128999,0.000916575,-0.0230028,0.0194558,-0.000725073,0.0247115,-0.00276905,-0.00052434,0.0191458,0.00197704,0.000725658,0.253528,0.0187633,0.00527993,0.292359,-0.0125964,-0.0037761,0.648273,-0.0342286,-0.0794918,0.407022,-0.0671756,-0.00342404,-0.0684572,0.171568,-0.0134626,0.0377998,0.034839,-0.0039929,-0.397459,-0.0336565,1.43462,0.0418848,0.00451573,-0.00165854,0.407022,0.0188999,0.00837696,0.632872,-0.113602,-0.057599,-0.134351,0.034839,0.00180629,-0.227204,0.249921,0.0730185,-0.0171202,-0.00998226,-0.00165854,-0.287995,0.182546,1.37161,
-0.0370284,0.0127249,0.000828914,-0.0228457,0.0192311,-0.00056238,0.0251213,-0.00293342,-0.000577446,0.0192505,0.00185147,0.000695908,0.250194,0.0201099,0.00562596,0.291264,-0.0114912,-0.003565,0.64184,-0.0333647,-0.0775134,0.40148,-0.065157,-0.00344623,-0.0667293,0.173424,-0.00189097,0.04339,0.0340017,-0.0036281,-0.387567,-0.00472742,1.41654,0.0459193,0.00384629,-0.00159155,0.40148,0.021695,0.00918386,0.634874,-0.108501,-0.0587327,-0.130314,0.0340017,0.00153852,-0.217002,0.242882,0.0711728,-0.0172311,-0.00907024,-0.00159155,-0.293664,0.177932,1.37293,
-0.0369989,0.0125382,0.000742007,-0.0226726,0.0190098,-0.000403387,0.0255179,-0.00310339,-0.000604509,0.0193438,0.00173113,0.000661555,0.247245,0.0213861,0.00577242,0.290412,-0.0105771,-0.00331577,0.635736,-0.0325096,-0.0750816,0.396693,-0.0634151,-0.00343505,-0.0650192,0.175903,0.00985447,0.0488839,0.0331426,-0.00324146,-0.375408,0.0246362,1.4014,0.0481173,0.00326669,-0.00146675,0.396693,0.0244419,0.00962346,0.637904,-0.103846,-0.0596947,-0.12683,0.0331426,0.00130667,-0.207693,0.236525,0.0694839,-0.0171752,-0.00810365,-0.00146675,-0.298474,0.17371,1.37412,
-0.0370092,0.0123102,0.000656667,-0.0226206,0.0187911,-0.000237057,0.0259004,-0.00327127,-0.000597937,0.0194295,0.00162487,0.000621869,0.243693,0.022893,0.00568858,0.289178,-0.00938993,-0.00303143,0.62757,-0.0314065,-0.0722128,0.390832,-0.0613521,-0.00339951,-0.0628131,0.179173,0.0216464,0.0550222,0.032301,-0.00282437,-0.361064,0.054116,1.38977,0.0480224,0.00287196,-0.00128149,0.390832,0.0275111,0.00960447,0.640753,-0.0988942,-0.0606611,-0.122704,0.032301,0.00114878,-0.197788,0.230438,0.0676808,-0.0169976,-0.00706093,-0.00128149,-0.303306,0.169202,1.3752,
-0.0370545,0.0120339,0.000579536,-0.0226992,0.018578,-6.75642e-05,0.0262683,-0.00343452,-0.000556733,0.0195055,0.00153444,0.000577586,0.239438,0.0246324,0.00536592,0.287516,-0.00789663,-0.00270773,0.617051,-0.0300537,-0.0689795,0.383667,-0.0589535,-0.00332723,-0.0601074,0.183147,0.0330514,0.0617487,0.0315105,-0.00237936,-0.344897,0.0826285,1.38204,0.0454779,0.0026835,-0.00104903,0.383667,0.0308743,0.00909559,0.643141,-0.0936619,-0.0615752,-0.117907,0.0315105,0.0010734,-0.187324,0.224758,0.0658328,-0.0166361,-0.00594841,-0.00104903,-0.307876,0.164582,1.37615,
-0.000712325,0,-0.00342305,-0.000334323,0.0149807,-8.38885e-05,0.000510324,0,0.00234246,0.00336384,0.00388719,0.000667791,0.00449429,0,0.0296536,0.142573,0.0153517,-0.00110229,0.0115812,0,-0.00125234,0.0071909,-0.00107684,-6.17206e-05,-0.00109289,0,0.0380625,0.10361,0.025637,-0.00217991,-0.00626167,0,1.3432,0.239205,-0.0270735,-0.00248616,0.0071909,0,0.047841,0.416504,-0.0538382,-0.0606155,-0.00215367,0,-0.0108294,-0.107676,0.209073,0.063085,-0.000308601,0,-0.00248616,-0.303077,0.157712,1.3769,
0,0,-0.0032335,0,0.0148741,8.76662e-05,0,0,0.00233536,0,0.00378037,0.000618894,0,0,0.0269929,0,0.0159595,-0.000727771,0,0,-0.00118232,0,-0.00105644,-6.11874e-05,0,0,0.0501414,0,0.0255285,-0.00162613,0,0,1.34642,0,-0.024187,-0.00205199,0,0,0.0433169,0,-0.050604,-0.0617355,0,0,-0.00967479,0,0.204975,0.0607177,0,0,-0.00205199,0,0.151794,1.37759,
0,0,-2.9068e-05,0,0.0147392,0.000255373,0,0,2.29671e-05,0,0.00370819,0.000570175,0,0,0.000234432,0,0.0168288,-0.000294864,0,0,-1.07956e-05,0,-0.00105799,-6.18883e-05,0,0,0.000618662,0,0.0265406,-0.000949976,0,0,0.0134988,0,-0.000207444,-1.57806e-05,0,0,0.000372426,0,-0.0471979,-0.0629698,0,0,-8.29774e-05,0,0.201036,0.0578854,0,0,-1.57806e-05,0,0.144713,1.37823,
0,0,-2.6734e-05,0,0.0146716,0.000429054,0,0,2.29581e-05,0,0.00359027,0.000514257,0,0,0.000210261,0,0.0171272,0.000118831,0,0,-1.01315e-05,0,-0.00104344,-6.05595e-05,0,0,0.000677038,0,0.0266125,-0.000313062,0,0,0.0134993,0,-0.000184054,-1.25274e-05,0,0,0.000330661,0,-0.0448967,-0.064478,0,0,-7.36213e-05,0,0.197406,0.0544636,0,0,-1.25274e-05,0,0.136159,1.37895,
-0.000768099,0,-2.53956e-05,0,0.0146158,0.000607609,0.000559198,0,2.32445e-05,0,0.00346635,0.000452513,0.00467733,0,0.000196061,0,0.0174078,0.0005584,0.0115655,0,-9.79162e-06,0,-0.00103055,-5.87547e-05,-0.000851379,0,0.000705275,0,0.0267263,0.000372378,-4.89581e-05,0,0.0134996,0,-0.000169517,-1.03778e-05,0.0075344,0,0.000305831,0,-0.0427905,-0.0662169,-0.00206111,0,-6.78066e-05,0,0.193824,0.0502734,-0.000293774,0,-1.03778e-05,0,0.125683,1.37991,
-0.00077776,0,-2.48291e-05,0,0.0145714,0.000792498,0.000568131,0,2.37628e-05,0,0.00333491,0.000383334,0.00470743,0,0.000188904,0,0.0177127,0.00102649,0.0115631,0,-9.68893e-06,0,-0.00101731,-5.61911e-05,-0.000909382,0,0.000717467,0,0.026929,0.00111532,-4.84447e-05,0,0.0134997,0,-0.000160822,-8.85575e-06,0.00760235,0,0.000292986,0,-0.0407905,-0.0682085,-0.00203462,0,-6.43287e-05,0,0.190217,0.0450944,-0.000280956,0,-8.8562e-06,0,0.112736,1.38139,
-0.037649,0,6.28981e-06,0,0.0177342,0.00114815,0.0275774,0,1.70601e-06,0,0.000853769,0.000183704,0.226348,0,-6.45692e-07,0,-0.00114566,0.000508518,0.551946,0,-0.000465575,0,-0.0478578,-0.00251113,-0.0470546,0,0.000759603,0,0.0312447,0.00211929,-0.00232787,0,0.0135016,0,4.20564e-05,2.76168e-06,0.366424,0,-1.48384e-05,0,-0.0699538,-0.0720535,-0.0957156,0,1.68226e-05,0,0.194715,0.0391939,-0.0125556,0,2.761e-06,0,0.0979848,1.38382,
-0.0377573,0,6.61015e-06,0,0.0176736,0.00130357,0.0277201,0,2.06964e-06,0,0.000730561,0.000111334,0.225435,0,-3.04354e-06,0,-0.000334512,0.00108455,0.545389,0,-0.000468123,0,-0.0465104,-0.00223697,-0.0508497,0,0.000761609,0,0.0319676,0.00290479,-0.00234061,0,0.0135016,0,4.32061e-05,3.01907e-06,0.36572,0,-2.0252e-05,0,-0.0675073,-0.0737201,-0.0930208,0,1.72826e-05,0,0.191286,0.0332475,-0.0111848,0,3.0193e-06,0,0.0831187,1.38649,
-0.0378589,0,6.94402e-06,0,0.0176236,0.00143347,0.0278516,0,2.41331e-06,0,0.000601233,3.72512e-05,0.224502,0,-5.22642e-06,0,0.000573602,0.00166236,0.538562,0,-0.000473249,0,-0.0450577,-0.00189126,-0.0552172,0,0.000761571,0,0.0328882,0.00366456,-0.00236624,0,0.0135016,0,4.412e-05,3.06306e-06,0.364831,0,-2.52708e-05,0,-0.0651016,-0.0749394,-0.0901154,0,1.76481e-05,0,0.188439,0.0280381,-0.00945628,0,3.06295e-06,0,0.0700954,1.38909,
-0.0379368,0,0,0,0,0.0016275,0.0279943,0,0,0,0,0.000129816,0.223297,0,0,0,0,0.00134731,0.531084,0,0,0,0,-0.00274916,-0.0601003,0,0,0,0,0.0037002,-0.0023973,0,0,0,0,3.7885e-06,0.362203,0,0,0,0,-0.0878086,-0.0919393,0,0,0,0,-0.0280391,-0.0137458,0,0,0,0,1.32682,
-0.000839815,0,0,0,0,0.00165065,0.000621524,0,0,0,0,0.000136802,0.00489644,0,0,0,0,0.00318417,0.0115468,0,0,0,0,-4.51176e-05,-0.00143957,0,0,0,0,0.00461878,-5.36649e-05,0,0,0,0,-5.81252e-06,0.00794384,0,0,0,0,-0.0956689,-0.00195823,0,0,0,0,0.0443625,-0.000225588,0,0,0,0,0.227392,
0,0,0,0,0,0.00185708,0,0,0,0,0,-4.67865e-05,0,0,0,0,0,0.00392021,0,0,0,0,0,-2.61488e-05,0,0,0,0,0,0.00600677,0,0,0,0,0,-2.86911e-06,0,0,0,0,0,-0.0967932,0,0,0,0,0,0.0414183,0,0,0,0,0,0.229695,
-0.0380165,0,0,-0.0332698,0,0.00206249,0.0284415,0,0,0.0224731,0,-0.000248967,0.217157,0,0,0.257641,0,0.00453678,0.503785,0,0,0.351368,0,-0.000235916,-0.0757879,0,0,0.0505082,0,0.00744363,-0.00248169,0,0,-0.000225919,0,1.1683e-06,0.351368,0,0,0.672019,0,-0.0983508,-0.0818503,0,0,-0.147283,0,0.0384298,-0.00117958,0,0,-0.491754,0,0.208958,
-0.000886137,0,0,-0.00833158,0,0.00222218,0.000668599,0,0,0.00331474,0,-0.000461493,0.00500919,0,0,0.106109,0,0.00541371,0.0115319,0,0,0.00807906,0,2.12118e-05,-0.00189993,0,0,0.101704,0,0.00899636,-5.83956e-05,0,0,0.00146098,0,3.43798e-06,0.00807906,0,0,0.43524,0,-0.0990074,-0.00183189,0,0,-0.0858244,0,0.0357393,0.000106059,0,0,-0.495037,0,0.21002,
-0.0261225,0,0,-0.0239314,0,0.00232437,0.0188642,0,0,0.0157007,0,-0.000631924,0.161238,0,0,0.174326,0,0.00608882,0.25134,0,0,0.258187,0,0.00268196,-0.0168937,0,0,0.00886836,0,0.00835468,-0.0287058,0,0,-0.128362,0,-0.00596703,0.258187,0,0,0.553595,0,-0.0997932,-0.0502998,0,0,-0.111622,0,0.0330897,0.0134098,0,0,-0.498966,0,0.210637,
-0.0110166,0,0,-0.00896776,0,0.00241314,0.00830358,0,0,0.00517041,0,-0.00105255,0.0688845,0,0,0.0788331,0,0.00536036,0.106584,0,0,0.108817,0,0.00179961,-0.00604474,0,0,0.00773489,0,0.00848077,-0.0289114,0,0,-0.0153693,0,-0.00337335,0.108817,0,0,0.4068,0,-0.101622,-0.020499,0,0,-0.0753103,0,0.0301884,0.00899803,0,0,-0.508109,0,0.214042,
-0.00104931,0,0,0,0,0.00348057,0.000930245,0,0,0,0,-0.00111942,0.00765036,0,0,0,0,0.00607646,0.0114099,0,0,0,0,0.000130381,-0.000277383,0,0,0,0,0.0110944,-0.00166665,0,0,0,0,-0.00457206,0.0115135,0,0,0,0,-0.0848955,-0.000102738,0,0,0,0,-0.000687193,0.000651905,0,0,0,0,1.41444,
0,0,0,0,0,-0.00406365,0,0,0,0,0,-0.00331032,0,0,0,0,0,-0.00898219,0,0,0,0,0,0.000889697,0,0,0,0,0,-0.00759839,0,0,0,0,0,-0.00660871,0,0,0,0,0,-0.094433,0,0,0,0,0,0.00529254,0,0,0,0,0,0.18328,
0,0,0,0,0,-0.003622,0,0,0,0,0,-0.00344606,0,0,0,0,0,-0.00816321,0,0,0,0,0,0.000903165,0,0,0,0,0,-0.00611333,0,0,0,0,0,-0.00913412,0,0,0,0,0,-0.0976735,0,0,0,0,0,0.00507372,0,0,0,0,0,0.192186,
0,0,0.000529975,-0.00176267,0,-0.00432811,0,0,0.000839169,0.0268305,0,-0.00132491,0,0,-0.00455832,0.238934,0,0.0101345,0,0,-0.0553196,0.256802,0,0.0226379,0,0,0.00112776,0.0591088,0,-0.00290591,0,0,1.34647,-0.0376104,0,-0.00565283,0,0,-0.00752208,0.553341,0,-0.0785179,0,0,0.00044484,-0.0200388,0,0.00391073,0,0,-0.00565283,-0.392589,0,0.208312,
0,0,-0.00014001,0.00950024,0,-0.00298023,0,0,0.00383025,0.00116102,0,-0.00361511,0,0,0.00394647,0.0323686,0,-0.00713831,0,0,-0.000827123,0.0105898,0,0.000918629,0,0,-0.00444814,0.0312455,0,-0.00405088,0,0,0.0172488,-0.000646442,0,-0.00324201,0,0,-0.000129289,0.306475,0,-0.102192,0,0,-0.000631116,-0.00823981,0,0.00472852,0,0,-0.00324201,-0.510962,0,0.205099,
0,0,-0.000150313,0,0,-0.00268921,0,0,0.00383314,0,0,-0.00363162,0,0,0.00398523,0,0,-0.00659165,0,0,-0.000828837,0,0,0.000910087,0,0,-0.00447595,0,0,-0.00321217,0,0,0.0173992,0,0,-0.00350733,0,0,8.47982e-05,0,0,-0.104148,0,0,-0.000636648,0,0,0.00454181,0,0,-0.00350733,0,0,0.211475,
0,0,-0.00233432,0.00370829,0,-0.00283986,0,0,0.00786867,0.00929804,0,-0.00291309,0,0,0.0483383,0.118468,0,0.00155915,0,0,-0.00279174,0.00671084,0,0.000556163,0,0,0.0468481,0.122691,0,0.00575848,0,0,0.162915,0.282617,0,0.0208435,0,0,0.0565234,0.421606,0,-0.0958401,0,0,-0.00260823,-0.0113594,0,0.00404818,0,0,0.0208435,-0.479201,0,0.220932,
0,0,-0.00230083,0.00310418,0,-0.00258052,0,0,0.0078926,0.00931298,0,-0.00289031,0,0,0.0484174,0.117508,0,0.00196962,0,0,-0.00279863,0.00673091,0,0.000542654,0,0,0.0462027,0.119814,0,0.00622475,0,0,0.162995,0.2838,0,0.02044,0,0,0.05676,0.422553,0,-0.0974882,0,0,-0.00264224,-0.0110043,0,0.00387329,0,0,0.02044,-0.487441,0,0.226573,
0,0,-0.000126776,0,0,-0.00190257,0,0,0.00370415,0,0,-0.00357284,0,0,0.00274994,0,0,-0.00525079,0,0,-0.000771408,0,0,0.000868971,0,0,-0.00429516,0,0,-0.00117828,0,0,0.0148117,0,0,-0.00468893,0,0,-0.00110304,0,0,-0.109217,0,0,-0.000589647,0,0,0.00400527,0,0,-0.00468893,0,0,0.229137,
0,0,-0.000142823,0,0,-0.00151797,0,0,0.00369787,0,0,-0.00352477,0,0,0.00272937,0,0,-0.00450835,0,0,-0.000779164,0,0,0.000852513,0,0,-0.00431104,0,0,-0.000176705,0,0,0.0148351,0,0,-0.0049339,0,0,-0.000960702,0,0,-0.111341,0,0,-0.000597118,0,0,0.00372181,0,0,-0.0049339,0,0,0.237312,
0,0,-0.000867321,0,0,0.00335138,0,0,0.00342324,0,0,-0.00238047,0,0,0.00051411,0,0,0.0055943,0,0,-0.0016265,0,0,0.000955468,0,0,-0.00633847,0,0,0.0124597,0,0,0.0155243,0,0,-0.00765147,0,0,-0.00105269,0,0,-0.116912,0,0,-0.00240522,0,0,0.0142391,0,0,-0.00765147,0,0,0.259519,
0,0,-0.0007876,0,0,0.00328139,0,0,0.00331296,0,0,-0.00237674,0,0,-0.00025885,0,0,0.00601542,0,0,-0.00271762,0,0,0.00166419,0,0,-0.0063441,0,0,0.0125054,0,0,0.0158596,0,0,-0.00798474,0,0,-0.00206703,0,0,-0.11784,0,0,-0.00220076,0,0,0.0119649,0,0,-0.00798474,0,0,0.267924,
0,0,-0.000871623,0,0,0.00329581,0,0,0.00333592,0,0,-0.00245828,0,0,8.05206e-06,0,0,0.00588496,0,0,-0.00247066,0,0,0.00157254,0,0,-0.00662072,0,0,0.0126302,0,0,0.0152871,0,0,-0.00803988,0,0,-0.00145846,0,0,-0.119874,0,0,-0.00231131,0,0,0.00937511,0,0,-0.00803988,0,0,0.27796,
0,0,-0.00100614,0,0,0.00334918,0,0,0.00339447,0,0,-0.00258647,0,0,0.00052475,0,0,0.00547846,0,0,-0.00156635,0,0,0.00105157,0,0,-0.00673982,0,0,0.0127592,0,0,0.0150057,0,0,-0.00803611,0,0,-0.000440876,0,0,-0.122593,0,0,-0.00251342,0,0,0.00625158,0,0,-0.00803611,0,0,0.290159,
0,0,-0.00581488,-0.0145538,0,0.00278277,0,0,0.00713535,0.008168,0,-0.00223819,0,0,0.0411506,0.0952996,0,0.0103647,0,0,-0.00606485,0.0178189,0,0.000594625,0,0,0.0389855,0.07846,0,0.0180597,0,0,0.172024,0.297803,0,0.010022,0,0,0.0595606,0.434916,0,-0.11747,0,0,-0.0111227,-0.0189236,0,0.00413721,0,0,0.010022,-0.587352,0,0.31479,
0,0,-0.00108288,-0.00551308,0,0.00333434,0,0,0.00335116,0.000740858,0,-0.00276995,0,0,0.000334892,0.014756,0,0.0054397,0,0,-0.00160806,0.0272202,0,0.00120697,0,0,-0.00689797,-0.00567198,0,0.0130006,0,0,0.0150189,-0.0017481,0,-0.00844883,0,0,-0.000349621,0.31241,0,-0.126617,0,0,-0.00262678,0.00474421,0,0.0017362,0,0,-0.00844883,-0.633086,0,0.348695,
0,0,-0.00118413,0,0,0.0017533,0,0,0.003421,0,0,-0.000612699,0,0,0.000264801,0,0,0.0031238,0,0,-0.0015218,0,0,0.000237772,0,0,-0.00722078,0,0,0.00583044,0,0,0.0151737,0,0,-0.00286073,0,0,0.00050919,0,0,-0.0848959,0,0,-0.0059589,0,0,-0.0830203,0,0,-0.00286073,0,0,1.57753,
0,0,-0.0057007,-0.0159041,0,0.00151686,0,0,0.0070219,0.00962085,0,-0.000305901,0,0,0.0406971,0.0913778,0,0.00394091,0,0,-0.0071354,0.0204451,0,6.32243e-05,0,0,0.0400844,0.0695632,0,0.00626142,0,0,0.171946,0.285267,0,0.00120648,0,0,0.0570534,0.427694,0,-0.0818789,0,0,-0.00487119,-0.0418489,0,-0.0902913,0,0,0.00120648,-0.409394,0,1.59806,
0,0.0119239,-0.00543397,-0.016793,0,0.00142747,0,0.000767347,0.00679826,0.0104109,0,-0.000106164,0,0.0558172,0.0390811,0.094264,0,0.003494,0,-0.00645455,-0.0106557,0.030166,0,2.35104e-05,0,0.0881613,0.0410381,0.0650812,0,0.0053228,0,0.102595,0.175324,0.270865,0,0.000577516,0,0.0325406,0.0541729,0.426804,0,-0.0801722,0,0.0459037,-0.00416086,-0.0428859,0,-0.0965237,0,0.013307,0.000577516,-0.400861,0,1.61516,
0,0.0160558,0.00124829,-0.000740101,0,-2.93853e-05,0,-0.00271643,0.00100472,0.00056108,0,3.15256e-05,0,0.0331156,0.000837153,0.00421104,0,0.000255861,0,-0.0612927,-0.101574,0.00596799,0,0.000325058,0,0.104284,0.0667854,-0.000162145,0,2.84253e-05,0,0.166964,0.281951,-0.000663819,0,-3.26148e-05,0,-8.10724e-05,-0.000132764,0.0115705,0,-1.32536e-05,0,0.0506271,0.00116892,-0.00171116,0,-0.000940174,0,7.10634e-05,-3.26163e-05,-6.62681e-05,0,0.013518,
0,0,-0.0034912,-0.0210305,0,1.56e-05,0,0,0.00425702,0.0152095,0,2.9345e-05,0,0,0.0277653,0.117214,0,-5.34486e-05,0,0,-0.0261258,0.0862047,0,-5.32554e-05,0,0,0.148383,0.0410235,0,-8.09233e-05,0,0,0.529997,0.186341,0,-0.000111736,0,0,0.0372681,0.425758,0,-0.00104096,0,0,-0.00349576,-0.120381,0,-0.00258381,0,0,-0.000111736,-0.00520479,0,0.0134503,
0,0,-0.00284655,-0.0233001,0,1.66182e-05,0,0,0.00369605,0.017041,0,2.96195e-05,0,0,0.0240603,0.129645,0,-6.66151e-05,0,0,-0.0352123,0.115495,0,-7.47364e-05,0,0,0.150715,0.0345012,0,-8.44653e-05,0,0,0.545657,0.158708,0,-9.93786e-05,0,0,0.0317416,0.441663,0,-0.00103198,0,0,-0.00255605,-0.122245,0,-0.00260517,0,0,-9.93784e-05,-0.00515992,0,0.0134499,
0,0,-0.00260893,-0.0242227,0,1.67962e-05,0,0,0.00348349,0.017658,0,3.00398e-05,0,0,0.0226545,0.134789,0,-7.35487e-05,0,0,-0.0390132,0.127227,0,-8.44221e-05,0,0,0.151838,0.0322269,0,-8.78936e-05,0,0,0.557027,0.148246,0,-9.50367e-05,0,0,0.0296493,0.447015,0,-0.00102296,0,0,-0.00220011,-0.122649,0,-0.00261576,0,0,-9.50367e-05,-0.00511481,0,0.0134497,
0,0.0134258,-0.00344326,-0.0226467,0,1.52222e-05,0,-0.000116459,0.00508239,0.01612,0,3.12888e-05,0,0.0486048,0.0267678,0.126243,0,-6.97961e-05,0,-0.022644,-0.0386262,0.106777,0,-7.09618e-05,0,0.0913602,0.0465893,0.0392151,0,-8.85678e-05,0,0.116473,0.206864,0.176467,0,-9.19243e-05,0,0.0196075,0.0352934,0.432326,0,-0.00100295,0,0.0434146,-0.00401407,-0.119856,0,-0.00261182,0,-0.00022142,-9.19243e-05,-0.00501477,0,0.0134499,
0,0.0129688,-0.00385985,-0.0173351,0,6.56285e-05,0,-0.000243735,0.00452509,0.00988704,0,-3.61297e-05,0,0.0476119,0.0287353,0.136325,0,0.000250773,0,-0.0147328,-0.0255719,0.0888932,0,5.3935e-05,0,0.161745,0.148456,0.0752148,0,0.000392235,0,0.371141,0.565119,0.215206,0,0.000161848,0,0.0376074,0.0430412,0.246969,0,-0.00359978,0,0.0350181,-0.00575773,-0.02454,0,-0.00116993,0,0.000980587,0.000161848,-0.0179989,0,0.0132466,
0,0.0123084,-0.00308595,-0.0163951,0,6.59013e-05,0,0.000144228,0.00415141,0.00912093,0,-3.3142e-05,0,0.0523016,0.0212299,0.132165,0,0.000239454,0,-0.014636,-0.0174708,0.0763167,0,4.14727e-05,0,0.213544,0.0189026,0.0904986,0,0.000393184,0,0.0472564,1.35251,0.15405,0,6.93403e-05,0,0.0452493,0.0308099,0.24009,0,-0.00358431,0,0.0342286,-0.00490235,-0.0228897,0,-0.00115529,0,0.000982961,6.93402e-05,-0.0179215,0,0.0132472,
0,0.0123152,0,-0.0189278,0,0.00232509,0,0.00013822,0,0.0101458,0,-0.00106392,0,0.053415,0,0.119755,0,0.00810505,0,-0.0136255,0,0.0697992,0,0.00122857,0,0.214642,0,0.0752173,0,0.0133818,0,0.0472003,0,0.154295,0,0.00222931,0,0.0376087,0,0.401601,0,-0.12579,0,0.0312173,0,0.0304162,0,-0.0397261,0,0.0334546,0,-0.628948,0,0.46435,
0,0.0119586,0,-0.0152542,0,6.437e-05,0,0.000300329,0,0.0081789,0,-2.8991e-05,0,0.0535377,0,0.127692,0,0.000220703,0,-0.0123602,0,0.0644342,0,2.99075e-05,0,0.21386,0,0.0956692,0,0.000368037,0,0.0485982,0,0.162035,0,6.18709e-05,0,0.0478346,0,0.237431,0,-0.00343725,0,0.0335798,0,-0.0132823,0,-0.000939187,0,0.000920091,0,-0.0171862,0,0.0132627,
0,0.011739,0,-0.0143929,0,6.49345e-05,0,0.000393641,0,0.00757569,0,-2.66391e-05,0,0.0542882,0,0.12447,0,0.000213213,0,-0.0107054,0,0.0559029,0,2.33698e-05,0,0.213985,0,0.0990343,0,0.000358453,0,0.0519375,0,0.167674,0,5.81331e-05,0,0.0495172,0,0.230948,0,-0.00344845,0,0.0331615,0,-0.0118335,0,-0.00091319,0,0.000896133,0,-0.0172423,0,0.0132607,
0,0.0115467,0,-0.0136563,0,6.53362e-05,0,0.000453877,0,0.00709557,0,-2.42892e-05,0,0.0548417,0,0.121998,0,0.000206328,0,-0.00938086,0,0.0491479,0,1.83552e-05,0,0.214295,0,0.101876,0,0.000348489,0,0.0575331,0,0.17157,0,5.37113e-05,0,0.050938,0,0.225767,0,-0.00345921,0,0.032748,0,-0.0106801,0,-0.000888083,0,0.000871222,0,-0.0172961,0,0.0132587,
0,0.0116105,0,-0.0164879,0,0.0023604,0,0.000368671,0,0.0080768,0,-0.000787127,0,0.0552208,0,0.113426,0,0.0072376,0,-0.00940805,0,0.0489478,0,0.000591555,0,0.215906,0,0.0873239,0,0.0121805,0,0.0662385,0,0.167176,0,0.00169971,0,0.0436619,0,0.384817,0,-0.125086,0,0.0305555,0,0.0290121,0,-0.0310834,0,0.0304511,0,-0.625431,0,0.477877,
0,0.0116415,0,-0.0169545,0,0.00230986,0,0.00023894,0,0.00844144,0,-0.00060662,0,0.0544319,0,0.117897,0,0.00675272,0,-0.0110546,0,0.0578735,0,0.000519947,0,0.21737,0,0.0867877,0,0.0111978,0,0.0778413,0,0.158423,0,0.00120237,0,0.0433939,0,0.390684,0,-0.124252,0,0.0303811,0,0.0267237,0,-0.0338541,0,0.0279946,0,-0.621261,0,0.450171,
0,0.0117425,0,-0.0178158,0,0.00228981,0,3.87961e-05,0,0.00911258,0,-0.000519086,0,0.0532541,0,0.124509,0,0.00655859,0,-0.0136211,0,0.0718578,0,0.000539024,0,0.219411,0,0.0849968,0,0.0107522,0,0.0917933,0,0.14537,0,0.000908374,0,0.0424984,0,0.400617,0,-0.123795,0,0.0305523,0,0.0227451,0,-0.0318924,0,0.0268806,0,-0.618973,0,0.444848,
0,0.0118858,0,-0.0189384,0,0.00226837,0,-0.000204662,0,0.00996914,0,-0.000435329,0,0.0518257,0,0.132589,0,0.00635664,0,-0.0167669,0,0.0892436,0,0.000541702,0,0.221969,0,0.0824773,0,0.0103134,0,0.107619,0,0.129376,0,0.000626928,0,0.0412386,0,0.41334,0,-0.123293,0,0.0308,0,0.0177518,0,-0.0295435,0,0.0257836,0,-0.616467,0,0.438426,
0,0.0120404,-0.00232543,-0.0201633,0,0.00224645,0,-0.000468164,0.00314603,0.0108841,0,-0.000355499,0,0.0503084,0.0159374,0.141312,0,0.0061332,0,-0.0200837,-0.021411,0.108047,0,0.000504712,0,0.224944,0.0498633,0.0797573,0,0.00987791,0,0.124658,1.34795,0.112001,0,0.000371476,0,0.0398786,0.0224001,0.427489,0,-0.12275,0,0.0310735,-0.0038272,0.0120022,0,-0.0268448,0,0.0246948,0.000371476,-0.613748,0,0.431037,
0,0.0121369,-0.00200674,-0.0211209,0,0.00222477,0,-0.000700512,0.00285023,0.0115813,0,-0.000279496,0,0.0490588,0.0139177,0.148759,0,0.00587471,0,-0.0227013,-0.023343,0.123703,0,0.000405803,0,0.227923,0.0563823,0.0780026,0,0.00943917,0,0.140956,1.35077,0.0967137,0,0.000157993,0,0.0390013,0.0193427,0.439918,0,-0.122171,0,0.0312475,-0.00332313,0.00616165,0,-0.023853,0,0.0235979,0.000157993,-0.610853,0,0.422814,
0,0.012115,-0.00179492,-0.0215123,0,0.00220237,0,-0.000865573,0.00264141,0.0118402,0,-0.000207446,0,0.048355,0.0124255,0.1534,0,0.00558529,0,-0.0239636,-0.0236519,0.132615,0,0.000253214,0,0.230662,0.0622741,0.0781634,0,0.00899658,0,0.155685,1.35347,0.0856005,0,-1.60132e-05,0,0.0390817,0.0171201,0.448669,0,-0.121472,0,0.0312335,-0.00300944,7.44877e-05,0,-0.020029,0,0.0224914,-1.6013e-05,-0.607358,0,0.411982,
0,0,-1.60033e-05,-0.0222028,0,0.00113242,0,0,2.44096e-05,0.0125738,0,0.000634041,0,0,0.000110098,0.152402,0,0.000385093,0,0,-0.000230217,0.138314,0,-0.00174557,0,0,0.000676199,0.0692435,0,0.000921132,0,0,0.0134991,0.000743953,0,-6.01358e-06,0,0,0.000148791,0.470798,0,-0.0792318,0,0,-2.22734e-05,-0.0648293,0,-0.0835285,0,0,-6.01381e-06,-0.396159,0,1.59386,
0,0,-2.07116e-05,-0.017785,0,0.00214516,0,0,2.76576e-05,0.00895983,0,-5.4788e-05,0,0,0.000132364,0.139738,0,0.00495094,0,0,-0.000155906,0.0995215,0,-9.83035e-05,0,0,0.000690073,0.0876058,0,0.00802877,0,0,0.0134989,0.000932285,0,-3.00815e-06,0,0,0.000186457,0.429388,0,-0.12022,0,0,-3.64675e-05,-0.00521488,0,-0.0109164,0,0,-3.00793e-06,-0.601102,0,0.380592,
0,0,-2.51169e-05,-0.014101,0,0.00208749,0,0,3.07628e-05,0.00627633,0,3.78207e-05,0,0,0.000155087,0.123694,0,0.00463327,0,0,-9.18014e-05,0.0603657,0,-0.000152963,0,0,0.000692576,0.0992721,0,0.00739936,0,0,0.0134987,0.00111406,0,-4.61978e-06,0,0,0.000222812,0.404984,0,-0.119278,0,0,-4.52953e-05,-0.00525643,0,-0.00640267,0,0,-4.61989e-06,-0.596388,0,0.365085,
0,0,-2.73091e-05,-0.0119154,0,0.00200467,0,0,3.23404e-05,0.00470626,0,0.000140181,0,0,0.000166929,0.115967,0,0.00427477,0,0,-5.94168e-05,0.039742,0,-0.000164555,0,0,0.000693588,0.107135,0,0.00664804,0,0,0.0134986,0.00120774,0,-6.29552e-06,0,0,0.000241548,0.394419,0,-0.117821,0,0,-5.02908e-05,-0.00955295,0,-0.00180005,0,0,-6.29552e-06,-0.589107,0,0.351844,
0,0,-2.95105e-05,-0.0103468,0,-7.80759e-05,0,0,3.39692e-05,0.00367695,0,0.00207503,0,0,0.000179795,0.106589,0,-0.00367564,0,0,-2.97679e-05,0.0199428,0,-0.000627594,0,0,0.000690783,0.111011,0,-0.00910044,0,0,0.0134985,0.0013009,0,-2.88736e-05,0,0,0.00026018,0.393793,0,-0.0795186,0,0,-5.04891e-05,-0.0576116,0,-0.162555,0,0,-2.88735e-05,-0.397593,0,1.04133,
0,0,-2.99119e-05,-0.00946382,0,0,0,0,3.4357e-05,0.00299143,0,0,0,0,0.00018291,0.106882,0,0,0,0,-2.43205e-05,0.0163679,0,0,0,0,0.000689887,0.116578,0,0,0,0,0.0134984,0.00132359,0,0,0,0,0.000264719,0.393143,0,0,0,0,-5.00839e-05,-0.0597328,0,0,0,0,-1.24471e-05,-0.403981,0,0,
0,0,-2.94003e-05,-0.00920719,0,0.000929642,0,0,3.41683e-05,0.00275817,0,0.00070192,0,0,0.000180942,0.11111,0,0.000920974,0,0,-3.13056e-05,0.0210959,0,-0.000242055,0,0,0.000689621,0.120932,0,0.000343381,0,0,0.0134984,0.00130639,0,-1.1987e-05,0,0,0.000261278,0.398401,0,-0.0812479,0,0,-5.14002e-05,-0.0626813,0,-0.0513865,0,0,-1.19871e-05,-0.40624,0,1.52257,
0,0,-2.88764e-05,-0.0090187,0.015106,0.000906001,0,0,3.4017e-05,0.00256871,0.0023742,0.00070465,0,0,0.000178725,0.115544,0.0237967,0.000824906,0,0,-3.91824e-05,0.0263716,-0.00260943,-0.000300388,0,0,0.000688762,0.125318,0.0366565,0.000217875,0,0,0.0134984,0.00128585,-0.000131134,-1.1576e-05,0,0,0.000257171,0.403647,-0.033041,-0.0814884,0,0,-5.24535e-05,-0.066082,0.179759,-0.0438241,0,0,-1.15759e-05,-0.407442,-0.10956,1.50712,
0,0,-2.87571e-05,-0.00866701,0.0145262,-4.93306e-05,0,0,3.42013e-05,0.00227263,0.00326565,0.00172512,0,0,0.000178243,0.118418,0.0207676,-0.00311836,0,0,-4.28465e-05,0.0287329,-0.00319733,-0.000705588,0,0,0.000686603,0.130072,0.0305464,-0.00766662,0,0,0.0134983,0.00127813,-0.000141047,-2.07077e-05,0,0,0.000255626,0.406282,-0.0370944,-0.0851208,0,0,-5.64187e-05,-0.0741887,0.115881,-0.134131,0,0,-2.07074e-05,-0.425604,-0.335327,1.1156,
-0.00319684,0,-2.89514e-05,-0.00803269,0,0.000825889,0.00224536,0,3.46219e-05,0.0017232,0,0.000728265,0.017921,0,0.000179586,0.120333,0,0.00060753,0.0386521,0,-4.23788e-05,0.0283413,0,-0.000320947,-0.0080351,0,0.000684049,0.136327,0,-0.000189886,-0.000211894,0,0.0134982,0.00128329,0,-1.11925e-05,0.0283413,0,0.000256657,0.407387,0,-0.0813217,-0.00600531,0,-5.59597e-05,-0.07234,0,-0.0280864,-0.00160473,0,-1.11927e-05,-0.406608,0,1.47698,
-0.0381419,0,9.54462e-06,-0.0332814,0,0.00106181,0.0266739,0,8.01861e-06,0.01929,0,0.000542229,0.214713,0,-3.75123e-05,0.267219,0,-0.00118359,0.460131,0,-0.000508869,0.339342,0,-0.00384631,-0.0970288,0,0.000780105,0.076633,0,0.000268392,-0.00254435,0,0.0135007,-0.000437993,0,8.51948e-06,0.339342,0,-8.75985e-05,0.63742,0,-0.0835133,-0.0740477,0,1.72151e-05,-0.125747,0,-0.0194058,-0.0192315,0,8.51924e-06,-0.417567,0,1.46281,
-0.0380592,0,9.63327e-06,-0.0327673,0,0.000985337,0.0265332,0,8.39523e-06,0.018837,0,0.00056506,0.216213,0,-4.0125e-05,0.271119,0,-0.00142937,0.459994,0,-0.000511528,0.341688,0,-0.0038952,-0.0985678,0,0.000780391,0.0812523,0,-0.000108056,-0.00255764,0,0.0135007,-0.000463625,0,9.156e-06,0.341688,0,-9.27254e-05,0.641163,0,-0.0828479,-0.0771714,0,1.85205e-05,-0.132629,0,-0.0102117,-0.019476,0,9.15657e-06,-0.41424,0,1.44776,
-0.0379241,0,9.66263e-06,-0.0321277,0,0.000881558,0.0263986,0,8.80825e-06,0.0183861,0,0.000592954,0.218532,0,-4.32831e-05,0.275785,0,-0.00175903,0.461246,0,-0.000514141,0.345481,0,-0.00397102,-0.100582,0,0.000781336,0.0856704,0,-0.000602946,-0.00257071,0,0.0135006,-0.000493975,0,1.00044e-05,0.345481,0,-9.87941e-05,0.645892,0,-0.0818197,-0.0811602,0,2.00773e-05,-0.141254,0,-0.000183478,-0.0198551,0,1.00041e-05,-0.409099,0,1.4328,
-0.0377571,0,9.63585e-06,-0.0314508,0,0.000752818,0.0262653,0,9.26472e-06,0.0179546,0,0.000627353,0.221149,0,-4.68771e-05,0.280551,0,-0.00215526,0.462995,0,-0.000516436,0.349699,0,-0.00406135,-0.103157,0,0.000783099,0.0896962,0,-0.00120926,-0.00258218,0,0.0135005,-0.000527879,0,1.11084e-05,0.349699,0,-0.000105576,0.650386,0,-0.0805402,-0.0854763,0,2.17491e-05,-0.150676,0,0.0091851,-0.0203067,0,1.11086e-05,-0.402701,0,1.42035,
-0.0375734,0,9.55129e-06,-0.0307802,0,0.000604008,0.0261304,0,9.76956e-06,0.0175461,0,0.000664644,0.22384,0,-5.08624e-05,0.28516,0,-0.00257778,0.464892,0,-0.000518303,0.353931,0,-0.00413706,-0.106373,0,0.000785745,0.0932678,0,-0.00188523,-0.00259151,0,0.0135004,-0.000564914,0,1.24281e-05,0.353931,0,-0.000112983,0.654263,0,-0.0790398,-0.0899141,0,2.34846e-05,-0.160586,0,0.0179208,-0.0206853,0,1.24281e-05,-0.395199,0,1.41004,
-0.0373858,0,9.40418e-06,-0.0301461,0,0.000439429,0.0259931,0,1.03255e-05,0.0171629,0,0.000702411,0.226494,0,-5.52223e-05,0.289489,0,-0.00300112,0.466809,0,-0.000519698,0.357999,0,-0.00418214,-0.110333,0,0.000789289,0.09633,0,-0.0026029,-0.00259849,0,0.0135004,-0.00060488,0,1.3947e-05,0.357999,0,-0.000120976,0.657406,0,-0.0773579,-0.0943832,0,2.52547e-05,-0.170832,0,0.0260008,-0.0209107,0,1.39465e-05,-0.38679,0,1.40157,
-0.0372054,0,9.18759e-06,-0.0295657,0,0.000261785,0.0258516,0,1.09357e-05,0.0168029,0,0.00073719,0.22905,0,-5.99564e-05,0.293499,0,-0.00339963,0.468709,0,-0.000520608,0.361821,0,-0.00417556,-0.115142,0,0.00079371,0.0988799,0,-0.00333575,-0.00260304,0,0.0135003,-0.000647739,0,1.56217e-05,0.361821,0,-0.000129549,0.659803,0,-0.0753953,-0.0988518,0,2.70387e-05,-0.181404,0,0.0339376,-0.0208778,0,1.56221e-05,-0.376977,0,1.39412,
-0.0370455,0,8.89337e-06,-0.0290658,0,7.57491e-05,0.0257073,0,1.16013e-05,0.0164704,0,0.000769086,0.231458,0,-6.50588e-05,0.297128,0,-0.00376888,0.470602,0,-0.000521017,0.365346,0,-0.0041223,-0.120956,0,0.000798963,0.100835,0,-0.00407538,-0.00260509,0,0.0135001,-0.000693336,0,1.74847e-05,0.365346,0,-0.000138667,0.661483,0,-0.0732858,-0.103279,0,2.8799e-05,-0.192174,0,0.0412323,-0.0206115,0,1.74848e-05,-0.366429,0,1.38804,
-0.036916,0,8.50968e-06,-0.0286575,0,-0.000115844,0.0255595,0,1.23243e-05,0.016164,0,0.000796714,0.233712,0,-7.05437e-05,0.300391,0,-0.00409946,0.472587,0,-0.000520924,0.368606,0,-0.00401788,-0.127946,0,0.000804968,0.10216,0,-0.00481044,-0.00260462,0,0.0135,-0.000741694,0,1.95358e-05,0.368606,0,-0.000148339,0.66257,0,-0.0710262,-0.107689,0,3.05113e-05,-0.203188,0,0.0480073,-0.0200894,0,1.95358e-05,-0.355131,0,1.38297,
-0.0368357,0,8.03291e-06,-0.0284387,0,-0.00023912,0.0254236,0,1.30886e-05,0.0160348,0,0.000697356,0.235723,0,-7.63146e-05,0.302365,0,-0.00363108,0.474721,0,-0.000520233,0.370878,0,-0.00324257,-0.136448,0,0.000811728,0.101615,0,-0.00457768,-0.00260116,0,0.0134999,-0.000788437,0,1.82604e-05,0.370878,0,-0.000157687,0.655691,0,-0.0626125,-0.116123,0,3.67081e-05,-0.253506,0,0.0855733,-0.0162128,0,1.82606e-05,-0.313062,0,1.35449,
-0.0367835,0,7.42136e-06,0,0,-0.000491803,0.025248,0,1.39511e-05,0,0,0.000830932,0.237791,0,-8.27213e-05,0,0,-0.00458377,0.477387,0,-0.000519212,0,0,-0.00364184,-0.146303,0,0.00081861,0,0,-0.0061674,-0.00259606,0,0.0134997,0,0,2.40682e-05,0.374595,0,-0.000169545,0,0,-0.0661524,-0.116664,0,3.38432e-05,0,0,0.0600274,-0.0182092,0,2.40681e-05,0,0,1.37526,
-0.0369356,0,0.000679111,0,0,-0.000669313,0.0247981,0,0.00150156,0,0,0.000840797,0.241229,0,-0.00903324,0,0,-0.00476048,0.490333,0,-0.0524357,0,0,-0.00348366,-0.174059,0,0.0829803,0,0,-0.00662643,-0.262179,0,1.36077,0,0,0.00268634,0.380661,0,-0.0182946,0,0,-0.0636905,-0.121831,0,0.00358015,0,0,0.0651372,-0.0174183,0,0.00268634,0,0,1.37243,
-0.0370341,0,0.000599644,0,0,-0.000704708,0.0246182,0,0.00160312,0,0,0.000564805,0.242659,0,-0.00976632,0,0,-0.00323674,0.493666,0,-0.0525764,0,0,-0.00177029,-0.188374,0,0.083073,0,0,-0.00519643,-0.262882,0,1.35833,0,0,0.00198445,0.382288,0,-0.0194704,0,0,-0.0448951,-0.129265,0,0.00415634,0,0,0.144196,-0.00885143,0,0.00198445,0,0,1.19699,
-0.0372147,0,0.0005071,0,0.0201506,-0.00100071,0.0243985,0,0.00171947,0,0.00366219,0.000835456,0.243846,0,-0.0105911,0,-0.0158517,-0.00494931,0.497695,0,-0.0528538,0,-0.0651882,-0.0028656,-0.205048,0,0.0828037,0,0.0396642,-0.00774204,-0.264269,0,1.35547,0,0.0096687,0.00328892,0.384747,0,-0.020959,0,-0.129745,-0.0586806,-0.130376,0,0.00386748,0,0.267803,0.0737311,-0.014328,0,0.00328892,0,0.184328,1.36818,
-0.0375043,0,0.000401839,-0.0284026,0.0202275,-0.000995991,0.0241783,0,0.00184831,0.0145902,0.00415252,0.000502428,0.244669,0,-0.0115021,0.31325,-0.0185351,-0.00311157,0.502785,0,-0.0533388,0.38573,-0.0684549,-0.000898813,-0.225013,0,0.0819819,0.0897284,0.0393995,-0.00594609,-0.266694,0,1.35206,-0.112151,0.010964,0.00231259,0.38573,0,-0.0224303,0.660325,-0.149967,-0.0361275,-0.13691,0,0.00438561,-0.299934,0.212955,0.165052,-0.00449406,0,0.00231259,-0.180637,0.41263,1.06525,
-0.0378075,0,0.000269148,-0.0285354,0,-0.00131154,0.0239193,0,0.00199756,0.0142416,0,0.00079989,0.246116,0,-0.0125633,0.315419,0,-0.00494876,0.510681,0,-0.0540285,0.388924,0,-0.00206522,-0.248576,0,0.0804412,0.0862539,0,-0.00873717,-0.270142,0,1.34811,-0.121593,0,0.0040562,0.388924,0,-0.0243186,0.66812,0,-0.0533095,-0.139875,0,0.004177,-0.2835,0,0.0808851,-0.0103261,0,0.0040562,-0.266548,0,1.3652,
-0.0364433,0,-0.000812928,-0.0286903,0,-1.47062e-05,0.0266873,0,0.00138905,0.0148023,0,7.4449e-06,0.231784,0,-0.0108615,0.312685,0,-4.69882e-05,0.330026,0,0.0446943,0.35859,0,-6.4141e-06,-0.068863,0,-0.167835,0.0959842,0,-9.40113e-05,0.223471,0,0.715094,-0.0946037,0,3.98204e-05,0.35859,0,-0.0189207,0.653736,0,-0.000495693,-0.13569,0,0.000171091,-0.281408,0,0.000831608,-3.20679e-05,0,3.98204e-05,-0.00247847,0,0.0134998,
-0.0369889,0.0159878,-0.000867992,-0.0342245,0,-0.000179054,0.0269229,-0.00433906,0.00106306,0.0174137,0,8.30369e-05,0.230588,0.0362453,-0.00885269,0.296824,0,-0.000526351,0.335507,-0.042912,0.0539056,0.356082,0,-1.25691e-05,-0.085824,0.188733,-0.17468,0.0615076,0,-0.00113885,0.269528,-0.4367,0.722663,-0.0643848,0,0.000403453,0.356082,0.0307538,-0.012877,0.47808,0,-0.00553363,-0.143419,0.058715,-0.00267417,-0.158302,0,0.00716237,-6.28463e-05,-0.00284711,0.000403454,-0.0276682,0,0.0126779,
-0.0381295,0,-0.000912469,-0.0351264,0,-0.000194876,0.0245298,0,0.000961202,0.0166389,0,8.41059e-05,0.245179,0,-0.00817349,0.301871,0,-0.000534761,0.441125,0,0.0552648,0.384599,0,-5.10385e-05,-0.0997356,0,-0.183439,0.059792,0,-0.00123157,0.276324,0,0.730039,-0.0580908,0,0.000393474,0.384599,0,-0.0116182,0.489848,0,-0.00551438,-0.155392,0,-0.00288601,-0.169975,0,0.00738428,-0.000255194,0,0.000393474,-0.0275719,0,0.0126739,
-0.0386182,0,-0.000957196,-0.0359308,0.0248555,-0.000209462,0.0246443,0,0.00077241,0.0165313,0.00400947,8.25129e-05,0.24417,0,-0.00698064,0.302307,-0.018307,-0.000529305,0.441392,0,0.060085,0.385238,-0.0810373,1.38339e-05,-0.113127,0,-0.194413,0.0585505,0.065459,-0.00133118,0.300425,0,0.739173,-0.0473279,-0.00805675,0.000363087,0.385238,0,-0.00946558,0.4934,-0.0896077,-0.00549451,-0.162075,0,-0.0032227,-0.179215,0.122164,0.00755772,6.91666e-05,0,0.000363087,-0.0274725,0.0188943,0.0126666,
-0.0391938,0.017656,-0.000982995,-0.0366791,0.0253527,-0.000224015,0.0247978,-0.00451013,0.000543574,0.0164264,0.00420045,8.05358e-05,0.24337,0.0379723,-0.00551306,0.303185,-0.0197664,-0.000518058,0.443837,-0.0654217,0.0660336,0.386811,-0.0849174,8.87114e-05,-0.130843,0.251817,-0.208048,0.0565002,0.0697749,-0.00143605,0.330168,-0.52012,0.754625,-0.0346213,-0.00892409,0.000318058,0.386811,0.0282501,-0.00692427,0.500662,-0.0925586,-0.005469,-0.169835,0.0697749,-0.00356964,-0.185117,0.131868,0.00774953,0.000443549,-0.00359012,0.000318058,-0.027345,0.0193738,0.0126565,
-0.0401744,0.0184924,-0.000781565,-0.0377409,0,-0.000237908,0.021545,-0.00145677,0.00320113,0.0156719,0,8.21444e-05,0.262041,0.0203396,-0.0211883,0.307218,0,-0.000530961,0.603123,-0.214971,-0.0606093,0.421967,0,-1.75191e-06,-0.429941,0.52791,0.0129058,-0.00924135,0,-0.00125203,-0.303047,0.0322645,1.35375,-0.169148,0,0.000985626,0.421967,-0.00462068,-0.0338296,0.508704,0,-0.00552714,-0.181047,0.0768109,-0.000595267,-0.200043,0,0.00786488,-8.75087e-06,-0.00313007,0.000985625,-0.0276357,0,0.0126446,
-0.0407264,0.0188503,-0.00108088,-0.0387256,0,-0.000251344,0.0208872,-0.000868449,0.00333683,0.0153723,0,8.08274e-05,0.265412,0.0170473,-0.0223303,0.308278,0,-0.000528572,0.624606,-0.234055,-0.0563841,0.430229,0,2.63519e-05,-0.468109,0.557664,-0.0136187,-0.0239562,0,-0.00128859,-0.28192,-0.0340468,1.3784,-0.174755,0,0.00110232,0.430229,-0.0119781,-0.034951,0.514064,0,-0.00555111,-0.188054,0.0806303,-0.0017435,-0.209609,0,0.00800161,0.000131754,-0.00322147,0.00110232,-0.0277555,0,0.0126312,
0,0,-0.00139094,-0.0398286,0,-0.000263792,0,0,0.00337802,0.0150328,0,7.89221e-05,0,0,-0.0229258,0.308827,0,-0.000526825,0,0,-0.0487519,0.438412,0,4.9205e-05,0,0,-0.0457659,-0.0402392,0,-0.00131556,0,0,1.41577,-0.17518,0,0.0012079,0,0,-0.035036,0.518606,0,-0.00558056,0,0,-0.00318922,-0.218559,0,0.00813337,0,0,0.0012079,-0.0279028,0,0.012617,
-0.0428842,0,-0.00375697,-0.0335519,0.0230465,-3.73865e-05,0.0208263,0,0.00712905,0.0130668,0.00649424,5.71834e-06,0.261774,0,-0.0478302,0.319982,-0.0320796,-4.45946e-05,0.633036,0,-0.134461,0.427254,-0.0991218,5.09644e-05,-0.481058,0,0.10387,0.01635,0.0691405,-0.000191982,-0.672305,0,0.364772,-0.42626,0.0152209,0.00027892,0.427254,0,-0.085252,0.682732,-0.191315,-0.000495192,-0.198244,0,0.00608837,-0.382629,0.223221,0.00351725,0.000254818,0,0.000278924,-0.00247596,0.00879313,0.0133779,
-0.0435975,0,-0.00403066,-0.042575,0.0270251,-0.000285847,0.0200765,0,0.00749486,0.0149561,0.00585749,6.71604e-05,0.264703,0,-0.0509557,0.305091,-0.0266934,-0.00047537,0.658483,0,-0.132812,0.439563,-0.105486,0.000235699,-0.530061,0,0.0871366,-0.0444459,0.0952865,-0.00160741,-0.664062,0,0.375685,-0.37464,-0.0319262,0.00305017,0.439563,0,-0.0749281,0.523431,-0.1179,-0.00557616,-0.210971,0,-0.0127705,-0.235801,0.161185,0.00844333,0.0011785,0,0.00305017,-0.0278808,0.0211083,0.0125815,
-0.0443441,0.0206525,-0.00507993,-0.0438417,0.0271735,-0.000292938,0.0190039,0.000931842,0.00790578,0.0145369,0.00634764,6.04864e-05,0.269571,0.00954315,-0.0545977,0.305634,-0.0288709,-0.000443336,0.693418,-0.298224,-0.124979,0.451323,-0.109946,0.000269236,-0.596448,0.660184,0.057658,-0.0675761,0.0989869,-0.00158428,-0.624897,0.144145,0.382672,-0.390472,-0.042902,0.00346177,0.451323,-0.033788,-0.0780945,0.532572,-0.128071,-0.00547033,-0.219892,0.0989869,-0.0171608,-0.256142,0.166809,0.00848281,0.00134617,-0.00396069,0.00346177,-0.0273517,0.021207,0.0125803,
-0.0495093,0.0217762,-0.00410908,-0.0410826,0,-2.18251e-05,0.0224842,0.00200298,0.00464979,0.0169856,0,9.99373e-07,0.242803,0.00347736,-0.0327271,0.28701,0,-1.04923e-05,0.675956,-0.337921,-0.0607423,0.403037,0,6.18732e-05,-0.675842,0.735233,0.00606344,-0.054513,0,-0.000121407,-0.303711,0.0151586,0.223419,-0.279486,0,0.000165552,0.403037,-0.0272565,-0.0558971,0.640169,0,-0.000346259,-0.218099,0.0780551,0.00103982,-0.440761,0,0.000895268,0.00030936,-0.000303515,0.000165552,-0.0017313,0,0.0134981,
-0.0422314,0.017435,-2.22683e-05,-0.0454078,0.0279203,-0.000335683,0.0127283,0.00688712,2.06684e-05,0.0118507,0.00720984,6.19554e-05,0.310404,-0.0305561,-0.000156083,0.321366,-0.0339023,-0.000467332,0.841435,-0.415635,8.18311e-05,0.521107,-0.117014,-6.28461e-07,-0.831269,0.796897,-0.00155485,-0.191144,0.0961077,-0.000809404,0.000409156,-0.00388713,0.0135164,-0.000998904,-0.000227322,1.22334e-05,0.521107,-0.0955719,-0.000199781,0.574966,-0.147051,-0.00555776,-0.234029,0.0961077,-9.09289e-05,-0.294103,0.190326,0.00882577,-3.13554e-06,-0.00202351,1.22334e-05,-0.0277888,0.0220644,0.0125428,
-0.0406824,0.0164512,-2.67057e-05,-0.0384233,0.0225543,-0.00364006,0.0103712,0.00857025,1.80515e-05,0.0104172,0.00760933,0.000302434,0.32811,-0.0428954,-0.000140311,0.335785,-0.0408455,-0.00344842,0.893967,-0.447193,0.000189291,0.546546,-0.115763,0.00139483,-0.894386,0.829894,-0.00171908,-0.215271,0.0832426,-0.00669604,0.000946444,-0.0042977,0.0135174,-0.00102125,-0.00010344,0.000107947,0.546546,-0.107636,-0.000204247,0.578155,-0.117188,-0.00818946,-0.231526,0.0832426,-4.13769e-05,-0.234377,0.13056,-0.0897195,0.00697415,-0.0167401,0.000107946,-0.0409473,-0.224299,0.914732,
-0.0381368,0.0142381,-2.65382e-05,-0.0386278,0.0228336,-0.00377704,0.00777036,0.0103795,1.44889e-05,0.00919276,0.0079667,0.000296892,0.348714,-0.0568209,-0.000116044,0.346279,-0.0447729,-0.0031554,0.945919,-0.47358,0.000296011,0.582956,-0.122065,0.000514133,-0.94716,0.84856,-0.00186084,-0.259999,0.0847429,-0.00381909,0.00148006,-0.0046521,0.0135182,-0.000792296,-0.000130522,9.99719e-05,0.582956,-0.13,-0.000158459,0.59198,-0.123698,-0.00834463,-0.244131,0.0847429,-5.22084e-05,-0.247395,0.135281,-0.0929285,0.00257066,-0.00954772,9.9972e-05,-0.0417231,-0.232321,0.90331,
-0.0218015,0.000133828,0.000195425,-0.0344976,0.0218462,-0.00380719,0.0178513,0.000117738,0.0041045,0.0113725,0.00728371,0.000176535,0.296402,-0.000665415,-0.0267143,0.337418,-0.0425334,-0.00227115,0.449897,-0.00522406,-0.0787169,0.459712,-0.0813688,-0.000182134,-0.0104481,0.00965554,-0.0023923,-0.00294649,0.000902264,-3.73502e-05,-0.393584,-0.00598075,1.44888,-0.243389,0.0363316,0.00754399,0.459712,-0.00147324,-0.0486778,0.56408,-0.121225,0.00194122,-0.162738,0.000902265,0.0145326,-0.24245,0.115955,-0.0135042,-0.000910678,-9.33739e-05,0.00754399,0.00970611,-0.0337606,0.0175125,
-0.0211246,0.000117291,-4.40556e-05,-0.0342765,0,-0.00395327,0.0176159,0.000126646,0.00418648,0.0109849,0,0.000148643,0.299105,-0.000735845,-0.0273538,0.341569,0,-0.00190991,0.454154,-0.00531124,-0.0784338,0.466655,0,0.000368653,-0.0106225,0.00965548,-0.00245182,-0.00316608,0,-2.33831e-05,-0.392169,-0.00612956,1.44306,-0.24861,0,0.00784481,0.466655,-0.00158304,-0.0497219,0.578972,0,0.00191033,-0.169803,0.000907433,0.0146776,-0.254851,0,-0.0143044,0.00184327,-5.84583e-05,0.00784481,0.00955168,0,0.0198651,
-0.0204966,0.0001072,-0.000267632,-0.0342809,0,-0.00405609,0.0174365,0.000131494,0.00424055,0.0106895,0,0.000105817,0.301272,-0.000775468,-0.0277836,0.344984,0,-0.00147439,0.457443,-0.00536212,-0.0777793,0.472451,0,0.00101927,-0.0107242,0.00965524,-0.0024687,-0.00329727,0,-1.91249e-05,-0.388897,-0.00617176,1.43653,-0.251293,0,0.00792719,0.472451,-0.00164864,-0.0502586,0.587885,0,0.00328336,-0.176804,0.000923633,0.0147904,-0.269729,0,-0.0154281,0.00509634,-4.7812e-05,0.00792719,0.0164168,0,0.0212933,
-0.0198557,0.000101158,-0.000481148,-0.0341066,0,-0.00418178,0.0172908,0.00013375,0.00427727,0.0103592,0,6.48727e-05,0.303123,-0.000795835,-0.0280714,0.348505,0,-0.0010457,0.460103,-0.00539016,-0.0769451,0.47813,0,0.00168834,-0.0107803,0.00965512,-0.00245759,-0.00337873,0,-2.08508e-05,-0.384725,-0.00614398,1.43007,-0.253511,0,0.00801226,0.47813,-0.00168937,-0.0507021,0.601471,0,0.00430932,-0.183812,0.000947675,0.0147965,-0.28263,0,-0.0169769,0.00844172,-5.21267e-05,0.00801226,0.0215466,0,0.0232166,
-0.0190072,9.68537e-05,-0.000711789,-0.0336971,0.0234488,-0.00408178,0.0171509,0.000134418,0.00430498,0.0099966,0.00809756,7.91978e-05,0.305263,-0.000806625,-0.0282641,0.352869,-0.0520348,-0.000907663,0.463142,-0.00540733,-0.0759929,0.484992,-0.0961177,0.00173858,-0.0108147,0.00965516,-0.00242675,-0.00344013,0.00098137,-1.94111e-05,-0.379964,-0.00606688,1.42357,-0.255401,0.0373405,0.00817917,0.484992,-0.00172007,-0.0510802,0.619081,-0.150607,0.00615469,-0.192235,0.000981371,0.0149362,-0.301213,0.173724,-0.111104,0.00869292,-4.85281e-05,0.00817917,0.0307735,-0.277759,0.913717,
-0.0178577,9.29082e-05,-0.000976375,-0.032679,0.0237066,-0.00393771,0.0170024,0.000134151,0.00433109,0.00952888,0.00839056,-1.80461e-05,0.307788,-0.000812649,-0.0283816,0.358521,-0.0558714,-2.24919e-05,0.466734,-0.00541911,-0.0749627,0.493546,-0.10182,0.00288286,-0.0108382,0.00965531,-0.00238285,-0.00349803,0.00103027,-3.08619e-05,-0.374813,-0.00595714,1.41716,-0.258112,0.038739,0.0071422,0.493546,-0.00174901,-0.0516224,0.647814,-0.167028,0.0135788,-0.203639,0.00103027,0.0154956,-0.334056,0.194314,-0.116266,0.0144143,-7.7154e-05,0.0071422,0.0678938,-0.290664,0.930536,
-0.0261086,0.00860866,-0.00348605,-0.0273637,0.0194378,-0.00420206,0.00250729,0.0128984,0.00130201,0.00302279,0.0113471,3.85065e-05,0.397686,-0.0787442,-0.00969356,0.397175,-0.0727676,0.000835238,1.05335,-0.524625,0.0514674,0.69587,-0.170391,0.00560196,-1.04925,0.933814,-0.225624,-0.345373,0.107986,-0.00350541,0.257337,-0.56406,1.54684,-0.0762819,-0.00620071,0.00983916,0.69587,-0.172686,-0.0152564,0.919418,-0.367993,-0.0266928,-0.340783,0.107986,-0.00248029,-0.735985,0.578753,0.186584,0.0280098,-0.00876353,0.00983915,-0.133464,0.466461,0.586758,
-0.0248859,0.00850236,-0.00364654,-0.0258027,0,-0.00453562,0.0026053,0.0127424,0.00142188,0.00279213,0,-4.3729e-05,0.398625,-0.0782403,-0.010175,0.400178,0,0.00174372,1.0554,-0.525097,0.0496463,0.700198,0,0.00778128,-1.05019,0.935621,-0.220721,-0.345116,0,-0.00505022,0.248231,-0.551802,1.53588,-0.0822924,0,0.0107009,0.700198,-0.172558,-0.0164585,0.936157,0,-0.0246461,-0.351675,0.111016,-0.00168108,-0.768649,0,0.184005,0.0389064,-0.0126256,0.0107009,-0.12323,0,0.578395,
-0.0242568,0.00870419,-0.00381048,-0.0246146,0.0184937,-0.00485407,0.00293821,0.0124531,0.00157025,0.00273287,0.0118634,-0.00013298,0.397287,-0.0766595,-0.0109242,0.401229,-0.0777565,0.00259036,1.0528,-0.524023,0.0467854,0.699698,-0.179432,0.00998793,-1.04805,0.937211,-0.214665,-0.340647,0.112981,-0.00683257,0.233927,-0.536663,1.5247,-0.090885,-0.00162132,0.0116191,0.699698,-0.170324,-0.018177,0.948196,-0.39814,-0.0224839,-0.358864,0.112981,-0.000648529,-0.796281,0.630792,0.179915,0.0499396,-0.0170814,0.0116191,-0.112419,0.449787,0.578785,
-0.0242087,0.009195,-0.00397104,-0.0238072,0.018041,-0.00497396,0.00350256,0.0120254,0.00174542,0.00284003,0.0120124,-0.000173261,0.393843,-0.0740056,-0.0119437,0.400524,-0.0786332,0.00280296,1.04546,-0.521019,0.0428135,0.694601,-0.180705,0.0109176,-1.04204,0.937714,-0.207248,-0.331823,0.113436,-0.00805758,0.214067,-0.51812,1.51311,-0.102125,0.00171338,0.0123639,0.694601,-0.165912,-0.020425,0.956162,-0.41174,-0.0151833,-0.361411,0.113436,0.000685353,-0.82348,0.702439,0.0559002,0.0545877,-0.0201439,0.0123639,-0.0759167,0.13975,1.31099,
-0.0247797,0.00996687,-0.00411063,0,0.0177507,-0.00517541,0.00428736,0.0114575,0.00193903,0,0.0121111,-0.000264846,0.388376,-0.0702296,-0.0132031,0,-0.0787497,0.00332808,1.03306,-0.515541,0.0377411,0,-0.180437,0.0127013,-1.03108,0.936067,-0.198607,0,0.112703,-0.0100022,0.188706,-0.496517,1.50189,0,0.00559599,0.0130734,0.685038,-0.159195,-0.023121,0,-0.420404,-0.0125833,-0.360873,0.112703,0.0022384,0,0.721302,0.0510755,0.0635064,-0.0250055,0.0130734,0,0.127689,1.30884,
-0.0256383,0.0108525,-0.00421727,-0.023376,0.0175192,-0.00536901,0.00518965,0.0108043,0.00213473,0.00346023,0.0121629,-0.000350877,0.381775,-0.0657297,-0.0145524,0.395023,-0.0783114,0.00371675,1.01707,-0.50779,0.0320353,0.672828,-0.178873,0.0142916,-1.01558,0.931564,-0.18928,-0.301809,0.110801,-0.0119377,0.160177,-0.4732,1.49155,-0.129995,0.00983742,0.0137113,0.672828,-0.150904,-0.025999,0.959653,-0.427067,-0.0103265,-0.357747,0.110801,0.00393497,-0.854134,0.737212,0.0462989,0.0714581,-0.0298444,0.0137113,-0.0516326,0.115747,1.30691,
-0.0264882,0.0116997,-0.00428705,-0.0232828,0.0172765,-0.00556003,0.00610267,0.0101319,0.00231578,0.00381982,0.0121927,-0.000433683,0.37495,-0.0610056,-0.0158344,0.39172,-0.0776749,0.00404454,0.999427,-0.498506,0.0262827,0.659847,-0.176667,0.0157659,-0.997011,0.924417,-0.180083,-0.283963,0.108105,-0.013802,0.131414,-0.450207,1.48275,-0.143872,0.0141969,0.0142277,0.659847,-0.141982,-0.0287745,0.959291,-0.43287,-0.00818018,-0.353333,0.108105,0.00567877,-0.86574,0.751686,0.0413756,0.0788295,-0.034505,0.0142277,-0.0409009,0.103439,1.30513,
-0.0271849,0.012433,-0.00432536,-0.0230911,0.0169856,-0.00574876,0.00695899,0.00948734,0.00247311,0.00414813,0.0122134,-0.000514458,0.368494,-0.0564309,-0.0169602,0.388672,-0.0770332,0.00435556,0.981694,-0.488537,0.0208977,0.647305,-0.174217,0.0171623,-0.977073,0.915425,-0.171629,-0.266289,0.104935,-0.0155482,0.104488,-0.429073,1.47582,-0.156388,0.0184702,0.0146074,0.647305,-0.133144,-0.0312775,0.959177,-0.438391,-0.00601419,-0.348433,0.104935,0.0073881,-0.876783,0.765451,0.036198,0.0858114,-0.0388704,0.0146074,-0.030071,0.0904951,1.3035,
-0.0276759,0.0130289,-0.00434166,-0.022755,0.0166264,-0.00593392,0.00772817,0.00889577,0.00260461,0.00443066,0.0122316,-0.000594657,0.362703,-0.0522244,-0.0178998,0.386045,-0.0764804,0.0046796,0.964897,-0.478575,0.0160941,0.635826,-0.171747,0.0185131,-0.95715,0.905482,-0.164243,-0.249647,0.101518,-0.0171602,0.0804706,-0.410608,1.47076,-0.167241,0.0225545,0.0148549,0.635826,-0.124823,-0.0334482,0.959806,-0.443968,-0.00372367,-0.343495,0.101518,0.00902181,-0.887937,0.779007,0.0307005,0.0925654,-0.0429004,0.0148549,-0.0186183,0.0767512,1.30204,
-0.0279176,0.0134675,-0.00434642,-0.0222379,0.0161811,-0.00611362,0.00837665,0.00838623,0.00270772,0.00465436,0.0122521,-0.000675282,0.357903,-0.048636,-0.018623,0.383993,-0.0760959,0.00504582,0.950211,-0.469456,0.012109,0.62607,-0.169475,0.0198465,-0.938911,0.895711,-0.158309,-0.235024,0.0981133,-0.0186177,0.0605449,-0.395772,1.46763,-0.176119,0.0263317,0.0149815,0.62607,-0.117512,-0.0352237,0.961589,-0.44984,-0.00122499,-0.33895,0.0981133,0.0105327,-0.89968,0.792651,0.0247961,0.0992325,-0.0465442,0.0149815,-0.00612494,0.0619902,1.30077,
-0.0279358,0.0137699,-0.00434797,-0.0215481,0.0156498,-0.00628528,0.00891074,0.00795884,0.00278612,0.00482759,0.0122732,-0.000756871,0.354075,-0.0456876,-0.0191529,0.382461,-0.0758672,0.00546339,0.93788,-0.461486,0.00892725,0.618014,-0.167422,0.0211781,-0.922973,0.88672,-0.153798,-0.222549,0.0948154,-0.0199317,0.0446362,-0.384496,1.46617,-0.183212,0.0297951,0.0150065,0.618014,-0.111275,-0.0366424,0.964414,-0.455984,0.00151369,-0.334843,0.0948154,0.011918,-0.911967,0.806382,0.0184728,0.105891,-0.0498293,0.0150065,0.00756845,0.0461819,1.29974,
-0.02772,0.01394,-0.00435407,-0.0206599,0.015016,-0.00644756,0.00932785,0.00761982,0.00284188,0.00495303,0.0122953,-0.000840941,0.351281,-0.0434506,-0.019497,0.381445,-0.0758039,0.0059559,0.928314,-0.455049,0.00658329,0.611776,-0.165637,0.0225456,-0.910097,0.879142,-0.150735,-0.212514,0.0917291,-0.0211158,0.0329165,-0.376839,1.46615,-0.188603,0.0329504,0.0149434,0.611776,-0.106257,-0.0377206,0.968363,-0.462519,0.00458381,-0.331274,0.0917291,0.0131802,-0.925038,0.820451,0.0116152,0.112728,-0.0527894,0.0149434,0.0229191,0.029038,1.29897,
-0.0272785,0.0139884,-0.00436898,-0.0195662,0.0142718,-0.00659784,0.00963329,0.00736894,0.0028771,0.00503805,0.0123159,-0.000928237,0.349484,-0.0419303,-0.0196683,0.380874,-0.0758739,0.006534,0.921616,-0.450325,0.00506698,0.607269,-0.164093,0.0239674,-0.90065,0.873363,-0.149103,-0.204963,0.0889014,-0.0221821,0.0253349,-0.372757,1.46745,-0.192409,0.0358027,0.0148036,0.607269,-0.102481,-0.0384817,0.973285,-0.469396,0.00803332,-0.328186,0.0889014,0.0143211,-0.938791,0.834841,0.00415004,0.119837,-0.0554553,0.0148036,0.0401666,0.0103751,1.29853,
-0.0266147,0.0139216,-0.00439547,-0.0182618,0.0134134,-0.00673188,0.00983016,0.00720632,0.0028934,0.00508843,0.0123322,-0.00101865,0.348653,-0.0411288,-0.0196752,0.380679,-0.0760374,0.00720316,0.917854,-0.447447,0.00436457,0.604408,-0.162754,0.025451,-0.894894,0.86966,-0.148848,-0.199935,0.0863812,-0.0231366,0.0218228,-0.372119,1.4699,-0.194692,0.0383365,0.0145979,0.604408,-0.0999677,-0.0389384,0.978958,-0.476476,0.0118806,-0.325508,0.0863812,0.0153346,-0.952953,0.849372,-0.00394504,0.127255,-0.0578416,0.0145979,0.0594029,-0.0098626,1.29848,
-0.0261143,0.013889,-0.00441074,-0.0171907,0.0126772,-0.00684036,0.010002,0.00706189,0.00290066,0.00514529,0.0123326,-0.0010961,0.347782,-0.0403414,-0.0196601,0.380314,-0.0760087,0.00774308,0.914179,-0.444676,0.00381467,0.601468,-0.161263,0.0266608,-0.889352,0.866119,-0.149069,-0.195135,0.0839864,-0.0239309,0.0190734,-0.372673,1.47325,-0.196345,0.0403601,0.0144042,0.601468,-0.0975677,-0.0392689,0.982977,-0.481778,0.0151573,-0.322526,0.0839864,0.016144,-0.963556,0.860455,-0.0113061,0.133304,-0.0598274,0.0144042,0.0757864,-0.0282652,1.2988,
-0.0258075,0.0139095,-0.00441259,-0.0163748,0.0120741,-0.00693076,0.0101742,0.00691527,0.00290348,0.00521368,0.0123218,-0.00116205,0.346673,-0.039412,-0.0196608,0.379746,-0.0758131,0.008147,0.90993,-0.441578,0.00323109,0.598136,-0.159621,0.0276119,-0.883157,0.862228,-0.149418,-0.18999,0.0816279,-0.0246034,0.0161554,-0.373545,1.47715,-0.197771,0.0420152,0.0142299,0.598136,-0.0949949,-0.0395542,0.985509,-0.485588,0.0178649,-0.319243,0.0816279,0.0168061,-0.971176,0.868697,-0.0178915,0.138059,-0.0615084,0.0142299,0.0893245,-0.0447288,1.29942,
-0.0256474,0.0139647,-0.00440343,-0.0157737,0.0115906,-0.0070072,0.0103342,0.00677497,0.00290121,0.0052819,0.0123064,-0.00121798,0.345479,-0.0384291,-0.0196621,0.379106,-0.0755364,0.00843974,0.905499,-0.438368,0.00268087,0.59476,-0.157993,0.0283472,-0.876736,0.858214,-0.149962,-0.184855,0.0794132,-0.0251687,0.0134044,-0.374906,1.48156,-0.198872,0.04332,0.0140773,0.59476,-0.0924273,-0.0397744,0.987051,-0.488295,0.0200734,-0.315986,0.0794132,0.017328,-0.976589,0.874724,-0.0237555,0.141736,-0.0629218,0.0140773,0.100367,-0.0593888,1.30026,
-0.0255924,0.0140384,-0.00438548,-0.0153478,0.0112107,-0.00707279,0.0104717,0.0066485,0.00289327,0.00534135,0.0122914,-0.00126537,0.344314,-0.0374674,-0.0196505,0.378482,-0.0752363,0.0086446,0.901212,-0.435238,0.00222511,0.591596,-0.156488,0.0289077,-0.870476,0.8543,-0.150767,-0.180023,0.0774212,-0.0256418,0.0111255,-0.376917,1.48647,-0.199565,0.0442927,0.0139481,0.591596,-0.0900113,-0.0399129,0.987972,-0.490198,0.0218571,-0.312976,0.0774212,0.0177171,-0.980396,0.879035,-0.0289872,0.144538,-0.0641045,0.0139481,0.109286,-0.0724679,1.30128,
-0.0254346,0.0140403,-0.00434384,-0.0148206,0.0103041,-0.0102211,0.0106128,0.00652642,0.00288245,0.00543212,0.0121649,-0.00188384,0.343047,-0.0364862,-0.0196366,0.377636,-0.0742063,0.0125112,0.896585,-0.432015,0.00183932,0.587816,-0.15266,0.0419485,-0.864031,0.850378,-0.151811,-0.17481,0.0734573,-0.0373124,0.00919659,-0.379528,1.4918,-0.20027,0.0461539,0.0198693,0.587816,-0.087405,-0.0400541,0.987147,-0.488037,0.0407935,-0.30532,0.0734573,0.0184616,-0.976073,0.864417,-0.122173,0.209742,-0.0932809,0.0198693,0.203968,-0.305431,0.190258,
-0.025504,0.0141207,-0.00431466,-0.0146455,0.0101001,-0.0101991,0.0106878,0.00644152,0.00286232,0.00546154,0.0121588,-0.00191956,0.342162,-0.0357165,-0.019572,0.377182,-0.0739647,0.0125392,0.893238,-0.42946,0.00169313,0.585496,-0.151611,0.0420463,-0.85892,0.847165,-0.153241,-0.171116,0.0720719,-0.0374521,0.00846565,-0.383103,1.49758,-0.200008,0.0464836,0.0195465,0.585496,-0.0855582,-0.0400016,0.987455,-0.488897,0.0424194,-0.303221,0.0720719,0.0185934,-0.977794,0.8667,-0.125802,0.210232,-0.0936303,0.0195465,0.212097,-0.314505,0.191139,
-0.0255969,0.0141897,-0.00428138,-0.0145611,0.00995792,-0.0101731,0.0107236,0.00638406,0.00283554,0.0054696,0.0121599,-0.00194788,0.341506,-0.0351088,-0.0194693,0.376867,-0.0737766,0.0125173,0.890644,-0.427386,0.00175619,0.583791,-0.150825,0.0420334,-0.854771,0.844552,-0.155043,-0.168256,0.0710243,-0.0375195,0.00878097,-0.387606,1.50379,-0.199192,0.0465378,0.0192703,0.583791,-0.0841279,-0.0398385,0.987751,-0.489519,0.0436361,-0.30165,0.0710243,0.0186151,-0.979038,0.868357,-0.128627,0.210167,-0.0937987,0.0192703,0.218181,-0.321568,0.192451,
-0.0256976,0.0142417,-0.004245,-0.014549,0.0098683,-0.010144,0.0107169,0.00635699,0.0028018,0.00545462,0.0121692,-0.00196997,0.341118,-0.034694,-0.0193227,0.376706,-0.0736502,0.0124611,0.88894,-0.42589,0.00205378,0.58277,-0.150318,0.041937,-0.851779,0.84267,-0.157239,-0.166338,0.070334,-0.0375247,0.0102689,-0.393097,1.51039,-0.19779,0.0463252,0.0190373,0.58277,-0.0831688,-0.039558,0.988122,-0.489974,0.0445102,-0.300636,0.070334,0.0185301,-0.979947,0.869504,-0.13076,0.209685,-0.0938117,0.0190373,0.222551,-0.326901,0.193999,
-0.0257943,0.0142731,-0.00420615,-0.0145937,0.00982237,-0.010114,0.0106668,0.00636164,0.002761,0.00541621,0.0121865,-0.00198716,0.341021,-0.0344897,-0.019129,0.376705,-0.0735879,0.0123846,0.888201,-0.42503,0.00259782,0.582459,-0.150089,0.041784,-0.85006,0.841599,-0.159834,-0.165414,0.0700015,-0.0374813,0.0129891,-0.399584,1.51738,-0.19579,0.0458598,0.0188449,0.582459,-0.0827072,-0.039158,0.988625,-0.490312,0.0451102,-0.300179,0.0700015,0.0183439,-0.980625,0.87023,-0.13235,0.20892,-0.0937032,0.0188449,0.225551,-0.330875,0.195075,
-0.0260237,0.0143468,-0.00417808,-0.0149165,0.0103406,-0.00728883,0.0105442,0.00641131,0.00271053,0.00530669,0.0123204,-0.00142615,0.341395,-0.0345813,-0.0188711,0.37715,-0.0742343,0.00888504,0.88905,-0.425099,0.00344217,0.583826,-0.152314,0.0300245,-0.850197,0.841616,-0.162861,-0.166364,0.0719791,-0.0270052,0.0172109,-0.407152,1.52473,-0.192768,0.0441889,0.0135526,0.583826,-0.0831822,-0.0385536,0.990873,-0.494127,0.0267379,-0.304629,0.0719791,0.0176756,-0.988255,0.886581,-0.0492065,0.150122,-0.067513,0.0135526,0.13369,-0.123016,1.30865,
-0.026084,0.0143298,-0.00413471,-0.0150276,0.0103389,-0.00730281,0.0104129,0.00647676,0.00265616,0.00522527,0.0123503,-0.00143919,0.341864,-0.0347977,-0.0185825,0.377447,-0.0742712,0.00885456,0.890216,-0.425521,0.00446267,0.58485,-0.152515,0.0299998,-0.851041,0.842198,-0.166181,-0.167358,0.0722365,-0.0270461,0.0223134,-0.415453,1.53235,-0.189636,0.0433213,0.0135298,0.58485,-0.083679,-0.0379272,0.991721,-0.494296,0.0269493,-0.305029,0.0722365,0.0173285,-0.988593,0.886235,-0.0512708,0.149999,-0.0676153,0.0135298,0.134746,-0.128177,1.30991,
-0.0261167,0.0142886,-0.0040895,-0.0151453,0.010349,-0.00731267,0.0102473,0.00656871,0.00259556,0.00512676,0.0123856,-0.00145058,0.34259,-0.0352071,-0.018248,0.37787,-0.0743578,0.00882512,0.892245,-0.42653,0.00569847,0.586439,-0.152904,0.0299549,-0.85306,0.843541,-0.169809,-0.169185,0.0727446,-0.0270509,0.0284924,-0.424522,1.54022,-0.185997,0.0422867,0.0135047,0.586439,-0.0845924,-0.0371994,0.992762,-0.494471,0.0271097,-0.305809,0.0727446,0.0169147,-0.988942,0.885759,-0.0532065,0.149774,-0.0676273,0.0135047,0.135549,-0.133016,1.31122,
-0.0260351,0.0132341,-0.000512995,-0.0156664,0.0104512,-0.00728826,0.0100037,0.0073019,0.000321007,0.00527491,0.0123657,-0.00148059,0.34389,-0.0401575,-0.00226806,0.376561,-0.074068,0.00893897,0.894855,-0.426296,0.000903835,0.589209,-0.153592,0.0298493,-0.852592,0.803005,-0.022044,-0.189511,0.0774618,-0.0257073,0.00451918,-0.05511,0.196502,-0.0230876,0.00521997,0.00170923,0.589209,-0.0947555,-0.00461752,0.990268,-0.493862,0.0275505,-0.307185,0.0774618,0.00208799,-0.987724,0.884934,-0.0552271,0.149247,-0.0642682,0.00170923,0.137752,-0.138068,1.31249,
-0.0259734,0.0130205,-3.4934e-05,-0.0157741,0.010453,-0.0072887,0.00978749,0.00749684,2.15549e-05,0.00517835,0.012401,-0.00149325,0.34505,-0.0413556,-0.000152927,0.376999,-0.0741869,0.008946,0.897803,-0.427356,7.13997e-05,0.591666,-0.154213,0.0297946,-0.854713,0.797874,-0.0015345,-0.194498,0.0786751,-0.0254805,0.000356999,-0.00383625,0.0135161,-0.00155509,0.000349839,0.000117279,0.591666,-0.0972492,-0.000311018,0.991369,-0.494127,0.0277933,-0.308425,0.0786751,0.000139935,-0.988253,0.88462,-0.0571581,0.148973,-0.0637013,0.000117279,0.138967,-0.142895,1.3139,
-0.0256797,0.012843,-3.46244e-05,-0.0158846,0.0113545,-0.0105973,0.00961493,0.00759213,2.12091e-05,0.00504662,0.0125451,-0.00217787,0.345975,-0.0418841,-0.000150963,0.377831,-0.0754567,0.0130373,0.900106,-0.428434,7.74169e-05,0.594469,-0.158363,0.0432927,-0.856867,0.798578,-0.00154577,-0.197464,0.0824165,-0.0369661,0.000387086,-0.00386443,0.0135164,-0.00152976,0.000326225,0.000170824,0.594469,-0.0987322,-0.000305953,0.987234,-0.472318,0.0370552,-0.316726,0.0824165,0.00013049,-0.944637,0.702785,-0.0504233,0.216464,-0.0924152,0.000170824,0.185276,-0.126058,0.0832163,
-0.025562,0.0127447,-3.46166e-05,-0.0159418,0.0115845,-0.0106452,0.00940161,0.00770466,2.09291e-05,0.00490096,0.0126263,-0.00219832,0.347199,-0.0425417,-0.000149391,0.378675,-0.0759681,0.0131113,0.90336,-0.429956,8.24423e-05,0.597295,-0.160015,0.0434426,-0.859913,0.79983,-0.00155349,-0.200439,0.0839769,-0.0370491,0.000412211,-0.00388372,0.0135165,-0.00151151,0.000316237,0.000172615,0.597295,-0.10022,-0.000302303,0.988172,-0.469253,0.036474,-0.320031,0.0839769,0.000126495,-0.938506,0.673789,-0.0444849,0.217213,-0.0926228,0.000172615,0.18237,-0.111212,0.0792801,
-0.025435,0.0126435,-3.47102e-05,-0.0159432,0.0116291,-0.0106494,0.00918059,0.00782137,2.07043e-05,0.00475625,0.0126849,-0.00221247,0.348507,-0.0432433,-0.000148147,0.379517,-0.0762851,0.0131429,0.906853,-0.431621,8.66347e-05,0.600107,-0.161009,0.0434319,-0.863242,0.801317,-0.00155887,-0.203428,0.0849654,-0.0369818,0.000433172,-0.00389718,0.0135165,-0.00149753,0.000310228,0.000174076,0.600107,-0.101714,-0.000299507,0.989991,-0.469548,0.0366471,-0.322018,0.0849654,0.000124091,-0.939095,0.672696,-0.0448736,0.21716,-0.0924544,0.000174076,0.183235,-0.112184,0.0791702,
-0.0252947,0.0125344,-3.48623e-05,-0.0159432,0.0116699,-0.0106489,0.00894814,0.0079449,2.05062e-05,0.00460425,0.0127441,-0.00222427,0.349914,-0.0440021,-0.000147058,0.38042,-0.0766155,0.0131702,0.910634,-0.433452,9.05526e-05,0.603132,-0.16204,0.0433954,-0.866904,0.803034,-0.00156314,-0.20666,0.0859966,-0.0368841,0.000452763,-0.00390786,0.0135165,-0.00148502,0.000304482,0.000175817,0.603132,-0.10333,-0.000297005,0.99191,-0.469894,0.0367633,-0.324079,0.0859966,0.000121793,-0.939788,0.67193,-0.0451649,0.216977,-0.0922103,0.000175817,0.183817,-0.112912,0.0792472,
-0.0251118,0.012399,-3.50582e-05,-0.0159274,0.0117041,-0.0106421,0.00868527,0.00808914,2.02968e-05,0.00443568,0.0128064,-0.00223337,0.351576,-0.0449261,-0.000145839,0.381464,-0.0769914,0.0132053,0.915184,-0.435732,9.53629e-05,0.606693,-0.163204,0.0433356,-0.871463,0.805258,-0.00156816,-0.210575,0.0871808,-0.0367312,0.000476817,-0.00392041,0.0135165,-0.00147105,0.000298198,0.00017776,0.606693,-0.105287,-0.000294211,0.994089,-0.470329,0.0368373,-0.326408,0.0871808,0.000119279,-0.940657,0.671397,-0.0453574,0.216678,-0.0918279,0.00017776,0.184186,-0.113393,0.0794377,
-0.0248725,0.0122266,-3.52977e-05,-0.0158325,0.0115297,-0.0105831,0.00837645,0.00826492,2.00468e-05,0.00425033,0.0128464,-0.00223359,0.353622,-0.0460999,-0.000144265,0.382652,-0.077207,0.0132066,0.920896,-0.438679,0.000101979,0.610837,-0.163818,0.0430865,-0.877359,0.808197,-0.00157532,-0.215328,0.087946,-0.036357,0.000509896,-0.0039383,0.0135164,-0.00145439,0.000294489,0.000179009,0.610837,-0.107664,-0.000290879,0.99742,-0.474026,0.0375986,-0.327637,0.087946,0.000117796,-0.948052,0.696721,-0.0512609,0.215433,-0.0908926,0.000179009,0.187993,-0.128152,0.0829375,
-0.0245082,0.0119805,-3.55368e-05,-0.0157792,0.0117289,-0.010605,0.0080103,0.00848259,1.97304e-05,0.00402122,0.0129477,-0.00224459,0.356132,-0.0475959,-0.00014216,0.384207,-0.077973,0.0133446,0.928014,-0.442467,0.000111258,0.61635,-0.166192,0.0431665,-0.884934,0.812031,-0.00158596,-0.221739,0.0902966,-0.0361754,0.000556289,-0.00396491,0.0135164,-0.00143025,0.000281887,0.00018196,0.61635,-0.110869,-0.00028605,0.999757,-0.471647,0.0369898,-0.332384,0.0902966,0.000112755,-0.943294,0.670859,-0.0455679,0.215833,-0.0904385,0.00018196,0.184949,-0.11392,0.0798968,
-0.0240236,0.0116566,-3.57956e-05,-0.0156011,0.0116987,-0.0105731,0.00757062,0.00875235,1.932e-05,0.00376259,0.0130304,-0.00224872,0.359233,-0.04949,-0.000139317,0.386007,-0.0786172,0.0134739,0.936902,-0.447277,0.000124039,0.622842,-0.168108,0.0430707,-0.894554,0.816904,-0.00160121,-0.229556,0.0923322,-0.0357267,0.000620194,-0.00400302,0.0135164,-0.00139971,0.000271073,0.000184039,0.622842,-0.114778,-0.000279943,1.00352,-0.472674,0.0371818,-0.336217,0.0923322,0.000108429,-0.945349,0.670963,-0.0457283,0.215354,-0.0893167,0.000184039,0.185909,-0.114321,0.0801049,
-0.023386,0.0112366,-3.60438e-05,-0.0153257,0.0116101,-0.0105475,0.00705403,0.00907623,1.88024e-05,0.00346379,0.0131242,-0.00225087,0.36294,-0.0517923,-0.00013564,0.388124,-0.0793576,0.0136619,0.947555,-0.45308,0.000140637,0.630537,-0.170268,0.0430067,-0.90616,0.822728,-0.00162149,-0.238981,0.0946443,-0.0351769,0.000703183,-0.00405372,0.0135164,-0.00136097,0.000258693,0.000186362,0.630537,-0.119491,-0.000272194,1.00844,-0.475503,0.0363773,-0.340535,0.0946443,0.000103477,-0.951006,0.681845,-0.0382892,0.215033,-0.0879423,0.000186362,0.181886,-0.095723,0.0943308,
-0.0225863,0.0107142,-3.62547e-05,-0.0149603,0.0115042,-0.0104979,0.00646319,0.00945066,1.81725e-05,0.00312533,0.0132253,-0.00225316,0.36722,-0.0544687,-0.000131097,0.390562,-0.0802235,0.0138759,0.959781,-0.459716,0.000160991,0.6394,-0.17276,0.0428744,-0.919432,0.829252,-0.00164665,-0.249911,0.0972966,-0.0344346,0.000804953,-0.00411663,0.0135164,-0.0013134,0.000243687,0.000188096,0.6394,-0.124955,-0.00026268,1.01363,-0.477105,0.036744,-0.34552,0.0972966,9.74749e-05,-0.954209,0.682514,-0.0384795,0.214372,-0.0860865,0.000188096,0.18372,-0.0961987,0.0948182,
-0.0216378,0.0100966,-3.64e-05,-0.0145113,0.0113678,-0.0104394,0.00581074,0.00986445,1.74387e-05,0.00275046,0.0133343,-0.00225284,0.371955,-0.0574259,-0.000125767,0.393273,-0.0811766,0.0141084,0.973134,-0.466868,0.00018451,0.649187,-0.175462,0.0426862,-0.933736,0.836054,-0.00167581,-0.261966,0.100146,-0.0335328,0.000922555,-0.00418954,0.0135165,-0.00125782,0.000226718,0.000189515,0.649187,-0.130983,-0.000251565,1.01939,-0.478892,0.0371321,-0.350924,0.100146,9.06872e-05,-0.957784,0.683294,-0.0386623,0.213431,-0.083832,0.000189515,0.18566,-0.0966557,0.0952111,
-0.0205585,0.00939396,-3.6455e-05,-0.0139934,0.011209,-0.0103732,0.00511113,0.0103053,1.66137e-05,0.00234417,0.0134497,-0.00224848,0.377014,-0.0605637,-0.000119757,0.396204,-0.0821932,0.0143397,0.987141,-0.474209,0.000210502,0.659645,-0.1783,0.0424159,-0.948419,0.842717,-0.00170796,-0.274752,0.103095,-0.0324716,0.00105251,-0.00426989,0.0135165,-0.00119523,0.000208026,0.000190546,0.659645,-0.137376,-0.000239046,1.02558,-0.480774,0.0374712,-0.3566,0.103095,8.32105e-05,-0.961548,0.684056,-0.0387551,0.212079,-0.0811789,0.000190546,0.187356,-0.0968876,0.0954871,
-0.0194291,0.00865268,-3.64087e-05,-0.0134768,0.0110802,-0.0102832,0.00439956,0.0107461,1.57427e-05,0.00192248,0.0135653,-0.00223831,0.382106,-0.0636725,-0.000113448,0.399226,-0.0832382,0.0145071,1.0009,-0.481195,0.000237144,0.670226,-0.181187,0.0419661,-0.962391,0.848666,-0.00174062,-0.287465,0.106013,-0.0312437,0.00118572,-0.00435155,0.0135166,-0.00112894,0.000187759,0.00019078,0.670226,-0.143733,-0.000225788,1.03135,-0.480993,0.0387524,-0.362373,0.106013,7.51034e-05,-0.961986,0.673997,-0.0465456,0.209831,-0.0781093,0.00019078,0.193762,-0.116364,0.0802812,
-0.0182531,0.00787572,-3.62576e-05,-0.0129469,0.0109321,-0.0102074,0.00368072,0.0111833,1.483e-05,0.00148691,0.013683,-0.00221996,0.387197,-0.0667264,-0.000106874,0.402309,-0.0842596,0.0146423,1.0143,-0.487742,0.000264257,0.680815,-0.18396,0.0414346,-0.975483,0.853796,-0.00177354,-0.299957,0.108756,-0.0299285,0.00132129,-0.00443384,0.0135167,-0.0010597,0.000167246,0.000191052,0.680815,-0.149978,-0.000211939,1.03758,-0.482588,0.0386497,-0.36792,0.108756,6.68984e-05,-0.965176,0.67408,-0.0460747,0.207173,-0.0748213,0.000191052,0.193248,-0.115187,0.0799688,
-0.0170848,0.00708926,-3.60016e-05,-0.0124469,0.01078,-0.0101475,0.00297159,0.0116054,1.38967e-05,0.00104699,0.0138007,-0.00219262,0.392138,-0.0696339,-0.000100256,0.405367,-0.0852199,0.0147189,1.02692,-0.493644,0.00029101,0.691112,-0.186536,0.0407864,-0.987287,0.857934,-0.00180567,-0.311861,0.111247,-0.028528,0.00145505,-0.00451417,0.0135168,-0.000989564,0.000146944,0.000191363,0.691112,-0.15593,-0.000197913,1.04403,-0.48544,0.0370585,-0.373071,0.111247,5.87774e-05,-0.970879,0.684041,-0.0371169,0.203932,-0.07132,0.000191363,0.185292,-0.0927924,0.0953261,
-0.0159124,0.00629253,-5.12127e-05,-0.0119762,0.0106652,-0.0100668,0.00227114,0.0120121,1.85927e-05,0.000603281,0.0139147,-0.00215926,0.396951,-0.072399,-0.000134438,0.408427,-0.0861679,0.0147104,1.03885,-0.498977,0.000456321,0.70118,-0.189033,0.0399394,-0.997954,0.861367,-0.00263996,-0.323193,0.113558,-0.0269838,0.00228161,-0.00659989,0.019423,-0.00131908,0.000180726,0.000274116,0.70118,-0.161597,-0.000263817,1.04988,-0.486542,0.0363784,-0.378065,0.113558,7.22906e-05,-0.973084,0.68318,-0.0358751,0.199697,-0.0674596,0.000274116,0.181892,-0.0896877,0.094968,
-0.0146319,0.00543585,-0.000225606,-0.011469,0.0105445,-0.00998313,0.00183364,0.0121734,8.01015e-05,0.000234897,0.013998,-0.00211193,0.400105,-0.0736182,-0.000577684,0.411011,-0.0869147,0.0145979,1.0402,-0.495564,0.00209883,0.707584,-0.190217,0.038715,-0.991127,0.851847,-0.0118461,-0.327736,0.113585,-0.0249992,0.0104941,-0.0296154,0.0872038,-0.00565138,0.000742591,0.00120821,0.707584,-0.163868,-0.00113028,1.05452,-0.487063,0.0353688,-0.380434,0.113585,0.000297036,-0.974125,0.681698,-0.0342753,0.193575,-0.0624981,0.00120821,0.176844,-0.0856882,0.094476,
-0.00742708,6.17208e-05,-0.00261932,-0.00872417,0.00969418,-0.00978522,0.0146394,0.000126708,0.00412936,0.00394793,0.0126329,-0.0017102,0.323244,-0.000763292,-0.0264864,0.389079,-0.0789376,0.0123193,0.491973,-0.00536241,-0.0780763,0.535755,-0.12949,0.0238284,-0.0107248,0.00965627,-0.00225963,-0.00340668,0.00119193,-0.000272266,-0.390381,-0.00564908,1.44016,-0.281592,0.0768672,0.00642589,0.535755,-0.00170334,-0.0563184,1.00417,-0.467988,0.0294784,-0.25898,0.00119193,0.0307469,-0.935976,0.666285,-0.0292578,0.119142,-0.000680666,0.00642589,0.147392,-0.0731445,0.0923836,
-0.00721979,5.63421e-05,-0.00271791,-0.00866228,0.00974808,-0.00973251,0.0145036,0.000129093,0.0041364,0.00379691,0.012659,-0.00166913,0.324206,-0.000779283,-0.0265014,0.390195,-0.0792528,0.0121718,0.493587,-0.00538486,-0.0777041,0.53785,-0.130033,0.0234727,-0.0107697,0.00965645,-0.00227133,-0.00347224,0.00120321,-0.000258604,-0.38852,-0.00567832,1.43782,-0.281394,0.0762269,0.00712306,0.53785,-0.00173612,-0.0562788,1.00528,-0.467183,0.0281048,-0.260066,0.00120321,0.0304907,-0.934366,0.663448,-0.0270516,0.117364,-0.000646509,0.00712306,0.140524,-0.067629,0.0919154,
-0.00707662,5.33016e-05,-0.0028088,-0.00869662,0.0098395,-0.00967625,0.0143762,0.000130592,0.00413615,0.00365529,0.0126794,-0.00162207,0.325095,-0.000789342,-0.0264764,0.391239,-0.0795109,0.0119556,0.495054,-0.00539996,-0.077241,0.539794,-0.13049,0.0230207,-0.0107999,0.00965655,-0.00227031,-0.00351409,0.0012105,-0.000248604,-0.386205,-0.00567577,1.43523,-0.280675,0.0753647,0.00786761,0.539794,-0.00175705,-0.0561349,1.00598,-0.466024,0.0264322,-0.260981,0.0012105,0.0301459,-0.932048,0.660027,-0.0244445,0.115103,-0.000621511,0.00786761,0.132161,-0.0611113,0.0913544,
-0.00709651,5.23959e-05,-0.00290202,-0.00854321,0.00861023,-0.00662084,0.0142393,0.000131617,0.00412924,0.00353242,0.0125954,-0.00109079,0.326062,-0.000796384,-0.0264121,0.391949,-0.0782521,0.0080099,0.49667,-0.00541177,-0.0767032,0.541105,-0.128108,0.0154487,-0.0108235,0.00965663,-0.00226145,-0.0035359,0.00118685,-0.000165813,-0.383516,-0.00565362,1.43254,-0.279936,0.0760129,0.00594677,0.541105,-0.00176795,-0.0559872,1.01374,-0.49176,0.0214893,-0.256217,0.00118685,0.0304051,-0.983521,0.863147,-0.057551,0.0772434,-0.000414532,0.00594677,0.107447,-0.143877,1.32095,
-0.00693091,5.13037e-05,-0.00296986,-0.00897577,0.0101028,-0.00955504,0.0141367,0.000132142,0.00412079,0.00339321,0.0127057,-0.00151468,0.326731,-0.00079979,-0.0263501,0.393164,-0.0798855,0.0113662,0.497714,-0.00541812,-0.0761754,0.543357,-0.131189,0.0218927,-0.0108362,0.00965667,-0.00224708,-0.00355915,0.0012185,-0.00023438,-0.380877,-0.0056177,1.4298,-0.278181,0.0731762,0.00942264,0.543357,-0.00177957,-0.0556361,1.00641,-0.4628,0.0224433,-0.262379,0.0012185,0.0292705,-0.9256,0.651486,-0.0184827,0.109464,-0.000585949,0.00942264,0.112216,-0.0462068,0.0897698,
-0.00690268,5.1404e-05,-0.003043,-0.0091828,0.0102583,-0.00948789,0.0140214,0.000132556,0.00410805,0.00327055,0.0127118,-0.00145545,0.327509,-0.000802614,-0.0262607,0.394068,-0.0800136,0.0110134,0.498969,-0.00542419,-0.0756053,0.545026,-0.131446,0.0212423,-0.0108484,0.00965671,-0.00222998,-0.00357202,0.00122076,-0.000228538,-0.378026,-0.00557495,1.42708,-0.276555,0.0719132,0.0102085,0.545026,-0.00178601,-0.055311,1.00621,-0.460801,0.020217,-0.262893,0.00122076,0.0287653,-0.921601,0.646447,-0.0152679,0.106211,-0.000571344,0.0102085,0.101085,-0.0381697,0.088678,
-0.00689387,5.18589e-05,-0.00311248,-0.00941904,0.0104215,-0.00941438,0.0139077,0.000132869,0.00409291,0.00315285,0.0127134,-0.00139273,0.328272,-0.000804766,-0.0261587,0.394938,-0.0801044,0.0106286,0.500199,-0.0054294,-0.0750239,0.546634,-0.131644,0.020542,-0.0108588,0.00965674,-0.00221135,-0.00358212,0.00122236,-0.000222863,-0.375119,-0.00552836,1.42441,-0.27474,0.0705675,0.0109881,0.546634,-0.00179106,-0.0549479,1.00576,-0.458638,0.0178434,-0.263287,0.00122236,0.028227,-0.917277,0.641459,-0.011765,0.10271,-0.000557157,0.0109881,0.0892171,-0.0294126,0.0880547,
-0.00689937,5.25005e-05,-0.00317892,-0.0096764,0.0105896,-0.00933481,0.0137955,0.000133139,0.00407583,0.00304011,0.0127103,-0.00132707,0.329023,-0.000806622,-0.0260465,0.395774,-0.0801601,0.0102175,0.501411,-0.00543419,-0.0744373,0.548184,-0.131784,0.0197999,-0.0108684,0.00965677,-0.00219212,-0.00359088,0.00122351,-0.000217102,-0.372187,-0.0054803,1.42179,-0.272766,0.0691523,0.0117559,0.548184,-0.00179544,-0.0545531,1.00508,-0.456321,0.0153528,-0.263568,0.00122351,0.0276609,-0.912642,0.636485,-0.00803299,0.0989996,-0.000542756,0.0117559,0.0767642,-0.0200825,0.0878416,
-0.00691569,5.32207e-05,-0.00324279,-0.00994929,0.0107609,-0.00924962,0.0136845,0.000133402,0.00405713,0.00293249,0.0127028,-0.00125892,0.329764,-0.00080841,-0.0259257,0.396577,-0.0801817,0.00978443,0.502609,-0.00543885,-0.0738495,0.549675,-0.131868,0.0190225,-0.0108777,0.00965681,-0.00217294,-0.00359917,0.00122431,-0.000211105,-0.369247,-0.00543234,1.41925,-0.270655,0.0676766,0.0125078,0.549675,-0.00179959,-0.0541309,1.00417,-0.453835,0.0127752,-0.263737,0.00122431,0.0270706,-0.90767,0.631373,-0.0041634,0.0951124,-0.000527763,0.0125078,0.0638762,-0.0104085,0.0878258,
