3.141592653589793,1.0,0.0,0.0,
3.1415907608523126,1.0000744066593408,-0.0004731843701767449,0.01860166483519796,
3.141572716983754,1.0002517678198222,-0.004510967139606397,0.04434029012034042,
3.1415248313929163,1.00055950958314,-0.011971397709486433,0.07693544082948842,
3.1414339429142455,1.0010240154122065,-0.022722119667657553,0.11612645726661401,
3.1412873897807674,1.001670688427326,-0.03663828336950374,0.16166825377990943,
3.141072986667079,1.0025239994756066,-0.05360077842210006,0.21332776207012424,
3.14077900775214,1.0036075230917016,-0.07349472873475177,0.27088090402380044,
3.140394174928171,1.0049439631135642,-0.09620820599216413,0.33411000546563374,
3.1399076504183463,1.00655516944309,-0.12163112745620834,0.4028015823814602,
3.139309033171501,1.008462147229589,-0.14965431171137325,0.4767444466246986,
3.138588358483841,1.0106850595897603,-0.18016867191497268,0.5557280900428143,
3.1377361003609843,1.0132432248505026,-0.2130645307142497,0.6395413151855435,
3.136743176182768,1.0161551092020866,-0.24823104455409012,0.7279710878960383,
3.1356009532713873,1.0194383155724442,-0.28555572784518346,0.8208015925894049,
3.1343012569931514,1.0231095694733368,-0.32492406955892994,0.917813475223124,
3.1328363800476087,1.0271847025217713,-0.3662192363857173,1.0187832621086337,
3.1311990926166877,1.0316786343017295,-0.4093218577302507,1.1234829449895345,
3.1293826530623168,1.0366053531991808,-0.45410988859276435,1.2316797243628552,
3.1273808188749017,1.041977896815011,-0.500458546853819,1.3431359039575685,
3.125187857588147,1.0478083325338148,-0.5482403216886829,1.4576089297009445,
3.122798557388852,1.0541077387997209,-0.5973250498238191,1.5748515664765452,
3.1202082371642583,1.0608861876220381,-0.6475800561483761,1.6946122055792978,
3.117412755744891,1.0681527288023247,-0.6988703548418711,1.816635295071618,
3.1144085201180487,1.0759153763395664,-0.7510589067105253,1.9406618843104004,
3.1111924924065466,1.0841810974308508,-0.8040069278755422,2.06643027282111,
3.1077621954290815,1.0929558044409344,-0.8575742443662855,2.193676752520921,
3.104115716682754,1.1022443501654218,-0.9116196865818336,2.3221364311218133,
3.1002517106145944,1.1120505266592822,-0.9660015170399431,2.4515441234651094,
3.0961693990770813,1.1223770678458478,-1.02057788437828,2.581635296641377,
3.091868569892068,1.1332256560623384,-1.0752072962532924,2.712147054122651,
3.087349573477516,1.1445969326377734,-1.129749103638041,2.842819143858758,
3.0826133175211736,1.1564905125395084,-1.1840639890855331,2.9733949754337434,
3.0776612597138864,1.1689050030674615,-1.2380144518218221,3.10362263198824,
3.0724953985815993,1.1818380265222848,-1.2914652830717255,3.2332558637058213,
3.06711826247844,1.195286246727152,-1.3442840257898274,3.3620550512167626,
3.061532896822681,1.2092453992440713,-1.3963414139397243,3.489788129229869,
3.055742849672352,1.223710325095898,-1.4475117875822987,3.6162314629566823,
3.0497521557474516,1.2386750077850772,-1.4976734812251422,3.741170672294806,
3.0435653190112224,1.2541326133894906,-1.5467091840573022,3.864401401103345,
3.037187293924257,1.2700755335135876,-1.594506271741439,3.985730031024285,
3.0306234654832576,1.2864954308774297,-1.6409571102497944,4.104974340960518,
3.0238796281524283,1.3033832873346562,-1.685959332707268,4.22196411430663,
3.016961963791394,1.3207294541193375,-1.7294160902585762,4.336541696170325,
3.0098770186811903,1.3385237041273677,-1.7712362775509725,4.448562502007556,
3.002631679751167,1.3567552860365428,-1.8113347325057858,4.557895477293819,
2.995233150116443,1.3754129800571198,-1.8496324086809155,4.664423505144244,
2.987688924049232,1.3944851550786102,-1.886056516802756,4.768043755372621,
2.9800067615287,1.4139598269372722,-1.9205406301330825,4.868667964665485,
2.9721946625428783,1.433824717472385,-1.9530247464554336,4.966222633778206,
2.9642608413513543,1.4540673139702167,-1.983455297881068,5.060649124457894,
2.956213700956678,1.4746749285171008,-2.011785098669111,5.151903636721009,
2.9480618080722913,1.495634756703863,-2.037973221096643,5.239957046690538,
2.9398138689110414,1.5169339350512383,-2.0619847903124766,5.324794586843813,
2.931478706146329,1.5385595964690937,-2.083790691178045,5.406415354463833,
2.9230652374130295,1.5604989230302642,-2.1033671833249046,5.484831640292619,
2.9145824557135134,1.5827391953403949,-2.120695424879062,5.56006807753267,
2.9060394120726616,1.6052678378237006,-2.135760910212924,5.632160620826437,
2.897445200743599,1.6280724593230145,-2.148552832265625,5.7011553748284856,
2.8888089472038616,1.651140888529025,-2.159063384934364,5.76710730150267,
2.8801397991027025,1.6744612039024114,-2.167287025289766,5.8300788433466,
2.8714469202288067,1.6980217579244379,-2.1732197184739697,5.890138505506629,
2.8627394874696668,1.7218111956947098,-2.176858189784984,5.947359442567993,
2.8540266906357625,1.7458184680761792,-2.1781992084760473,6.001818095367396,
2.8453177349308763,1.7700328397542064,-2.1772389262215586,6.053592919506804,
2.8366218457700474,1.7944438927170372,-2.1739722902071854,6.102763240707704,
2.8279482755831737,1.8190415257705284,-2.168392546718459,6.149408263372774,
2.819306312197753,1.843815950764723,-2.1604908463552155,6.1936062485486465,
2.8107052883695123,1.86875768623204,-2.1502559570602493,6.23543386682928,
2.8021545920235718,1.893857549118087,-2.137674086485122,6.274965721511727,
2.793663676778632,1.919106645231339,-2.122728811235027,6.312274028313012,
2.7852420723484044,1.9444963589545192,-2.1054011075568777,6.347428430795079,
2.776899394443353,1.9700183426573719,-2.085669476262896,6.380495925713187,
2.7686453538265825,1.995664506137151,-2.063510154192601,6.411540869944763,
2.760489764205522,2.0214270062986763,-2.038897405265131,6.440625040381346,
2.752442548661466,2.047298237178239,-2.0118038860140475,6.467807719890597,
2.744513744328647,2.073270820321256,-1.9822010832046346,6.493145785754286,
2.7367135050308855,2.0993375954467077,-1.9500598244403633,6.5166937813628545,
2.729052101565734,2.1254916112742723,-1.9153508662878962,6.53850395689114,
2.721539919293261,2.1517261163532124,-1.878045568118196,6.55862626973503,
2.7141874526399246,2.178034549714361,-1.8381166633340555,6.577108340287102,
2.7070052960690107,2.2044105311660194,-1.7955391427284808,6.593995362914616,
2.7000041310001097,2.2308478510685554,-1.7502912672252513,6.609329975634061,
2.6931947080839236,2.2573404594481965,-1.7023557290465599,6.62315209491025,
2.686587824158758,2.2838824543452945,-1.6517209812914222,6.635498724274457,
2.6801942931354246,2.310468069333777,-1.598382755833403,6.646403747120646,
2.674024909982791,2.337091660194437,-1.5423457881583995,6.655897715164962,
2.6680904069227713,2.3637476907730943,-1.4836257650049185,6.664007644664358,
2.6624014008983345,2.390430718103228,-1.4222515061091743,6.670756832533327,
2.6569683313599977,2.41713537691849,-1.3582673845841677,6.676164703815489,
2.651801387436042,2.4438563637195747,-1.2917359809888638,6.680246700271249,
2.646910423622336,2.470588420586375,-1.2227409534266127,6.683014216700021,
2.642304863264386,2.497326318932149,-1.1513900894874984,6.684474586443481,
2.637993589324403,2.5240648433705606,-1.0778184849957884,6.684631109602905,
2.633984822248586,2.550798775794799,-1.0021917689542097,6.683483106059604,
2.6302859851939138,2.577522879633392,-0.9247092636680808,6.6810259596482835,
2.626903557457535,2.604231884030315,-0.8456069340947693,6.677251099230781,
2.6238429176897253,2.6309204673776883,-0.7651599419524134,6.6721458368432485,
2.6211081793702022,2.657583239190736,-0.6836845798807596,6.6656929532618605,
2.618702022082326,2.6842147187478154,-0.6015393219690113,6.657869889269868,
2.616625523307812,2.7108093082297393,-0.5191246936284958,6.6486473704810125,
2.6148779967397777,2.737361257313887,-0.43688164200858787,6.637987271036948,
2.6134568443982915,2.763864615377321,-0.3552880853715953,6.62583951585849,
2.612357431019449,2.7903131667536765,-0.27485334471068296,6.612137844088832,
2.6115729901292757,2.816700344039465,-0.19611022254325103,6.596794321447055,
2.6110945717271905,2.8430191144782606,-0.1196046005212774,6.579692609698916,
2.61091104138842,2.869261835225309,-0.04588258469257403,6.560680186762196,
2.611009139649191,2.8954200750707426,0.024524565192791937,6.539559961358407,
2.611373608596171,2.921484403176083,0.09111723674504166,6.51608202633509,
2.611987389556789,2.947444149608275,0.15344524015451955,6.489936608047999,
2.6128318917264926,2.9732871477458,0.2111255424258974,6.460749534381215,
2.6138873266980784,2.998999474463569,0.2638587428964268,6.428081679442149,
2.6151330986038896,3.024565209505319,0.31144297645283936,6.391433760437479,
2.6165482345521847,3.0499662394728495,0.3537839870737799,6.3502574918826475,
2.6181118359457014,3.0751821331727314,0.3909003483791535,6.303973424970464,
2.619803528792643,3.100190112677779,0.42292321173540465,6.251994876261906,
2.6216038907388057,3.1249651380020014,0.4500904865406441,6.1937563310555905,
2.62349483439964,3.149480113254873,0.4727359152085295,6.128743813217901,
2.6254599303737467,3.173706209966566,0.49127399352660983,6.0565241779232055,
2.627484658431722,3.1976132910677943,0.5061820144937782,5.9767702753071035,
2.6295565809542327,3.221170409023072,0.5179806306276573,5.889279488819509,
2.6316654379225417,3.244346345638597,0.5272142420772497,5.79398415388121,
2.6338031670469304,3.2671101599217507,0.5344322810971472,5.69095357078837,
2.6359638556800826,3.289431713761655,0.5401721582880256,5.580388459976131,
2.638143633035357,3.3112821519074207,0.5449443388185605,5.462609536441446,
2.6403405121456283,3.332634321043634,0.5492197775678268,5.338042284053291,
2.6425541912558184,3.3534631210284505,0.5534197775474917,5.207199996204101,
2.644785824202718,3.3737457883034745,0.557908236724911,5.0706668187559725,
2.6470377689732176,3.3934621164214085,0.5629861926249948,4.929082029483501,
2.6493133231334407,3.412594621435812,0.5688885400557259,4.783126253600936,
2.6516164542148717,3.431128660828335,0.5757827703576913,4.633509848130691,
2.6539515324332363,3.4490525141967887,0.5837695545911208,4.480963342113423,
2.6563230723056352,3.466357432625558,0.5928849680997286,4.326229607192345,
2.6587354888368444,3.4830376619805157,0.6031041328023196,4.170057338739449,
2.6611928729942487,3.4990904436722223,0.614346039351071,4.013195422926662,
2.663698790216868,3.5145159949476756,0.6264793056548384,3.856387818863337,
2.66625610474213,3.5293174696266036,0.6393286313153976,3.700368669732043,
2.6688668316148583,3.543500899433676,0.6526817181820828,3.545857451768098,
2.6715320173900445,3.5570751156762133,0.6662964437965143,3.393554060634348,
2.674251649770685,3.570051650926892,0.6799080951601838,3.244133812669607,
2.677024595744261,3.5824446205247487,0.6932364933938876,3.098242399464181,
2.67984856720091,3.5942705840334606,0.7059928641623135,2.9564908771779406,
2.682720112533727,3.6055483872252996,0.7178863332042499,2.8194507979597456,
2.6856346323343923,3.61629898563329,0.7286299501663387,2.687649601997622,
2.688586417000686,3.6265452511854064,0.7379461665734195,2.561566388029097,
2.6915687038594185,3.636311763868146,0.7455717146831845,2.4416281706849343,
2.69457375127051,3.645624590739426,0.7512618527728419,2.328206717819945,
2.697592927105774,3.654511054909936,0.7547939588160146,2.22161604262748,
2.700616808979373,3.662999497333681,0.7559704683997248,2.1221106059362267,
2.7036352936359265,3.6711190343942297,0.7546211641383669,2.029884265137185,
2.706637712967774,3.678899314348496,0.7506048329618473,1.945069988566592,
2.7096129542270737,3.6863702757013983,0.7438103148249119,1.8677403382255733,
2.712549582115204,3.6935619105389663,0.7341569720326249,1.79790870939203,
2.7154359605670577,3.700504035749639,0.7215946129633688,1.7355313026681685,
2.718260372198758,3.7072260749172847,0.706102907925034,1.6805097919114476,
2.7210111335529406,3.713756853477163,0.6876903385456238,1.632694639969488,
2.723676704455721,3.7201244094890886,0.6663927256951704,1.5918890029814945,
2.726245789993874,3.7263558221019863,0.6422713845381609,1.5578531532244042,
2.728707433829323,3.732477059463135,0.6154109588622867,1.5303093402871486,
2.7310511017898857,3.7385128474677276,0.585916990140681,1.5089470011480741,
2.7332667549082816,3.744486560355837,0.5539132795989471,1.4934282220273971,
2.735344911322572,3.750420133752858,0.5195391035726623,1.4833933492552744,
2.737276696695997,3.7563340003263486,0.4829463433561957,1.4784666433725917,
2.739053883057211,3.762247047809144,0.4442965903034948,1.4782618706988566,
2.7406689161970794,3.768176598728862,0.4037582849671021,1.4823877299294617,
2.742114931978983,3.774138410800974,0.3615039454758354,1.4904530180279307,
2.7433857621197513,3.7801466965993615,0.3177075351921489,1.5020714495969427,
2.744475930172197,3.786214160826007,0.27254201311142034,1.516866056661386,
2.745380638583105,3.7923520532691937,0.22617710272699915,1.5344731107967218,
2.7460957478092265,3.7985702353734134,0.1787773065303218,1.5545455260549315,
2.7466177485465937,3.804877258246843,0.13050018434181104,1.576755718357369,
2.7469437281653586,3.811280449903237,0.08149490469127779,1.6007979140985584,
2.7470713324448988,3.8177860095706233,0.031901069885032926,1.6263899168466485,
2.7469987236751443,3.8243991069928414,-0.018152192438586668,1.6532743555544818,
2.7467245361340438,3.8311239847931815,-0.06854688527511925,1.6812194500850028,
2.746247829872651,3.837964062152231,-0.11917656534820517,1.7100193397623862,
2.745568043643758,3.8449220382639475,-0.16994655722322702,1.7394940279291713,
2.7446849477025896,3.8519999942645,-0.22077398529205558,1.7694890001380235,
2.7435985970938583,3.8591994925677042,-0.2715876521828744,1.7998745758011292,
2.7423092859229876,3.866521672780267,-0.32232779271768774,1.8305450531407328,
2.7408175029944255,3.8739673436022097,-0.37294573214054755,1.8614177054856773,
2.7391238890897873,3.881537070337142,-0.4234034761595199,1.8924316837330701,
2.7372291960554738,3.8892312578392922,-0.473673258578404,1.9235468755375371,
2.73513424777497,3.8970502289068008,-0.5237370701260136,1.9547427668770843,
2.732839903016212,3.90499429829243,-0.5735861896895291,1.9860173464073756,
2.7303470200695386,3.913063842643374,-0.6232207366683472,2.0173860877359577,
2.7276564230267253,3.9212593668019653,-0.6726492607032857,2.0488810396478594,
2.7247688694959535,3.9295815670002066,-0.7218883826929878,2.080550049560295,
2.721685019500557,3.9380313915649676,-0.7709624988491113,2.1124561411902456,
2.718405405270134,3.9466100998195732,-0.8199035576057433,2.144677063651409,
2.7149304016001,3.9553193199235137,-0.8687509175085013,2.1773050259850746,
2.711260196429014,3.9641611064373974,-0.917551292771459,2.2104466284708737,
2.7073947612610136,3.9731379984371324,-0.9663587920001118,2.2442229999337298,
2.703333821042525,3.9822530790316204,-1.0152350546221847,2.2787701486219665,
2.6990768230872226,3.9915100371637307,-1.0642494888255611,2.3142395330275782,
2.694622904630221,4.000913232596513,-1.1134796142505012,2.350798858195602,
2.6899708585810362,4.010467765006772,-1.1630115122961566,2.3886331025647,
2.685119097034428,4.0201795481273015,-1.2129403866520825,2.4279457801324824,
2.680065612088323,4.030055389898032,-1.2633712365261522,2.4689604426825316,
2.674807933508396,4.040103079605547,-1.3144196449817551,2.511922426878846,
2.669343082769242,4.050331483010175,-1.3662126847883709,2.5571008511570037,
2.663667522992455,4.060750646479948,-1.4188899441968552,2.6047908674433042,
2.657777104292311,4.071371911170858,-1.4726046750359076,2.655316172727473,
2.6516670040305286,4.08220803831207,-1.5275250654456498,2.7090317853028556,
2.6453316614730618,4.093273346671889,-1.583835639366705,2.7663270899549564,
2.6387647063349498,4.104583863293443,-1.6417387845279512,2.8276291553884136,
2.6319588806947456,4.116157488595732,-1.701456410051038,2.893406325572387,
2.6249059537594284,4.128014176932787,-1.763231733829286,2.9641720842636343,
2.61759662896566,4.140176133686832,-1.8273311984421674,3.0404891885112804,
2.6100204429159892,4.152668029935625,-1.8940465124176935,3.122974062198271,
2.6021656556719064,4.165517235672974,-1.963696811020717,3.2123014343373706,
2.594019131962797,4.178754072467324,-2.036630927277378,3.309209198587556,
2.5855662129248604,4.192412086307074,-2.113229759484184,3.414503459937632,
2.576790578061554,4.206528341192484,-2.1939087158266175,3.5290637213523484,
2.567674097222439,4.221143733780609,-2.279120209778852,3.653848147031299,
2.55819667253638,4.236303329058448,-2.369356171514669,3.789898819459694,
2.548336070414414,4.252056716595868,-2.4651505304915178,3.938346884354892,
2.5380677439641555,4.26845838639881,-2.5670816125645497,4.100417450735424,
2.527364646438699,4.285568122729021,-2.6757743813640755,4.277434082552895,
2.5161970366860644,4.303451413463391,-2.7919024381586475,4.470822683592632,
2.504532277978397,4.322179871617805,-2.9161896769169013,4.682114538603386,
2.4923346320923567,4.3418316645400346,-3.0494114715100302,4.91294823055744,
2.479565051095052,4.362491944962439,-3.1923952493261125,5.165070105601133,
2.4661809699806523,4.384253276567339,-3.3460202786000193,5.440332901224863,
2.452136104129909,4.407216044904537,-3.511216462685834,5.740692084299444,
2.437380256577855,4.431488842319769,-3.6889618880134933,6.068199353808048,
2.421859141361575,4.457188812839174,-3.880278804070017,6.424992629851297,
2.405514230933675,4.484441939412573,-4.0862276069749495,6.813281643349686,
2.3882826380323565,4.5133832510307945,-4.307898225329613,7.235327904555371,
2.3700970459443287,4.544156920114368,-4.546398022006963,7.693417270893362,
2.350885706532734,4.576916209730687,-4.802834852898686,8.189822404079653,
2.330572533973388,4.611823213148382,-5.078293139836493,8.726750854423797,
2.309077335902835,4.649048300866691,-5.373799517638165,9.306271929577443,
2.286316246017015,4.688769145770137,-5.690272471455021,9.930211225861454,
2.2622024586618688,4.7311691242274225,-6.028446838786602,10.599994614321458,
2.2366474258848235,4.77643477119133,-6.388758194261365,11.316411740976907,
2.2095627760810843,4.82475176993258,-6.771162450934736,12.079249685312446,
2.180863375786381,4.876298631777234,-7.174850073675749,12.886715461163575,
2.1504722214446974,4.931236689714734,-7.5977885854209335,13.734514484375094,
2.118328268999213,4.9896941860434305,-8.035988111371113,14.614374082173928,
2.084398918684463,5.051741012761578,-8.482337578687595,15.511706679536967,
2.0486994787046227,5.117349448520858,-8.924859994960038,16.402108939819954,
2.0113211044843684,5.186337892582988,-9.344593555063542,17.24711101553254,
1.9724590449911812,5.258313955686965,-9.715514873296797,17.99401577599443,
1.9323820267013117,5.332735414120634,-10.019254572467357,18.6053646084172,
1.8911090430615103,5.409557182755859,-10.318245909950345,19.205442158806104,
1.8475747364355686,5.490903333501542,-10.883576656485417,20.336537686420904,
1.7997586096996092,5.580812452354608,-11.954031683989854,22.477279713266338,
1.746479699998868,5.681646633037459,-13.319727425185283,25.208545170712654,
1.688181349574467,5.792514228431219,-14.574587606100266,27.716898848440213,
1.6259880128142166,5.911151153894271,-15.548334190062647,29.65923136576291,
1.5603833739434545,6.036565956349905,-16.401159717690536,31.35370061390849,
1.491924463838546,6.167613198882248,-17.114727526227107,32.76181063308578,
1.4222239963990657,6.301027822374172,-17.4251168598701,33.353655872981,
1.3540059761617844,6.431314757744882,-17.05450505932035,32.57173384267769,
1.290078174056938,6.552809815539017,-15.981950526211575,30.373764448533496,
1.2322140187413613,6.661924017992001,-14.466038828894163,27.278550613246082,
1.1810204041230359,6.757412685568772,-12.79840365458133,23.872166894192727,
1.136425947390309,6.8393992442310765,-11.148614183181692,20.496639665576062,
1.098120930994866,6.9084938940329375,-9.576254098860767,17.27366245046529,
1.0657834743996166,6.965339849317232,-8.084364148812375,14.211488821073567,
1.0391665089733493,7.010438412224825,-6.654241356566843,11.274640726898134,
1.0181230548820386,7.044097751115978,-5.260863522827648,8.414834722788306,
1.0026102293963512,7.0664243199129055,-3.8782063714218467,5.581642199231925,
0.9926892963238726,7.0773221355845,-2.480233268119673,2.724453917898654,
0.9885288962519525,7.076485518194198,-1.040100017980018,-0.20915434757552154,
0.9904149186156138,7.063378287187607,0.4715055909153403,-3.276807751647615,
0.9987696237712889,7.0371941280439545,2.0886762889187733,-6.54603978591327,
1.0141829568400664,6.996792170499396,3.853333267194398,-10.100489386139682,
1.0374595214207947,6.940600730188129,5.819141145182076,-14.047860077816626,
1.0696834473927477,6.866484544274559,8.055981492988277,-18.529046478392633,
1.1122938166629912,6.771589792795351,10.652592317560906,-23.723687869802053,
1.1671235834412226,6.652260327821383,13.707441694557835,-29.832366243491894,
1.2362225520928567,6.50438280390972,17.27474216290854,-36.9693809779159,
1.320960939614693,6.325166220207249,21.184596880459086,-44.804145925617576,
1.4197573512755413,6.117668494169781,24.69910291521205,-51.87443150936719,
1.5261640926975473,5.894612118934578,26.601685355501523,-55.76409380880056,
1.6324721785239482,5.671183080228736,26.577021456600256,-55.85725967646069,
1.734740235345404,5.4550022918203105,25.56701420536394,-54.04519710210634,
1.8318117602950126,5.248100163390753,24.267881237402133,-51.72553210738935,
1.9232119316469463,5.051110894998578,22.850042837983434,-49.247317098043894,
2.0091834564167024,4.863187681072929,21.49288119243899,-46.98080348141232,
2.0905248338559397,4.682302226828206,20.335344359809337,-45.221363561180716,
2.1676192735694886,4.507149642606532,19.27360992838726,-43.78814605541867,
2.240025490405747,4.337940540203531,18.101554209064528,-42.30227560075008,
2.307696492377634,4.1739631837008835,16.917750492971827,-40.99433912566206,
2.370712389506584,4.01409591519291,15.75397428223744,-39.96681712699345,
2.429476631486679,3.85642194804183,14.691060495023732,-39.41849178777006,
2.484470858714039,3.698779867520282,13.748556806839979,-39.41052013038705,
2.5362916809133047,3.5389379659420888,12.955205549816425,-39.960475394548254,
2.5857852894250493,3.374945730260391,12.373402127936103,-40.998058920424384,
2.6315673809129536,3.2112406398777247,11.445522871976083,-40.926272595666646,
2.6751677837569208,3.049246694932907,10.900100710991836,-40.498486236204464,
2.72037807058982,2.887241083043608,11.302571708224805,-40.50140297232476,
2.7705186807830464,2.7233463428581235,12.535152548306575,-40.973685046371116,
2.8275750037369787,2.555759167529561,14.26408073848311,-41.89679383214065,
2.8924123253694054,2.382592689876258,16.20933040810664,-43.291619413325684,
2.9654733139605396,2.201593174727525,18.265247147783587,-45.24987878718338,
3.0474332830462494,2.0097420983772123,20.489992271427482,-47.962769087578096,
3.1397058808710048,1.802693839973715,23.068149456188888,-51.762064600874346,
3.244894451867523,1.5740049919374242,26.297142749129527,-57.172212009072666,
3.3672546106662464,1.3141945900770848,30.59003969968092,-64.95260046508481,
3.5132398614645535,1.0095850408069988,36.4963126995768,-76.15238731752152,
3.6927896893465553,0.639639898818217,44.88745697050044,-92.48628549719544,
3.9201640151073565,0.17519414114625081,56.843581440200346,-116.11143941799155,
4.183376660193111,-0.36054811900422307,65.80316127143864,-133.93556503761846,
4.38895317976469,-0.7816321577017101,51.39412989289475,-105.27100967437177,
4.553759998528787,-1.1224573417812453,41.20170469102414,-85.20629601988382,
4.694482203557336,-1.4169051467696392,35.18055125713736,-73.61195124709845,
4.814391588077006,-1.672100923024784,29.977346129917596,-63.798944063786244,
4.921889450170796,-1.9054686303805264,26.874465523447306,-58.34192683893557,
5.021082177006813,-2.12607707527958,24.79818170900421,-55.15211122476338,
5.11386674100457,-2.338852183616128,23.196140999439358,-53.19377708413699,
5.201217619511471,-2.547094298111116,21.83771962672525,-52.060528623747075,
5.283817371451596,-2.753407012758349,20.649937985031084,-51.57817866180829,
5.362772089851627,-2.9601564271712215,19.738679600007902,-51.687353603218114,
5.440605679342001,-3.169769036660243,19.458397372593517,-52.403152372255356,
5.521700981375303,-3.384896206656917,20.273825508325537,-53.78179249916852,
5.610710864547957,-3.6082929969684288,22.25247079316343,-55.849197577878016,
5.710284682776304,-3.842523621489942,24.893454557086663,-58.55765613037834,
5.821237276526645,-4.090314781407189,27.73814843758542,-61.94778997931176,
5.9443244914587146,-4.355574597287577,30.771803733017297,-66.31495397009701,
6.081545926048921,-4.644439484841026,34.305358647551635,-72.21622188836237,
6.237046505577185,-4.966742259992494,38.875144882065904,-80.575693787867,
6.4184495074466135,-5.338797317503575,45.35075046735726,-93.01376437777019,
6.641131086750365,-5.792145981518136,55.67039482593791,-113.33716600364023,
6.966686391976148,-6.450740664408272,81.38882630644562,-164.64867072253404,
7.272834811436325,-7.071005228875686,76.53710486504434,-155.06614111685334,
7.463777777140339,-7.462582455257076,47.73574142600366,-97.89430659534756,
7.621567153257135,-7.790015979742826,39.447344029198916,-81.85838112143757,
7.761547254701835,-8.084762391624324,34.995025361174974,-73.68660297037451,
7.890223117871703,-8.360940508177254,32.168965792467034,-69.04452913823253,
8.011007335736933,-8.626945151379816,30.196054466307476,-66.50116080064068,
8.125920851931133,-8.888847065440045,28.7283790485498,-65.47547851505698,
8.236520614855566,-9.151566215303392,27.649940731108238,-65.67978746583692,
8.345241393292648,-9.418906458798817,27.180194609270522,-66.83506087385655,
8.457259935235715,-9.693452326500047,28.004635485767025,-68.63646692530735,
8.579008965754422,-9.977725240644777,30.437257629676953,-71.06822853618219,
8.713768235579996,-10.275538244200408,33.68981745639336,-74.4532508889079,
8.862939962752082,-10.592869371216414,37.292931793021225,-79.33278175400139,
9.029463777743493,-10.939083070289945,41.63095374785268,-86.5534247683827,
9.219833529312169,-11.32947856221839,47.592437892169,-97.59887298211092,
9.446811918956078,-11.791002764822746,56.74459741097738,-115.38105065108914,
9.751464295036135,-12.406779922261668,76.16309402001413,-153.94428935973065,
10.119772152381731,-13.14966546021828,92.07696433639931,-185.72138448915283,
10.32958134390781,-13.576509453902341,52.45229788151973,-106.71099842101545,
10.493174977385749,-13.912205368981947,40.89840836948489,-83.92397876990172,
10.633977922612909,-14.204005638143661,35.20073630679006,-72.95006729042846,
10.761099982244508,-14.470683154366034,31.78051490789958,-66.66937905559317,
10.879075131189127,-14.722070789120895,29.49378723615473,-62.84690868871539,
10.990451962611068,-14.96428615180517,27.84420785548517,-60.55384067106886,
11.096738490369402,-15.201541686398299,26.571631939583366,-59.31388364828188,
11.198963367209657,-15.436744965630385,25.556219210064004,-58.800819808021444,
11.298540916869229,-15.671781939152478,24.894387414892957,-58.759243380523024,
11.39833145921837,-15.908057962470473,24.94763558728553,-59.069005829498785,
11.501904308402585,-16.146941109928566,25.893212296053466,-59.720786864523284,
11.61125577905595,-16.389818662699177,27.33786766334121,-60.719388192652815,
11.726602353577617,-16.63804931769998,28.83664363041652,-62.05766375020072,
11.847574533649837,-16.892821821738835,30.243045018055295,-63.69312600971368,
11.97368045568501,-17.154746405693082,31.526480508792922,-65.48114598856215,
12.104759715361238,-17.42458618228538,32.769814919057325,-67.45994414807515,
12.245137605954897,-17.711703930390414,35.09447264841476,-71.77943702625774,
12.395539151781655,-18.017993438515447,37.6003864566894,-76.57237703125833,
12.558228832241662,-18.348315982561328,40.67242011500162,-82.58063601147063,
12.725291004343752,-18.687096227299893,41.76554302552266,-84.69506118464174,
12.863927096754491,-18.968943710857133,34.65902310268446,-70.46187088930958,
12.952170216643442,-19.150071852009575,22.060779972237757,-45.282035288110364,
12.996300621603172,-19.243085629485464,11.032601239932625,-23.25344436897226,
13.004603699153918,-19.264526194644947,2.0757693876866314,-5.360141289871094,
12.975371012289855,-19.210911292600173,-7.308171716015936,13.403725511193187,
12.904081273059093,-19.07312547628346,-17.82243480769036,34.44645407917746,
12.78756675290792,-18.844796937375694,-29.128630037793233,57.08213472694193,
12.633385544417203,-18.54110597503868,-38.54530212267951,75.92274058425382,
12.469806994421527,-18.218801749074526,-40.89463749891937,80.57605649103863,
12.317371873742289,-17.919227709490965,-38.108780169809556,74.89350989588988,
12.17777003269895,-17.64598973923548,-34.90046026083481,68.30949256387122,
12.048005293665675,-17.393325932097397,-32.44118475831864,63.16595178452012,
11.925171779847778,-17.155703076199647,-30.708378454473973,59.40571397443781,
11.807072304012657,-16.929087012382904,-29.52486895878029,56.65401595418587,
11.692219314279376,-16.71097384019041,-28.71324743332007,54.52829304812417,
11.579864749731994,-16.500460820235126,-28.088641136845133,52.628254988820544,
11.470099725020335,-16.298388589811438,-27.441256177914887,50.518057605922486,
11.363996526493764,-16.107400314343316,-26.52579963164246,47.747068867030904,
11.260465264236842,-15.925173303160687,-25.882815564230725,45.55675279565718,
11.156879954381072,-15.745280349644835,-25.896327463942722,44.97323837896292,
11.05413156215012,-15.56726541494092,-25.68709805773812,44.50373367597863,
10.953648030532657,-15.39142191792255,-25.120882904365736,43.960874254592426,
10.852438565263215,-15.21017137706217,-25.302366317360452,45.312635215094915,
10.74872883869061,-15.019564958924573,-25.927431643151372,47.651604534399596,
10.642480276692972,-14.819987572945957,-26.562140499409463,49.89434649465385,
10.533368182590525,-14.611625470927772,-27.278023525611477,52.09052550454633,
10.420956250644632,-14.394412358049307,-28.102982986473346,54.30327821961609,
10.304645986814576,-14.167787621798672,-29.077565957514132,56.65618406265874,
10.18184394231609,-13.92702345320885,-30.700511124621446,60.19104214745539,
10.04884512545494,-13.66502603935177,-33.24970421528742,65.49935346426963,
9.897937520954374,-13.366591278946094,-37.72690112514156,74.60869010141906,
9.709230355049295,-12.992086406829548,-47.176791476269855,93.62621802913655,
9.46736562683956,-12.51094111338338,-60.46618205243328,120.28632336154209,
9.245606653381014,-12.07001036613268,-55.43974336463693,110.23268681267517,
9.092903565595329,-11.767487742313229,-38.17577194642126,75.6306559548629,
8.97184077097304,-11.528573685053301,-30.265698655572134,59.72851431498196,
8.867805270308436,-11.324084094250491,-26.008875166151213,51.122397700702386,
8.774507452184045,-11.141498827639756,-23.324454531097796,45.64631665268369,
8.6887773145541,-10.974552233323415,-21.43253440748616,41.736648579085305,
8.6088635941211,-10.819831355454657,-19.978430108249793,38.680219467189666,
8.533757284760958,-10.67542302211934,-18.776577340035654,36.10208333382921,
8.462878228127593,-10.540285975904059,-17.719764158341174,33.78426155382006,
8.395908089913062,-10.413913508099306,-16.742534553632737,31.593116951188367,
8.332690090607754,-10.296126221292425,-15.804499826327069,29.44682170172,
8.273169314116558,-10.186941877322623,-14.880194122798775,27.296085992450504,
8.217362145439369,-10.08649967739786,-13.951792169297113,25.110549981190417,
8.165334168885765,-9.99499941401606,-13.006994138400655,22.87506584544989,
8.117154766547687,-9.91259586563132,-12.044850584519688,20.60088709618551,
8.072810844221628,-9.839219035705598,-11.0859805815148,18.344207481430182,
8.03210960426421,-9.774385106033716,-10.175309989354243,16.20848241797086,
7.994564981188279,-9.716986561593325,-9.386155768983032,14.349636110097528,
7.959441008112121,-9.665403328851498,-8.780993269039376,12.895808185456655,
7.926250594105967,-9.61852274164292,-8.297603501538559,11.720146802144477,
7.894940573923694,-9.57611241220064,-7.827505045568036,10.602582360570139,
7.865817647475547,-9.53866933382212,-7.280731612036978,9.36076959462979,
7.839568228454911,-9.507462966031854,-6.5623547551589585,7.801591947566724,
7.816364478036376,-9.482745967596747,-5.800937604633783,6.17924960877659,
7.7960076143443375,-9.464052427370532,-5.089215923009548,4.673385056553773,
7.778434990754951,-9.451215175561433,-4.393155897346676,3.209312952274705,
7.763485853571392,-9.443888361330247,-3.737284295889661,1.8317035577963834,
7.7507188718295845,-9.441174767243188,-3.191745435452043,0.6783985217645452,
7.739567337533971,-9.441931676784476,-2.7878835739034424,-0.18922738532167915,
7.729634629555673,-9.445360054920531,-2.483176994574358,-0.8570945340139894,
7.720767690093742,-9.45114978723956,-2.2167348654828585,-1.4474330797572905,
7.712964183757512,-9.459291726287809,-1.9508765840574818,-2.0354847620624494,
7.70628338482878,-9.469897259571292,-1.6701997321828228,-2.6513833208709046,
7.700798602026273,-9.483101087141431,-1.3711957006268174,-3.3009568925349564,
7.696577370049492,-9.499019572577554,-1.0553079941953833,-3.9796213590307556,
7.693675818283278,-9.517737502378466,-0.7253879415533624,-4.679482450228244,
7.692139567763229,-9.539308069182992,-0.3840626300122533,-5.392641701131401,
7.692005726961173,-9.563755376729397,-0.03346020051415151,-6.111826886601146,
7.69330083131403,-9.591069360365127,0.3237760882141665,-6.828495908932646,
7.696032387381927,-9.621188794178208,0.6828890169742231,-7.529858453270168,
7.700177048781585,-9.653978974737678,1.0361653499145402,-8.19754513986736,
7.705671103183113,-9.689215941849112,1.373513600382165,-8.809241777858663,
7.7124060788433235,-9.726582932823609,1.6837439150526492,-9.341747743624465,
7.7202270874432735,-9.765673763639786,1.9552521499873918,-9.772707704044175,
7.728929589617222,-9.805993557783774,2.1756255434869374,-10.079948535996838,
7.7382557482626035,-9.846958203803887,2.331539661345383,-10.24116150502835,
7.747969294487822,-9.888050057020548,2.428386556304624,-10.272963304165435,
7.758672606924364,-9.930457547764405,2.6758281091355776,-10.601872685964038,
7.771594146422214,-9.976608200309249,3.2303848744625583,-11.537663136211007,
7.78610390678469,-10.02515526938082,3.6274400906187876,-12.136767267892902,
7.8010812004039645,-10.073812108887065,3.744323404818771,-12.164209876561165,
7.815263042747812,-10.120069630686462,3.545460585961945,-11.564380449849283,
7.82739487735709,-10.16149420781304,3.032958652319455,-10.356144281644701,
7.840670955747952,-10.204617808194651,3.319019597715425,-10.780900095402455,
7.855898363048408,-10.251052706078525,3.806851825113908,-11.608724470968259,
7.872826727289753,-10.300267721616766,4.232091060336163,-12.303753884560198,
7.891199982872943,-10.351739062472294,4.593313895797619,-12.867835213881994,
7.910817996028378,-10.405071418827188,4.904503288858502,-13.333089088723115,
7.931513120391745,-10.45994626865593,5.173781090841844,-13.718712457185404,
7.953128931797185,-10.516075777758934,5.403952851359855,-14.032377275750846,
7.975513550207611,-10.57318697605296,5.596154602606589,-14.277799573506766,
7.998527233923104,-10.631035038294344,5.753420928873115,-14.462015560345922,
8.022055557881998,-10.689427898052195,5.88208098972361,-14.598214939462387,
8.046019924737461,-10.748245632388604,5.9910917138658375,-14.704433584102391,
8.07038365927595,-10.80745125370173,6.090933634622416,-14.801405328281332,
8.095155239653606,-10.86709611424979,6.192895094413863,-14.911215137015088,
8.120390034531436,-10.927322665355495,6.308698719457685,-15.056637776426149,
8.14619284852964,-10.988369134481909,6.450703499551003,-15.261617281603364,
8.172726093218266,-11.050585686390608,6.633311172156445,-15.554137977174895,
8.200227201099107,-11.114469193425622,6.875276970210168,-15.970876758753281,
8.229034512364652,-11.180714968696895,7.201827816386186,-16.561443817818198,
8.259627936936429,-11.250298056212875,7.648356142944181,-17.395771878994896,
8.292717075239635,-11.324649479860923,8.272284575801304,-18.58785591201184,
8.329452681243321,-11.406079136542589,9.183901500921632,-20.357414170416252,
8.371903158732307,-11.498728458496117,10.61261937224645,-23.16233048838208,
8.423846731009867,-11.610153612883726,12.985893069389975,-27.856288596902306,
8.490967560194592,-11.751715789949442,16.78020729618129,-35.39054426642904,
8.57954014983572,-11.935955919716182,22.143147410282182,-46.06003244168528,
8.695388687049851,-12.174540394684753,28.962134303532604,-59.64611874214246,
8.84141138426963,-12.473348192038504,36.50567430494495,-74.70194933843754,
9.007947945265293,-12.813242134866679,41.63414024891581,-84.97348570704365,
9.171672657581857,-13.147867531016718,40.93117807914083,-83.65634903750998,
9.304505025177686,-13.421385651887855,33.2080918989576,-68.37953021778426,
9.413036325122738,-13.6471873921039,27.132824986262964,-56.45043505401122,
9.50514143558357,-13.841179393782596,23.026277615208098,-48.49800041967404,
9.585078738540348,-14.012033598258864,19.984325739194603,-42.713551119066686,
9.655228706172203,-14.164671996386891,17.537491907963577,-38.15959953200702,
9.717102227403208,-14.302282111541768,15.468380307751339,-34.40252878871923,
9.774931368059494,-14.433504009927605,14.457285164071726,-32.80547459645902,
9.83107920837127,-14.563335717338255,14.03696007794362,-32.45792685266273,
9.884819098956205,-14.69069952139655,13.434972646233769,-31.840951014573573,
9.935495462547772,-14.814694407425106,12.669090897891774,-30.99872150713912,
9.982701014244219,-14.934929092368177,11.801387924111514,-30.058671235767566,
10.026169756850456,-15.051277997897447,10.8671856515591,-29.08722638231742,
10.065729968968588,-15.163733604956407,9.89005302953328,-28.113901764739936,
10.101315121938029,-15.272347832363462,8.896288242360347,-27.153556851763383,
10.133007667896266,-15.377220423432748,7.923136489559005,-26.218147767321703,
10.16108836891306,-15.478505224853695,7.020175254198398,-25.321200355236773,
10.18606193284576,-15.576417932658273,6.243390983175227,-24.478176951144427,
10.208634543534359,-15.671237425593926,5.643152672149865,-23.70487323391317,
10.22963978588205,-15.763302824257119,5.251310586922718,-23.0163496657983,
10.249947107369827,-15.853033286406163,5.076830371944284,-22.43261553726097,
10.270425773554829,-15.941042631559961,5.119666546250448,-22.002336288449552,
10.292017447495688,-16.02839065449151,5.3979184852147695,-21.83700573288756,
10.315765623236487,-16.116644266733577,5.937043935199632,-22.063403060517,
10.34257041804113,-16.207322383944618,6.701198701161076,-22.669529302760203,
10.372981523673262,-16.301428013609712,7.602776408032956,-23.526407416273145,
10.40727033894577,-16.399567317368312,8.572203818127045,-24.534825939649625,
10.44558282933261,-16.502225167862733,9.578122596710138,-25.66446262360554,
10.488059697885179,-16.60996306680881,10.619217138142272,-26.934474736519665,
10.534922451256099,-16.72354818899652,11.715688342730237,-28.39628054692776,
10.586535683092194,-16.844043585814397,12.903307959023579,-30.123849204469206,
10.643439222537438,-16.97284995381719,14.225884861310906,-32.20159200069831,
10.70630714411605,-17.1116120869692,15.71698039465301,-34.69053328800255,
10.775698068756437,-17.26171656843473,17.34773116009674,-37.526120366382536,
10.851325722034185,-17.422836535752907,18.9069133194368,-40.27999182954461,
10.931500182053377,-17.5918240809476,20.043615004797793,-42.2468862986731,
11.017158520097547,-17.770782357450244,21.4145845110427,-44.73956912566087,
11.113760192947344,-17.970825738582015,24.15041821244942,-50.01084528294298,
11.225651842444089,-18.20079464608281,27.97291237418616,-57.4922268751981,
11.35130396285183,-18.457765969357265,31.41303010193548,-64.24283081861427,
11.47997940615873,-18.720414610173112,32.16886082672481,-65.66216020396142,
11.591473163954879,-18.948477645975476,27.87343944903713,-57.01575895059091,
11.673306387137078,-19.1171065436229,20.458305795549908,-42.15722441185562,
11.729029350970528,-19.23344879860484,13.930740958362318,-29.085563745485125,
11.765635225372137,-19.311493044973986,9.151468600402115,-19.51106159228631,
11.788289457505833,-19.361554145531244,5.663558033423901,-12.515275139314399,
11.800368097762538,-19.390363153876176,3.0196600641762434,-7.202252086233341,
11.804059009345512,-19.402275055738748,0.9227278957432924,-2.977975465643008,
11.800707798078793,-19.39996252226167,-0.8378028166794856,0.5781333692694318,
11.790930338424145,-19.384641241369653,-2.444364913661852,3.8303202230047466,
11.77468950820491,-19.35622297867139,-4.060207554808976,7.104565674565491,
11.751525380862082,-19.31377575797161,-5.791031835706671,10.611805174945049,
11.720428295874738,-19.255269983413275,-7.774271246835856,14.62644363958336,
11.679910249576109,-19.17772166843286,-10.129511574657469,19.387078745104112,
11.628566882048856,-19.07831828861848,-12.835841881813103,24.850844953594876,
11.56531538474757,-18.954897077485796,-15.812874325321403,30.855302783170682,
11.490332104120718,-18.80782340581275,-18.745820156713332,36.76841791826095,
11.406211182081655,-18.642310539932474,-21.030230509765648,41.37821647006928,
11.317829448901913,-18.468147273812882,-22.095433294935663,43.54081652989814,
11.230023913415422,-18.29504426721378,-21.951383871622756,43.27575164977534,
11.145659535509802,-18.128761289032962,-21.091094476405235,41.57074454520386,
11.06587016385178,-17.971587237334283,-19.947342914505413,39.293512924669436,
10.990981528625268,-17.824187849374617,-18.72215880662807,36.84984698991625,
10.920950857509517,-17.686486421096685,-17.507667778937833,34.425357069482615,
10.855414890277064,-17.557760617806355,-16.383991808113088,32.18145082258232,
10.793802478198353,-17.43686876459568,-15.403103019677593,30.2229633026692,
10.735522265535227,-17.322626473952678,-14.570053165781601,28.560572660750875,
10.680062237673662,-17.21400652105517,-13.865006965391267,27.15498822437749,
10.627006138544136,-17.110171960597572,-13.264024782381393,25.958640114398683,
10.576019350593784,-17.010447904643677,-12.746696987588015,24.93101398847364,
10.526830566192304,-16.9142847677029,-12.29719610037003,24.040784235194373,
10.479216583181078,-16.821227708256803,-11.903495752806743,23.264264861524317,
10.432990918827388,-16.730893683865798,-11.556416088422473,22.583506097750845,
10.387995408778188,-16.64295447453613,-11.248877512299721,21.98480233241739,
10.344093899130016,-16.557123918339414,-10.97537741204308,21.457639049178376,
10.301167386319925,-16.473148110760995,-10.731628202522646,20.993951894605086,
10.25911021758003,-16.39079785600469,-10.514292184973643,20.58756368907674,
10.217827156310475,-16.309863066889417,-10.320765317388803,20.233697278818052,
10.177231192757725,-16.230148986730384,-10.148990888187582,19.928520039758318,
10.137241935869133,-16.151474030616335,-9.997314222148008,19.66873902851223,
10.0977843433495,-16.07366886706351,-9.864398129908086,19.451290888205964,
10.05878754891606,-15.996576285635951,-9.749198608360174,19.273145356889856,
10.020183663095352,-15.92005146428575,-9.650971455176986,19.131205337550185,
9.981906607064575,-15.843962366614258,-9.569264007694173,19.022274417873064,
9.943891217694867,-15.768190095858344,-9.503847342426813,18.943067688978786,
9.906072964633477,-15.692629119543412,-9.454563265347641,18.890244078732856,
9.868388575335715,-15.617187381318248,-9.421097324440515,18.860434556291235,
9.830777645722524,-15.541786419305698,-9.402732403297552,18.85024050313728,
9.79318499817344,-15.466361657358036,-9.398161887271248,18.85619048691551,
9.75556328366216,-15.390862960024343,-9.405428627819713,18.874674333423233,
9.717875215741262,-15.315255300904896,-9.422016980224496,18.90191477986151,
9.680094848551217,-15.239519001620522,-9.445091797511122,18.934074821093528,
9.642207371470093,-15.163648553242268,-9.471869270281058,18.967612094563297,
9.60420692900549,-15.087648693368314,-9.5001106161506,18.9999649684887,
9.566091960652113,-15.01152623187205,-9.528742088344353,19.030615374065864,
9.527857299684378,-14.935275654120012,-9.558665241933932,19.062644438009514,
9.48948110382672,-14.858854330979518,-9.594048964414785,19.105330785123286,
9.45090127887135,-14.782136468422808,-9.644956238842447,19.179465639177934,
9.411968984982524,-14.70482086492405,-9.733073472206176,19.32890087468911,
9.372359074312104,-14.626252095918622,-9.902477667604705,19.642192251357173,
9.331431457661687,-14.54514311319435,-10.231904162604502,20.277245681068184,
9.288116030353049,-14.459344763826536,-10.828856827159546,21.44958734195351,
9.240964808523094,-14.365950034829178,-11.787805457488513,23.348682249339603,
9.188357497819299,-14.261705697015552,-13.15182767594867,26.06108445340643,
9.12867042462755,-14.143351051699781,-14.921768297937145,29.588661328942834,
9.060313439883956,-14.007692841510325,-17.089246185898723,33.914552547363904,
8.981636240604738,-13.851419040283831,-19.669299819804387,39.068450306623625,
8.890790706995622,-13.670824684724204,-22.71138340227889,45.148588889906826,
8.785489289231409,-13.461329695846342,-26.325354441053115,52.373747219465464,
8.662555182605665,-13.216580187770528,-30.733526656436073,61.18737701895322,
8.518106878435624,-12.928820211123057,-36.11207604251013,71.93999416186794,
8.351556262049499,-12.596897646457693,-41.63765409653146,82.98064116634109,
8.177496588585205,-12.250062547747449,-43.514918366073665,86.7087746775608,
8.019088676636247,-11.934734895174458,-39.601977987239515,78.83191314324797,
7.882386964317581,-11.663110132975287,-34.17542807966674,67.90619054979258,
7.768632725552722,-11.437751040543297,-28.4385596912147,56.33977310799765,
7.671252037697759,-11.245568544421731,-24.34517196374097,48.045624030391345,
7.584672765110204,-11.07547765919833,-21.644818146888692,42.52272130585033,
7.505701535212126,-10.921162482699025,-19.742807474519473,38.57879412482656,
7.432548884612059,-10.779127808234296,-18.288162650016805,35.50866861618204,
7.364407610806073,-10.647855626525804,-17.03531845149645,32.81804542712308,
7.301023048224793,-10.526941295110003,-15.846140645320126,30.228582853950087,
7.241818946552025,-10.415335550429852,-14.801025418192078,27.901436170037595,
7.18591809364111,-10.31138374019986,-13.97521322772867,25.987952557498048,
7.132526772542849,-10.213596935583821,-13.347830274565405,24.446701154009812,
7.081010596704883,-10.120800916990005,-12.879043959491508,23.1990046484539,
7.030862199927924,-10.032064883681166,-12.537099194239678,22.184008327209643,
6.9816646778543054,-9.946618786494207,-12.299380518404542,21.36152429673945,
6.933065444140188,-9.863788986848409,-12.149808428529413,20.707449911449856,
6.884756661116704,-9.78294515132452,-12.077195755871022,20.21095888097192,
6.836458383869926,-9.703451967721712,-12.074569311694475,19.87329590070219,
6.787923817747479,-9.624666764140079,-12.133641530612023,19.696300895408292,
6.73903891486595,-9.546130568117569,-12.221225720382133,19.634049005627528,
6.689821796877412,-9.467565549750224,-12.304279497134312,19.64125459183591,
6.640261379979991,-9.388565717734227,-12.390104224355307,19.749958003999136,
6.5903661800254705,-9.30872625161504,-12.473799988630251,19.959866529796884,
6.540182746488986,-9.227720706077292,-12.545858384121184,20.251386384436994,
6.489762729303685,-9.145277789695044,-12.605004296325315,20.610729095562363,
6.4391313099280945,-9.061153252399953,-12.657854843897498,21.03113432377281,
6.388265626052118,-8.9751056603087,-12.716420968993972,21.511898022813376,
6.337086258110334,-8.886880018730267,-12.794841985446046,22.056410394608267,
6.285459375871881,-8.796198442878996,-12.906720559613442,22.670393962817542,
6.23320247517803,-8.702750621119515,-13.064225173462829,23.361955439870435,
6.180086201669643,-8.606175325134402,-13.27906837709664,24.143823996278307,
6.125826058749593,-8.506024499214112,-13.565035730012635,25.0377064800725,
6.070060231258339,-8.40170402384725,-13.941456872813314,26.080118841715382,
6.012311022430342,-8.292386258948675,-14.437302206999128,27.329441224643997,
5.951928212225088,-8.176890348505637,-15.095702551313586,28.87397761075929,
5.888042819663766,-8.053586483881869,-15.971348140330608,30.825966155942,
5.819561887803405,-7.920384799159859,-17.12023296509022,33.300421180502674,
5.745125180184081,-7.774649767547949,-18.60917690483117,36.4337579029775,
5.663091405367805,-7.613174289909028,-20.50844370406901,40.36886940973023,
5.571451200460796,-7.432007316644314,-22.91005122675206,45.29174331617867,
5.467014165807874,-7.224827877700535,-26.109258663230605,51.79485973594477,
5.3440662865384105,-6.980258265277108,-30.73696981736592,61.14240310585668,
5.19215365906878,-6.677429631844232,-37.97815686740764,75.7071583582189,
5.015368384096672,-6.3245820783862525,-44.19631874302707,88.21188836449494,
4.8343114566286225,-5.962989247249407,-45.26423186701242,90.39820778421146,
4.674395117937124,-5.6435348830877565,-39.9790846728746,79.86359104041269,
4.537055621266974,-5.369098779377569,-34.33487416753736,68.60902592754701,
4.41716188390392,-5.129400792928608,-29.973434340763667,59.924496612240276,
4.308604916674079,-4.912190662796231,-27.13924180746038,54.30253253309406,
4.207866687153226,-4.710391611240787,-25.184557380213185,50.44976288886084,
4.1145643656512405,-4.5231896850331434,-23.325580375496283,46.800481551910856,
4.027276866003341,-4.347679318646019,-21.82187491197488,43.87759159678101,
3.944552313358953,-4.180877366767607,-20.681138161097,41.70048796960295,
3.8655806215282307,-4.021067889756991,-19.74292295768056,39.95236925265396,
3.790210605351034,-3.867839634125975,-18.842504044299197,38.30706390775402,
3.709971896227173,-3.7040972154356937,-20.05967728096528,40.93560467257024,
3.6262902218857396,-3.5325323483525706,-20.920418585358263,42.89121677078079,
3.544491266905749,-3.363752500700706,-20.449738744997635,42.19496191296615,
3.4618448903289156,-3.1924540989540926,-20.661594144208262,42.824600436653405,
3.3787105626440566,-3.0198200897562315,-20.78358192121479,43.158502299465276,
3.2941595622953757,-2.8446366769189204,-21.137750087170254,43.79585320932783,
3.207375595522143,-2.6657997082805416,-21.695991693308116,44.709242159594666,
3.117681014390086,-2.482169923637129,-22.4236452830142,45.90744616085321,
3.0244599394287546,-2.292468193542272,-23.305268740332878,47.42543252371418,
2.926976316274984,-2.095057876920859,-24.37090578844265,49.35257915535314,
2.8242238712205654,-1.8877475672391972,-25.688111263604544,51.82757742041549,
2.7147995547053667,-1.6675790386282792,-27.3560791287997,55.04213215272954,
2.597021964483979,-1.4310719016710567,-29.44439755534685,59.126784239305614,
2.4669606708161655,-1.1702731613581296,-32.51532341695341,65.19968507823175,
2.320212775442132,-0.8763096354487616,-36.68697384350833,73.490881477342,
2.130176644473033,-0.4958940789750034,-47.50903274227484,95.10388911843954,
1.887798018766406,-0.01087739484185668,-60.59465642665666,121.25417103328668,
1.6410509295642708,0.4827626152873506,-61.686772300533846,123.41000253230182,
1.462700075258987,0.8394108998475592,-44.58771357632097,89.16207114005216,
1.3323835627625342,1.0997713538423621,-32.57912812411316,65.0901134987007,
1.2291998547303031,1.305628764349377,-25.795927008057784,51.46435262675371,
1.1354641102106027,1.4923391746292034,-23.43393612992509,46.67760256995665,
1.05061219253708,1.6609826897327098,-21.212979418380687,42.16087877587659,
0.9784158985218891,1.8039505474973232,-18.049073503797707,35.74196444115336,
0.9156870642994754,1.927575636627016,-15.682208555603431,30.906272282423195,
0.8598429881017374,2.0369818737104706,-13.961019049434508,27.35155927086367,
0.8092534200718708,2.1353874754212496,-12.647392007466644,24.60140042769475,
0.7628499798261181,2.2248874208686895,-11.600860061438185,22.37498636185994,
0.7198969933096533,2.306913518500494,-10.738246629116206,20.506524407951144,
0.6798674725670917,2.382484345025484,-10.007380185640415,18.89270663124756,
0.642372733004548,2.4523479717553025,-9.373684890635907,17.465906682454584,
0.6071202803646556,2.5170680702298887,-8.813113159973087,16.180024618646485,
0.5738874218940389,2.577078300310414,-8.308214617654185,15.002557520131393,
0.5425039831947731,2.632718017897059,-7.845859674816442,13.909929396661212,
0.5128404214281209,2.684256548605313,-7.41589044166305,12.884632677063518,
0.4847991758541842,2.7319102396638217,-7.0103113934841845,11.913422764627168,
0.45830799203571276,2.775854806845449,-6.622795954617862,10.986141795406787,
0.4333145103702224,2.816234488840305,-6.248370416372594,10.094920498713982,
0.4097817709320238,2.8531688883444977,-5.883184859549651,9.23359987604817,
0.3876845127554074,2.8867579814814532,-5.524314544154094,8.397273284238853,
0.36700619020852276,2.9170856985119467,-5.169580636721151,7.5819292576233135,
0.3477363528303002,2.9442230008451094,-4.8174593445556395,6.784325583290651,
0.329867681415453,2.9682320253577243,-4.467167853711803,6.002256128153724,
0.3133925478600139,2.9891716382984814,-4.118783388859768,5.234903235189241,
0.29830000551668295,3.007102594549674,-3.773135585832738,4.48273906279814,
0.28457363267927427,3.0220914316822385,-3.4315932093521724,3.747209283141112,
0.2721895828780898,3.0342143417221066,-3.0960124502961115,3.0307275099670243,
0.261113906219318,3.043562819054013,-2.768919164692949,2.337119332976668,
0.2512980805122196,3.050253125612108,-2.453956426774604,1.6725766395237116,
0.24267161340212134,3.0544417717274435,-2.15661677752456,1.047161528833838,
0.23513771556975316,3.056334872200007,-1.8834744580920475,0.4732751181409312,
0.2286758443419636,3.05598278633948,-1.6154678069473882,-0.08802146513178116,
0.22371483836341152,3.0525315346466866,-1.2402514946380236,-0.862812923198322,
0.220465869899489,3.0455657539749446,-0.8122421159806296,-1.741445167935475,
0.21892999522528508,3.035093533189022,-0.3839686685509753,-2.6180551964806376,
0.21905590532047753,3.0212297636146235,0.03147752379810839,-3.4659423935996774,
0.22076922842403632,3.004138235500133,0.42833077588969976,-4.272882028622583,
0.2239803941775928,2.9840166363967944,0.802791438389119,-5.0303997758346615,
0.22858740091548732,2.9610913968262262,1.1517516844736306,-5.731309892641994,
0.23447577828313174,2.935617673381916,1.472094341911107,-6.368430861077495,
0.24151634218298,2.907883208348513,1.7601409749620651,-6.933616258350777,
0.2495649434002686,2.8782076113187047,2.0121503043221574,-7.418899257452058,
0.25849208201875407,2.846881208809305,2.231784654621371,-7.831600627349865,
0.26832784123271897,2.8138727007508924,2.4589398034912207,-8.252127014603179,
0.27930365758306197,2.778747466847814,2.7439540875857578,-8.78130847576965,
0.2916623638515663,2.7410530920047598,3.0896765671260766,-9.423593710763484,
0.3056026227442911,2.700430946691702,3.485064723181207,-10.155536328264521,
0.3211919957561616,2.656788756415927,3.897343252967611,-10.910547568943771,
0.3383888452939632,2.610251757582929,4.299212384450392,-11.634249708249426,
0.357072521498789,2.561097487368917,4.670919051206457,-12.288567553503084,
0.37704959650715764,2.5097398219768055,4.994268752092163,-12.83941634802785,
0.3980547251184701,2.456724836798007,5.25128215282812,-13.253746294699638,
0.4198179482594759,2.4025945808342564,5.440805785251434,-13.532563990937605,
0.4424072316253968,2.3472018219107333,5.647320841480227,-13.848189730880781,
0.4662560533557375,2.2896649120330683,5.96220543258518,-14.384227469416247,
0.4914760592174383,2.2297542236610055,6.305001465425199,-14.977672093015748,
0.5179227457703113,2.1677519748983807,6.611671638218238,-15.500562190656174,
0.5453721524732663,2.1040930924330254,6.862351675738765,-15.914720616338771,
0.5738156184567207,2.038774660534119,7.1108664958635845,-16.329607974726578,
0.6034327543829012,1.9714156305502089,7.404283981545128,-16.83975749597757,
0.6344096881674528,1.90162438483088,7.744233446137888,-17.4478114298322,
0.6675154828405205,1.827843680926983,8.276448668266928,-18.44517597597429,
0.7037783092649177,1.74800652184439,9.065706606099281,-19.959289770648176,
0.7436094462284245,1.6612902892435988,9.957784240876695,-21.679058150197807,
0.7869316315265136,1.567848448715635,10.830546324522253,-23.36046013199094,
0.8334329273790774,1.4682962725908286,11.625323963140943,-24.88804403120159,
0.8826875243109155,1.3634683049834435,12.313649232959534,-26.20699190184629,
0.9342549435470272,1.254221216618663,12.891854809027945,-27.311772091195127,
0.9878784036629668,1.14103902671974,13.405865028984879,-28.295547474730785,
1.0438037142966714,1.0233977697970453,13.981327658426178,-29.410314230673663,
1.1027354934855729,0.8998564003416465,14.732944797225356,-30.88534236384971,
1.1649622503689696,0.769808729489676,15.556689220849188,-32.511917712992606,
1.229674077944744,0.6348451172915138,16.177956893943577,-33.74090304954055,
1.295080114976572,0.4985133853866719,16.351509257957023,-34.082932976210486,
1.3578910234008175,0.3673546044546878,15.702727106061339,-32.78969523299602,
1.4129440924048207,0.25165572242596973,13.763267251000793,-28.924720507179526,
1.4552391234057658,0.16138094199624264,10.573757750236267,-22.568695107431775,
1.4822375301455366,0.10157889526235847,6.749601684942689,-14.950511683471042,
1.4943356311583134,0.07143880193896199,3.024525253194179,-7.535023330849121,
1.4941804029493293,0.06565627592893764,-0.03880705224599179,-1.445631502506088,
1.486029146180949,0.0757088644317709,-2.037814192095115,2.513147125708316,
1.4756095531048312,0.09013215550788747,-2.6048982690294347,3.605822769029145,
1.4706425221973582,0.09347325349825417,-1.2417577268682365,0.8352744975916738,