20,20,20,20,20,20,30,30,30,30,30,30,40,40,40,40,40,40,50,50,50,50,50,50,60,60,60,60,60,60,70,70,70,70,70,70,80,80,80,80,80,80,
final costs,avg Hz,avgTimeDerivs,avgTimeBP,avgTimeFP,avgpercent derivs,final costs,avg Hz,avgTimeDerivs,avgTimeBP,avgTimeFP,avgpercent derivs,final costs,avg Hz,avgTimeDerivs,avgTimeBP,avgTimeFP,avgpercent derivs,final costs,avg Hz,avgTimeDerivs,avgTimeBP,avgTimeFP,avgpercent derivs,final costs,avg Hz,avgTimeDerivs,avgTimeBP,avgTimeFP,avgpercent derivs,final costs,avg Hz,avgTimeDerivs,avgTimeBP,avgTimeFP,avgpercent derivs,final costs,avg Hz,avgTimeDerivs,avgTimeBP,avgTimeFP,avgpercent derivs,
0.0138869,223.693,4.02656,0.208128,0.235717,32.8107,0.0140147,130.049,7.00917,0.309205,0.371059,35.0296,0.014072,127.822,6.85337,0.409872,0.560167,28.1807,0.0219878,100.074,8.75305,0.511028,0.728529,25.4679,0.00777968,92.0057,9.31042,0.614186,0.944289,29.2027,0.00726814,74.2464,11.6667,0.714981,1.08696,24.8885,0.00212673,59.5275,14.7816,0.816943,1.20042,28.0605,
0.0139765,209.889,4.29486,0.209155,0.260409,34.8448,0.907009,156.497,5.68583,0.311749,0.392302,29.7842,0.0188819,125.726,7.02645,0.412675,0.514689,28.0513,0.0264667,100.512,8.75532,0.512841,0.680946,24.8187,0.00846666,87.5356,9.96049,0.613118,0.850325,27.4689,0.00958078,73.676,11.8818,0.718409,0.972775,25.9731,0.00842174,65.0392,13.1347,0.816967,1.42363,28.7344,
0.0146291,224.609,3.98199,0.207463,0.262733,34.6385,0.00953604,146.204,6.13623,0.310024,0.393478,28.9402,0.0119217,158.734,5.34953,0.410799,0.539522,18.338,0.0161466,85.7414,10.5222,0.513443,0.627347,30.683,0.16956,97.3367,8.72426,0.615151,0.934207,28.7442,0.00467453,71.2922,12.224,0.719881,1.08292,27.0186,0.00668789,64.1559,13.421,0.816495,1.34955,27.5864,
0.0147413,201.568,4.48626,0.210597,0.264241,35.1511,1.19315,159.63,5.55286,0.311635,0.399993,32.6326,0.0412153,115.291,7.66882,0.41317,0.591722,32.3561,0.0028149,88.1918,10.1474,0.512725,0.678817,31.5579,0.0331687,90.8998,9.5789,0.614092,0.808132,31.0346,0.00633732,86.1112,9.8018,0.714938,1.09616,23.0218,0.00733553,65.8347,13.0978,0.817358,1.27439,25.8156,
1.53433,275.624,3.14837,0.207083,0.272684,25.3433,0.839272,161.525,5.45534,0.309482,0.426184,29.9393,0.0332737,113.127,7.86636,0.411067,0.562219,32.5819,0.0120994,89.6483,9.90014,0.513463,0.741103,33.584,0.391806,84.3414,10.2452,0.620194,0.991177,29.7205,0.0124792,80.2885,10.6083,0.71484,1.13198,26.0783,0.00946498,65.0362,13.1733,0.816995,1.38571,27.6031,
1.31968,248.433,3.52287,0.208997,0.293369,29.1296,1.07345,151.07,5.90311,0.310921,0.405419,36.0316,0.0091825,122.204,7.25738,0.411245,0.514407,23.617,0.14398,91.9518,9.63878,0.514423,0.722049,32.5778,0.0066773,83.3098,10.4456,0.616165,0.941625,33.4289,0.694775,65.4432,13.3914,0.716431,1.17255,30.2471,0.0145519,59.0468,14.8026,0.817573,1.31553,29.8738,
0.0171402,193.483,4.70919,0.20725,0.251973,34.8711,1.15654,145.475,6.17566,0.309993,0.388355,33.9447,0.127805,116.524,7.62637,0.411457,0.544111,35.2094,0.0134298,85.4358,10.5266,0.51272,0.665357,34.1618,0.00454754,94.1062,9.12692,0.615218,0.884147,27.3827,0.00404894,80.0891,10.7183,0.715825,1.05199,22.9877,0.0110755,72.1209,11.7963,0.81697,1.25229,27.692,
1.74665,280.184,3.03692,0.207017,0.325142,23.6793,1.28558,145.013,6.15464,0.311935,0.42936,37.5319,0.789118,138.398,6.21875,0.410657,0.596147,29.4031,0.0525728,85.6568,10.5578,0.512101,0.604563,35.4904,0.0111272,70.2077,12.7265,0.613295,0.903641,28.924,0.00720665,79.8643,10.685,0.717305,1.1189,26.1478,0.0020959,65.9365,13.0755,0.823151,1.26743,25.8631,
1.72776,220.196,4.07385,0.209795,0.257763,29.7963,0.0116307,134.256,6.74632,0.309367,0.392774,29.0049,0.619025,132.619,6.52114,0.411347,0.607885,29.4289,0.00594814,88.3827,10.1351,0.512679,0.666707,29.611,0.0111509,113.181,7.44654,0.611544,0.777301,10.1933,0.0149253,85.1796,9.63063,0.716227,1.39304,25.0601,0.0160627,55.0773,15.9737,0.817799,1.36482,28.1207,
1.72119,236.499,3.76881,0.207089,0.252456,32.7148,0.0204778,146.805,6.1288,0.309647,0.37333,21.721,0.210949,119.497,7.39285,0.411531,0.564044,32.0589,0.0691971,86.5554,10.3039,0.512754,0.736683,34.3215,0.502712,98.0363,8.6672,0.613719,0.919378,29.7405,0.0110833,76.8789,11.2427,0.715697,1.04903,24.7425,0.010497,68.7038,12.6201,0.815075,1.12008,17.0001,
1.57593,222.079,4.03307,0.208638,0.261203,33.703,0.977457,158.189,5.62736,0.310579,0.383606,32.038,0.726243,114.631,7.77475,0.416098,0.532797,31.1109,0.00594088,85.417,10.4341,0.513651,0.759564,35.0273,0.0118802,93.5222,9.18222,0.616603,0.893827,29.922,1.92488,94.212,8.7982,0.715717,1.10045,24.0181,0.00977574,82.3224,10.2513,0.815269,1.08078,18.5739,
1.72405,229.957,3.89595,0.207265,0.245419,34.3763,0.0149575,151.072,5.94139,0.309664,0.368322,27.9753,0.525137,136.978,6.30055,0.411573,0.588329,30.0391,1.34003,95.822,9.12317,0.512768,0.800076,30.5665,0.00654555,93.9176,9.20768,0.613277,0.826682,24.2751,0.00927563,81.0343,10.4399,0.719509,1.18107,27.2023,0.00526548,64.0965,13.551,0.817179,1.2333,26.4644,
1.80977,279.815,3.00624,0.208053,0.359496,23.4652,1.27173,163.488,5.41314,0.31132,0.392186,33.3067,0.0112335,125.258,7.04618,0.414697,0.522663,25.3811,0.0156806,82.0099,11.008,0.513115,0.672525,33.5988,0.00929392,89.1362,9.68469,0.613607,0.920489,27.5398,0.0144134,78.0452,11.0007,0.716353,1.09606,26.0781,0.0171574,64.876,13.2189,0.819116,1.37606,26.8367,
1.79366,242.631,3.65811,0.208357,0.255022,30.3896,1.37498,158.494,5.56984,0.312684,0.426873,35.5294,0.171021,132.083,6.60264,0.413211,0.555148,33.0661,0.0103207,97.0713,9.09826,0.513079,0.690371,36.9135,0.0104779,77.284,11.4612,0.615139,0.862973,28.7536,0.00324092,73.2702,11.8479,0.716115,1.08406,26.2741,0.0119225,68.3904,12.6911,0.816651,1.11418,23.3405,
1.72787,245.897,3.58055,0.207245,0.278957,30.5493,1.39205,175.674,4.97566,0.310353,0.406352,37.0815,0.0153425,129.016,6.82841,0.411251,0.511318,27.6393,0.0161525,86.5296,10.2775,0.512693,0.76654,33.6551,0.0196858,85.3453,10.0837,0.613554,1.01982,24.7474,0.0158876,79.6535,10.6185,0.7172,1.21867,25.6942,0.00613397,64.27,13.527,0.818402,1.21394,27.9975,
1.80283,303.167,2.76647,0.206321,0.325726,22.5493,1.35009,153.625,5.77658,0.311617,0.421171,39.076,0.902623,135.136,6.36198,0.411209,0.626745,28.9126,0.0159159,86.3107,10.3301,0.517456,0.738499,33.9422,0.012622,72.9279,12.2381,0.613917,0.860187,28.1272,0.00520144,70.5339,12.3649,0.717927,1.09477,27.2766,0.0101368,64.5251,13.29,0.816808,1.39103,26.9947,
1.70942,230.431,3.87871,0.207525,0.253461,29.9841,1.3067,162.114,5.46209,0.309142,0.397275,34.1314,0.391307,125.943,6.97508,0.41323,0.551774,28.9356,0.00924598,95.182,9.26016,0.512581,0.733445,31.4261,0.0116731,97.2382,8.84841,0.614595,0.821016,22.4519,0.00634283,82.968,10.2371,0.716217,1.09954,25.7978,0.00954584,64.1182,13.4643,0.817564,1.31434,29.5615,
1.69824,204.03,4.39647,0.208553,0.296209,41.62,1.48742,148.735,6.00482,0.311258,0.407297,41.244,0.103758,120.326,7.38177,0.412177,0.516838,29.3131,0.0136381,88.6875,9.95078,0.514586,0.810175,31.9058,0.0168942,93.7881,9.17485,0.615333,0.872149,26.2156,0.020952,77.4832,11.0059,0.714709,1.18538,26.2389,0.0224862,74.5342,11.1869,0.815721,1.41409,26.362,
1.70934,222.711,4.03225,0.208011,0.249868,36.14,1.49513,163.655,5.38406,0.314725,0.411649,33.9936,0.0254534,116.509,7.63332,0.411691,0.538011,33.8917,0.0163448,85.7285,10.3919,0.517907,0.754901,35.592,0.00510025,80.3325,10.9278,0.616814,0.903683,23.9146,0.0113399,80.7142,10.5816,0.716439,1.09131,28.818,0.00853874,59.1987,14.6414,0.817189,1.43368,29.4643,
1.80359,238.796,3.68509,0.206867,0.295719,28.4148,1.60985,185.816,4.65881,0.309522,0.413347,33.4326,0.32563,130.007,6.70972,0.410997,0.571163,31.6328,0.0269505,131.183,6.43932,0.510606,0.673023,21.896,0.0303749,84.2635,10.3841,0.612721,0.870675,25.0753,0.00549049,83.8564,9.97627,0.714573,1.2343,26.4411,0.0291328,67.4322,12.7742,0.814205,1.24128,20.4493,
1.78477,239.301,3.71779,0.207005,0.254039,31.4841,1.50306,152.59,5.80052,0.310272,0.442707,40.9975,0.0323553,118.756,7.42844,0.411437,0.580724,34.8643,0.0240871,103.893,8.41739,0.513015,0.694892,28.7508,0.0283949,87.4008,9.77393,0.613716,1.0539,29.4995,0.0116301,75.6294,11.419,0.715943,1.08743,29.0635,0.0131806,87.3649,9.52257,0.814345,1.10933,18.9794,
1.84821,232.254,3.8218,0.207131,0.276711,29.4674,1.27473,166.416,5.2627,0.309774,0.436559,33.4059,0.633797,132.767,6.54841,0.412096,0.571477,31.6602,0.0311825,97.4807,9.02135,0.513835,0.723253,32.7941,0.021968,95.1403,8.97355,0.613457,0.923785,26.0847,0.0179875,81.6564,10.4045,0.715957,1.12598,25.5314,0.0105377,61.8409,13.9895,0.824155,1.35686,27.6889,
1.7519,246.254,3.51086,0.207187,0.342801,27.9811,1.57272,159.807,5.54913,0.311064,0.397359,36.8138,0.0325106,112.807,7.88021,0.413147,0.571305,31.9102,0.0129734,86.0355,10.437,0.515463,0.670633,33.7644,0.013086,87.1215,9.97484,0.614149,0.88923,29.0891,0.0236978,73.7387,11.6317,0.715358,1.21434,25.9438,0.006317,62.3876,13.9848,0.816666,1.2274,27.7835,
2.64521,229.683,3.88356,0.207765,0.262511,33.2952,1.50671,168.18,5.21169,0.311947,0.422361,40.4198,0.138517,126.055,7.01066,0.413985,0.508388,29.4919,0.0141131,84.1848,10.6382,0.515693,0.724736,32.4625,0.00727866,85.9811,10.0693,0.615967,0.945231,28.9533,0.008538,79.9486,10.4618,0.717945,1.32833,26.0215,0.0114535,67.6442,12.6598,0.816132,1.30734,29.8406,
1.99525,226.957,3.93287,0.207486,0.265753,31.6707,1.46308,162.174,5.43639,0.310283,0.419531,41.7728,0.896554,130.2,6.71887,0.411123,0.550476,32.2859,0.0282023,59.052,15.705,0.512701,0.716484,35.2622,0.0116878,84.061,10.3116,0.613095,0.971461,26.798,0.0185933,78.2472,10.8834,0.715019,1.18157,26.6488,0.00445971,64.9527,13.196,0.816862,1.38301,27.376,
4.31137,217.037,4.10614,0.207511,0.293845,31.9448,1.53697,152.087,5.82939,0.310951,0.434863,33.0696,0.0487293,113.301,7.84057,0.411919,0.573569,32.4476,0.00726813,87.0553,10.2391,0.513705,0.734171,32.181,0.0108467,93.7626,9.16759,0.615577,0.882068,28.418,0.0251586,71.2174,12.0767,0.716953,1.24783,29.8715,0.0128393,59.2515,14.8029,0.817203,1.25707,29.5684,
1.74399,220.387,4.0462,0.207567,0.283705,36.8559,1.5808,173.717,5.02698,0.310074,0.419431,38.239,0.15533,120.61,7.28809,0.411757,0.591321,33.5791,0.0157916,86.3367,10.3143,0.513144,0.755131,34.5218,0.00994915,85.9028,9.97785,0.612797,1.05041,27.1017,0.00825678,78.8051,10.69,0.716735,1.28279,26.5829,0.00567365,71.9895,11.7998,0.816706,1.27437,24.2735,
4.14386,220.753,4.02197,0.207595,0.300382,32.8641,1.49439,165.068,5.33307,0.310327,0.414699,39.4568,0.154634,118.991,7.39688,0.411136,0.595988,31.3352,0.259931,102.983,8.449,0.513315,0.747995,33.5701,0.0124417,88.4617,9.74677,0.614765,0.942795,26.7232,0.0127235,77.1861,10.9779,0.717545,1.2603,28.0534,0.00695573,65.0879,13.3464,0.821009,1.1964,28.0198,
2.34538,238.244,3.67519,0.20762,0.314567,29.2933,1.52336,157.909,5.61337,0.310418,0.408976,33.2281,1.19033,114.062,7.79386,0.411976,0.561346,37.7056,0.0661421,89.6901,9.94287,0.516453,0.690173,34.0797,0.00697281,83.436,10.4436,0.614365,0.927248,28.423,0.0131057,70.7195,12.3349,0.716824,1.08867,26.3146,0.00968342,64.3938,13.4396,0.816635,1.27319,26.596,
1.76799,196.712,4.60161,0.207749,0.274223,38.4222,1.5101,160.088,5.49128,0.310399,0.444876,37.0163,0.387782,136.957,6.32774,0.410862,0.562963,31.6211,0.0120715,90.6846,9.83575,0.512512,0.678971,33.9591,0.0106265,78.3582,11.2646,0.615813,0.88152,28.562,0.0497993,75.1628,11.3264,0.721476,1.25661,29.0656,0.0524393,63.2858,13.5456,0.822432,1.43331,28.137,
4.00838,219.831,4.06019,0.207881,0.280886,33.3696,1.55826,180.179,4.84478,0.309559,0.395685,27.8237,0.300386,127.837,6.83213,0.411975,0.578357,32.7137,0.0109243,94.521,9.32076,0.512618,0.746287,30.3493,0.00856686,82.0402,10.5863,0.614507,0.988285,28.6205,0.0153931,70.383,12.4051,0.717844,1.08508,27.3369,0.0319712,72.9122,11.5017,0.817034,1.3964,22.0629,
1.77299,169.438,5.4146,0.211023,0.276252,37.3663,1.52684,147.468,6.03446,0.314925,0.431738,39.8178,0.0246937,112.437,7.97445,0.411948,0.507472,32.4648,0.00911928,89.6234,9.91965,0.513546,0.724607,32.3923,0.0113873,85.8824,10.0246,0.614807,1.00439,28.5178,0.0093002,72.4632,11.9301,0.715682,1.15432,27.867,0.0117326,67.2073,12.6306,0.816335,1.43235,27.2968,
2.9759,211.59,4.24142,0.207928,0.27678,32.7541,1.29104,165.73,5.30258,0.309812,0.421523,29.682,0.417906,117.837,7.39753,0.412425,0.67633,34.6552,0.0252151,87.0464,10.2593,0.514862,0.713975,30.2495,0.019937,86.8471,9.85068,0.611606,1.05221,27.3331,0.0163418,80.8883,10.4071,0.716579,1.23901,24.7435,0.00445785,66.3746,12.9399,0.816658,1.30946,26.8286,
4.65942,217.032,4.07321,0.207493,0.326903,33.6507,1.56654,166.668,5.26639,0.310119,0.423441,35.6074,0.0546703,102.905,8.75585,0.411389,0.550459,31.838,0.345683,99.6066,8.72077,0.515141,0.803591,34.5843,0.00459394,84.6515,10.2666,0.614673,0.931859,28.4121,0.0229314,78.714,11.0314,0.714375,0.958499,24.0489,0.012999,64.2332,13.2026,0.817078,1.54858,27.362,
1.57512,224.863,3.94636,0.207365,0.293438,34.6893,1.68338,171.951,5.12071,0.309813,0.385092,23.1585,0.0289579,125.138,7.05816,0.41232,0.520728,35.5037,0.0324362,89.3636,10.0095,0.514241,0.666455,36.1407,0.0152777,84.716,10.3125,0.613359,0.878256,28.5788,0.0085245,76.1913,11.2807,0.716233,1.1279,26.3065,0.0132215,67.6384,12.3964,0.815985,1.57215,25.8776,
5.32612,207.209,4.3138,0.207631,0.304607,30.7641,1.48338,154.313,5.73466,0.311469,0.43419,39.5373,0.774468,130.188,6.6834,0.411629,0.58618,31.0933,0.0138009,87.348,10.2158,0.513968,0.718661,32.9559,0.00768706,93.2626,9.12182,0.613697,0.986898,27.0116,0.0179799,76.3824,11.1695,0.715631,1.20686,26.7,0.0126133,63.6848,13.3524,0.818541,1.53134,29.1493,
1.74398,198.715,4.53996,0.208033,0.284331,40.9037,1.56697,167.862,5.23108,0.310678,0.415531,38.9812,1.28155,120.727,7.32434,0.414465,0.544362,33.713,0.00898897,90.6113,9.84048,0.515649,0.680024,33.6732,0.013277,88.0266,9.76232,0.613721,0.984157,30.5716,0.0392797,81.8811,10.2407,0.717011,1.25512,26.4206,0.00286287,63.0421,13.6786,0.817147,1.36664,27.1781,
4.15937,205.384,4.36993,0.208073,0.290935,34.5081,1.5735,145.916,6.12546,0.310829,0.416982,38.9062,0.218382,119.176,7.40552,0.411405,0.574022,30.5115,0.0606233,100.508,8.76955,0.514185,0.665709,30.7837,0.00646832,88.0623,9.87536,0.61458,0.865651,29.583,0.00568529,85.6913,9.80107,0.715027,1.15371,25.2545,0.0052147,67.0779,12.7197,0.815727,1.37261,26.2019,
4.78864,195.778,4.58149,0.207695,0.318647,39.0667,1.60563,168.743,5.13047,0.310245,0.485454,37.8923,1.20174,117.785,7.50975,0.411168,0.569139,32.2291,0.0255854,93.612,9.44921,0.512556,0.720625,32.7236,0.00576852,90.199,9.49758,0.609925,0.979087,26.876,0.00460668,80.307,10.5505,0.715881,1.18588,25.2971,0.0119638,65.0594,12.9958,0.81532,1.5595,29.306,
5.59132,200.153,4.4729,0.207548,0.315732,35.197,1.0976,158.777,5.59633,0.309717,0.392088,33.9442,0.179358,106.677,8.37272,0.4114,0.589979,35.9404,0.0175802,88.545,10.0392,0.512162,0.742355,33.6305,0.0117934,82.5591,10.5237,0.612961,0.975873,28.6783,0.0143838,80.2344,10.6373,0.715604,1.11054,26.0359,0.0271067,66.7197,12.7755,0.815351,1.39728,31.9546,
7.57702,213.104,4.18662,0.207784,0.29814,32.447,1.50914,171.338,5.11125,0.310852,0.41433,40.2528,0.539531,143.221,5.99708,0.411387,0.573763,28.8098,0.0105562,87.6724,10.1539,0.5141,0.738131,32.4199,0.0372523,84.976,10.1931,0.617786,0.957173,27.2047,0.00638103,84.1518,9.96445,0.719613,1.19922,25.7053,0.0104403,61.6624,13.9909,0.816254,1.41016,26.7417,
7.88469,203.799,4.38114,0.207747,0.317898,36.9837,1.46965,160.393,5.48428,0.310351,0.440041,37.9763,0.639388,135.047,6.39275,0.410941,0.601132,30.353,0.0194744,90.1972,9.92028,0.512449,0.654085,30.5372,0.0153906,88.3909,9.74069,0.613422,0.959274,26.5375,0.00867266,85.2608,9.69376,0.715573,1.31939,24.8213,0.0221622,59.3871,14.4153,0.816878,1.60648,30.6582,
5.35112,185.461,4.87449,0.208469,0.309001,34.7326,1.48313,166.175,5.30289,0.309577,0.405269,32.478,0.170583,126.341,6.90997,0.413224,0.591887,32.9737,0.00656276,89.9966,9.85785,0.513871,0.739809,30.9461,0.0105001,86.6874,10.044,0.614795,0.876938,25.8936,0.0175522,74.0416,11.5547,0.717644,1.23359,27.6449,0.01045,62.6572,13.5827,0.816773,1.56037,32.8602,
2.01243,189.219,4.79563,0.209227,0.280031,38.0881,1.46823,148.666,5.98286,0.312263,0.431351,40.0593,0.630243,125.837,6.92415,0.412139,0.610484,33.2841,0.0211861,95.873,9.22343,0.51317,0.693863,33.085,0.00573439,86.4011,10.0067,0.612444,0.954739,27.4106,0.0201406,80.9401,10.4946,0.715881,1.14436,25.872,0.00786039,66.1445,13.0881,0.816775,1.21351,28.8546,
3.3098,184.868,4.92493,0.2082,0.276143,37.0774,1.49681,171.797,5.09206,0.310009,0.418752,28.5007,0.0471658,116.679,7.5948,0.411539,0.564174,33.3444,0.0407462,91.2714,9.70533,0.514229,0.736784,34.6184,0.0182773,84.9081,10.1765,0.61597,0.985007,27.8264,0.0104302,78.1234,10.8168,0.716481,1.26701,26.4925,0.0127163,69.5179,12.197,0.822125,1.36567,25.4249,
6.49128,229.175,3.8234,0.207829,0.332245,29.6974,1.56637,131.833,6.79795,0.313555,0.473856,41.4983,0.569669,119.149,7.38749,0.412063,0.593328,30.8178,0.020772,90.6878,9.82101,0.516103,0.68972,31.8551,0.0127691,88.3534,9.78216,0.620468,0.915552,28.1232,0.229047,79.6559,10.2597,0.716673,1.57768,27.8249,0.0082955,61.8803,13.8839,0.817587,1.45875,30.1968,
6.75252,194.602,4.62528,0.207623,0.305789,37.0856,1.58885,152.369,5.81177,0.310298,0.440934,36.363,1.38553,118.491,7.4782,0.41392,0.547319,36.9602,0.110725,87.6034,10.1955,0.515451,0.70414,35.245,0.00968782,83.7819,10.2426,0.615374,1.07776,30.7398,0.00510658,79.3641,10.7907,0.717726,1.09173,25.5471,0.0693525,64.3113,13.0641,0.817891,1.66737,29.5053,
10.3293,187.979,4.7756,0.2081,0.336036,41.1048,1.46477,153.605,5.77917,0.310958,0.420068,37.836,0.864419,150.877,5.62989,0.411999,0.586004,27.8574,0.307931,97.1872,9.0435,0.514755,0.731167,30.2056,0.0411729,85.8767,10.0095,0.616534,1.0186,33.222,0.0258004,74.7267,11.4917,0.717137,1.17323,27.8092,0.0134482,65.1341,13.1489,0.819387,1.38467,28.571,
5.77208,212.387,4.07122,0.20744,0.429723,30.3752,1.53959,158.667,5.59053,0.309782,0.402207,29.0677,1.14843,137.416,6.2659,0.410608,0.600679,28.0796,0.0219143,91.1386,9.82711,0.51308,0.632113,31.3259,0.010851,86.7777,9.96941,0.613383,0.940903,27.921,0.00587219,75.8242,11.2414,0.717373,1.22959,26.7517,0.00562586,68.6722,12.3259,0.815708,1.42036,27.5278,
6.02565,215.926,4.04084,0.207711,0.382657,32.7663,1.69937,156.757,5.61404,0.311047,0.454228,40.0983,0.738173,145.889,5.83158,0.411011,0.611959,28.2857,0.0779122,85.7249,10.4447,0.514171,0.70634,35.9464,0.00871075,87.6131,9.89259,0.616033,0.905193,27.94,0.0136245,71.4189,12.1437,0.716921,1.14127,27.6733,0.014182,65.6881,12.9208,0.817938,1.48467,29.2736,
8.02956,193.553,4.63021,0.208103,0.328229,36.3556,1.68171,149.189,5.95861,0.310437,0.433879,39.4835,0.0661859,118.397,7.48879,0.410836,0.546552,29.9769,0.0167272,93.953,9.44168,0.514825,0.687117,37.2533,0.0103518,78.9163,11.1521,0.614928,0.904607,29.5956,0.011318,82.2725,10.2817,0.7175,1.15556,26.4379,0.00789149,66.9781,12.7081,0.816277,1.40584,27.3375,
5.52148,178.54,5.05522,0.209353,0.336403,37.4156,1.58875,160.111,5.52349,0.310047,0.412145,30.9654,1.43037,119.414,7.37732,0.412036,0.584843,36.8806,0.0153812,88.2649,10.107,0.514213,0.70834,34.0619,0.01437,88.6932,9.68452,0.613315,0.976988,29.8719,0.0104791,80.2681,10.5185,0.716857,1.22292,30.4293,0.00678035,68.3975,12.3883,0.817025,1.41506,27.0219,
7.96473,188.68,4.78113,0.208496,0.310346,36.6552,1.69982,158.181,5.60794,0.310649,0.403286,34.0874,0.286168,130.316,6.70366,0.412536,0.557436,33.6296,0.0299106,90.5682,9.84918,0.515421,0.676811,33.261,0.00490315,86.6087,9.96528,0.616471,0.964433,27.1963,0.00638743,82.7333,9.98991,0.717132,1.37999,26.2507,0.0132742,59.0937,14.8596,0.817996,1.24471,28.6565,
9.85893,193.566,4.62914,0.208076,0.32899,38.8178,1.58452,147.632,6.03327,0.311225,0.429089,32.8914,0.769512,142.824,6.00388,0.410643,0.587119,28.7559,0.0290762,90.9477,9.6828,0.515606,0.796918,37.8447,0.0126903,90.4261,9.41652,0.612647,1.02959,31.5775,0.0171622,84.1441,9.75149,0.718611,1.41427,27.5411,0.00487072,68.0787,12.6212,0.817546,1.25017,31.3778,
7.49768,212.873,4.1847,0.207885,0.305053,32.32,1.70725,143.792,6.2212,0.31172,0.421555,35.9269,1.39778,137.236,6.2809,0.412651,0.593175,27.888,0.0287076,87.202,10.1582,0.517089,0.792318,29.3923,0.0186019,82.8726,10.4746,0.614391,0.977721,28.18,0.0171657,81.0668,10.4151,0.716298,1.20414,27.6802,0.00667895,59.5825,14.5825,0.818774,1.38217,29.6576,
9.3379,205.166,4.33139,0.207991,0.334719,34.2244,1.6118,144.476,6.19561,0.31119,0.414739,34.1151,0.182625,125.079,7.01823,0.413761,0.562964,33.8763,0.614068,108.543,7.85792,0.514009,0.840999,28.2581,0.00860653,91.533,9.35862,0.613908,0.952497,27.7111,0.0191695,78.9795,10.7946,0.716498,1.15042,27.616,0.0155105,68.0867,12.4663,0.81793,1.40297,25.9168,
10.3532,186.883,4.794,0.209207,0.347747,38.5393,1.64172,172.214,5.08786,0.311265,0.407609,31.7654,0.14713,118.701,7.45668,0.413055,0.554804,32.0587,0.0183357,97.0626,9.13794,0.516668,0.64802,29.4009,0.0124022,80.9177,10.7822,0.613652,0.962389,29.2314,0.00811693,83.0545,10.0749,0.716504,1.24892,27.5731,0.00907445,71.2705,12.0748,0.817092,1.13919,27.0437,
9.24071,198.183,4.4557,0.210403,0.379751,32.3715,1.77591,182.636,4.77532,0.311057,0.388985,20.8291,0.4578,129.12,6.77381,0.412745,0.558172,32.7369,0.0136726,92.3047,9.58223,0.513823,0.737637,34.5701,1.21953,81.5292,10.5045,0.614871,1.14616,29.4153,0.0253625,76.8198,11.1467,0.714201,1.1566,28.4572,0.0202547,62.8649,13.8646,0.815957,1.22653,29.9126,
9.96951,193.751,4.60216,0.207941,0.351171,36.1289,1.6445,156.265,5.67147,0.310529,0.417402,37.4958,0.437178,118.593,7.44631,0.411595,0.574315,31.1028,0.0312868,90.5862,9.72551,0.516038,0.797669,33.549,0.00815338,88.4655,9.83192,0.614301,0.857628,30.2593,0.0323375,74.6539,11.4817,0.716334,1.19714,30.2255,0.0128646,65.5757,13.0306,0.817767,1.40122,27.3024,
9.32085,173.844,5.20581,0.208905,0.337561,37.7111,2.73774,118.459,7.66628,0.314892,0.460561,39.4775,0.610515,137.204,6.33123,0.412881,0.54428,29.5174,0.0187839,90.8154,9.66027,0.513615,0.837471,36.6039,0.02052,88.3321,9.70998,0.612916,0.998017,30.0516,0.00748498,81.6122,10.3411,0.714361,1.19764,26.6709,0.0116988,64.6893,13.0888,0.818124,1.55159,29.6139,
10.0637,204.59,4.32324,0.207339,0.357248,35.8037,1.6517,157.44,5.59069,0.310052,0.450875,35.6277,0.149297,120.774,7.29341,0.411193,0.575357,30.973,0.0308972,89.2622,9.93643,0.509553,0.756975,32.9173,0.509122,86.5614,9.89376,0.613584,1.04515,27.9756,1.54295,71.5748,11.7994,0.718982,1.45299,34.7726,0.0108806,62.2534,13.7054,0.818195,1.53979,29.1643,
10.0351,216.5,4.08333,0.206941,0.328664,34.3456,1.6384,166.277,5.25488,0.310205,0.448994,34.9664,0.564593,141.313,6.08715,0.412495,0.576845,30.4035,0.0777411,89.7227,9.81903,0.514242,0.812177,37.6439,0.0564532,84.392,10.2882,0.618186,0.943126,29.9388,0.00936336,88.6935,9.37898,0.714317,1.18148,22.5873,0.0124377,62.3335,13.8209,0.818117,1.40373,29.1833,
10.6199,209.845,4.18509,0.207843,0.372487,35.2133,1.66022,140.899,6.34929,0.310701,0.437302,35.4109,1.41472,114.353,7.75466,0.411758,0.578432,38.5733,0.0161073,89.2876,10.0314,0.514612,0.653713,30.403,0.0278124,96.5431,8.72434,0.611107,1.02262,29.463,0.08528,78.2383,10.9563,0.716597,1.10861,30.7911,0.00693334,63.3021,13.3676,0.815981,1.61368,28.2994,
10.5033,185.842,4.81348,0.207923,0.359518,36.8426,1.70823,174.569,5.00364,0.309821,0.414951,28.761,1.10762,139.848,6.13795,0.411011,0.601641,27.8306,0.0469978,87.0262,10.2177,0.512358,0.760737,37.3618,0.0204942,89.0601,9.7986,0.618703,0.811073,29.3699,0.833095,80.6746,10.5875,0.715316,1.09262,25.4564,0.0168945,67.4933,12.3197,0.817021,1.67957,27.1808,
10.2677,198.968,4.43234,0.207939,0.385658,35.47,1.72045,160.134,5.54278,0.310541,0.391451,26.2983,1.52864,120.362,7.32837,0.411819,0.568111,34.9793,0.0192855,89.991,9.91359,0.514001,0.684623,31.3004,0.00379598,89.2394,9.61226,0.613581,0.979966,27.8914,0.00943785,75.0772,11.3622,0.72652,1.23087,26.9393,0.0150674,69.6848,12.0747,0.816619,1.45903,28.836,
10.5983,197.379,4.51896,0.207729,0.339703,37.137,1.7325,163.316,5.40381,0.310102,0.409189,30.0044,1.09558,138.165,6.20767,0.410665,0.619419,28.4048,0.0390523,91.0911,9.81082,0.516331,0.650867,32.8424,0.0237808,84.7508,10.2317,0.617781,0.949807,32.9928,0.0100703,79.3849,10.5706,0.716067,1.31018,27.5787,0.00851217,68.2501,12.4322,0.816388,1.4034,29.5289,
10.64,233.924,3.72323,0.206949,0.344713,31.7478,1.70125,167.737,5.23178,0.309479,0.420459,30.0923,0.605846,131.346,6.61696,0.40971,0.586786,29.9672,1.3062,81.9644,11,0.513933,0.686539,38.9976,0.00881567,87.168,9.8163,0.612136,1.04366,28.9109,0.0128064,81.8417,10.2488,0.713965,1.2559,26.3327,0.011158,64.532,13.1521,0.818151,1.52593,28.6365,
10.6582,212.567,4.14457,0.207706,0.352128,34.9774,1.70391,163.409,5.40423,0.309344,0.406049,32.5319,1.37446,137.669,6.23968,0.409624,0.614525,26.1361,0.0422577,90.6414,9.77646,0.514649,0.741381,34.1742,0.0276641,91.3312,9.42424,0.611975,0.912941,28.3721,0.015972,78.7602,10.8038,0.718113,1.17486,30.1951,0.0494734,64.3466,13.3551,0.815705,1.37005,29.1519,
10.9539,198.073,4.46893,0.207495,0.372207,34.6826,1.7373,159.539,5.53232,0.309345,0.426389,30.2291,0.935138,154.035,5.4706,0.411493,0.609929,27.675,0.0155318,91.6652,9.76336,0.514026,0.631878,31.3837,0.045053,86.243,9.94682,0.613341,1.03498,29.2452,0.00816287,78.8637,10.5919,0.716787,1.37145,26.421,0.00898758,63.6676,13.411,0.816382,1.47918,29.0553,
10.9478,210.782,4.16513,0.207593,0.371518,33.7419,1.78045,207.619,4.14094,0.309183,0.36638,19.5615,1.45257,117.722,7.40388,0.410761,0.679913,29.9193,0.0191147,87.7176,10.084,0.514311,0.801961,36.8267,0.00631878,87.0496,9.84372,0.612973,1.03101,28.88,0.0163283,82.2797,10.3583,0.711116,1.08427,25.9542,0.0173476,52.5147,17.0154,0.816507,1.21042,31.5856,
11.2313,209.351,4.18524,0.208117,0.383301,35.3252,1.77855,131.115,6.92052,0.30978,0.39659,31.4923,0.868091,127.145,6.85056,0.410372,0.604103,31.1802,0.0611988,91.3008,9.74711,0.512147,0.693543,32.5366,0.0158112,82.6057,10.5874,0.615579,0.90276,29.5919,0.0129425,77.5359,10.905,0.713691,1.2786,29.4633,0.0305053,65.8916,12.9747,0.815982,1.38572,29.6306,
10.2233,205.914,4.25488,0.207303,0.394205,35.3878,1.71806,153.705,5.74749,0.30956,0.448911,36.3323,0.449927,137.68,6.27627,0.410859,0.576063,30.3565,0.143284,94.4741,9.24628,0.513129,0.825506,32.7887,0.012194,84.2007,10.3288,0.609138,0.938501,28.5486,0.013134,79.3668,10.6077,0.712737,1.27927,25.782,0.0117813,66.456,12.7751,0.815553,1.45693,26.6399,
10.447,207.966,4.15556,0.207085,0.445821,33.8263,1.72598,160.83,5.49359,0.314553,0.409608,35.204,1.53041,130.161,6.67439,0.415645,0.592785,32.5896,0.0191419,94.3575,9.32688,0.51185,0.759255,32.2759,0.0170955,82.9566,10.4645,0.6124,0.977551,31.3605,0.0117152,84.469,9.95234,0.715264,1.17105,25.826,0.0269043,62.2616,13.7501,0.818945,1.49225,29.8057,
13.2851,228.111,3.8209,0.207423,0.355513,29.7774,1.83679,183.692,4.75626,0.309004,0.378617,22.037,1.56125,117.218,7.48462,0.412839,0.633682,37.5489,0.108808,91.0772,9.60274,0.513107,0.86385,33.2391,0.0254059,84.2465,10.3562,0.613217,0.900547,28.4983,0.0364789,90.6636,9.20914,0.718769,1.10187,26.0422,0.0120569,62.7194,13.7672,0.815513,1.36126,27.0246,
10.156,194.482,4.54201,0.207518,0.392337,37.7474,1.77714,145.53,6.10671,0.310521,0.454201,38.7146,1.23421,138.968,6.13965,0.411271,0.644971,28.5063,0.027737,87.5828,10.0819,0.515643,0.820193,35.7114,0.0140251,88.0936,9.80881,0.612349,0.930408,29.2301,0.0195602,80.9181,10.357,0.710973,1.29022,28.1967,0.0212154,64.1198,13.3478,0.81696,1.43108,29.2406,
11.0728,209.877,4.14875,0.207727,0.408218,35.4367,1.75285,151.139,5.88678,0.310119,0.419526,35.7319,0.927091,149.957,5.6552,0.410581,0.602796,28.4304,0.0435408,92.3441,9.66402,0.513376,0.651664,30.9375,0.126713,88.5496,9.69057,0.611375,0.991153,29.1993,0.0156998,74.217,11.5236,0.716309,1.23414,28.9989,0.00545094,64.8854,12.9518,0.816328,1.64365,27.9204,
11.2552,201.924,4.37185,0.207721,0.372795,36.227,1.81457,130.961,6.88926,0.31254,0.434041,35.8286,0.787925,144.651,5.90623,0.411134,0.595819,27.8137,0.175966,88.2372,10.0863,0.513712,0.733033,32.9167,0.0154671,81.358,10.7879,0.611926,0.891535,29.6459,0.0103992,73.4123,11.7073,0.716147,1.1983,27.4911,0.0339224,63.6699,13.3402,0.817044,1.54881,31.838,
12.2426,206.406,4.26151,0.206915,0.376384,36.5663,1.8153,153.587,5.77683,0.310503,0.423637,38.001,0.46861,130.153,6.66249,0.410687,0.610089,31.2428,0.061855,93.1603,9.48335,0.512357,0.738478,34.6095,0.0108957,83.0901,10.4645,0.612547,0.958048,28.4301,0.0186178,76.878,10.9997,0.715238,1.29266,27.2951,0.0196913,68.2075,12.5844,0.8162,1.26057,30.1666,
11.7028,179.011,5.01648,0.207819,0.361943,39.5793,1.79156,137.461,6.55037,0.309675,0.414735,38.4988,0.627519,139.854,6.14999,0.410853,0.58948,28.4863,0.0460613,87.1443,10.2162,0.514006,0.745052,34.8006,0.0201097,88.5934,9.71096,0.611957,0.964607,30.3289,0.0175222,86.8602,9.50101,0.716182,1.29555,24.5187,0.012285,66.4684,12.6455,0.818299,1.58098,28.5444,
11.8045,205.713,4.29227,0.207264,0.361611,37.5974,5.00472,133.438,6.64595,0.309667,0.538487,36.2652,0.797129,152.128,5.58081,0.410999,0.581595,28.342,1.53123,101.111,8.63517,0.510729,0.744185,27.4939,0.0409593,94.1333,9.14684,0.61109,0.8653,29.6217,0.193966,85.2722,9.7187,0.711867,1.29659,27.5632,0.135616,70.2629,11.9778,0.816457,1.438,28.9331,
12.014,216.081,4.05074,0.207247,0.369895,35.3115,1.82636,169.421,5.21234,0.30802,0.382095,21.9822,0.225597,125.948,6.95412,0.410913,0.574781,34.1028,0.355009,93.662,9.30066,0.51275,0.863283,32.8951,0.0113633,81.5499,10.7166,0.612723,0.933058,29.5035,0.0196868,79.7283,10.5112,0.713361,1.31803,25.657,0.776901,62.5885,13.8223,0.816395,1.33868,29.186,
12.3241,194.109,4.58177,0.207728,0.362243,38.9563,5.32473,135.987,6.58487,0.310688,0.458069,33.2449,0.197616,117.127,7.54623,0.413305,0.578241,32.4289,0.0689911,84.6747,10.4791,0.514714,0.816104,34.544,0.0193511,82.1004,10.4851,0.611442,1.08367,30.8074,0.0147115,80.2501,10.3902,0.714885,1.35593,25.3554,0.0109347,69.3752,12.1569,0.815865,1.44165,29.6728,
13.05,184.359,4.83826,0.207769,0.378173,40.0963,1.80685,174.711,5.01665,0.310087,0.397008,29.3072,1.12524,137.725,6.24211,0.411165,0.607568,29.39,1.03739,107.021,7.88435,0.514215,0.945437,26.3923,0.00985158,87.8272,9.7575,0.612436,1.01606,28.8457,0.0363557,82.8648,9.9387,0.715708,1.41344,29.5171,0.202767,67.6144,12.5014,0.817766,1.47061,28.1728,
12.5682,195.944,4.5519,0.207786,0.343805,39.8956,4.70179,129.592,6.86218,0.311133,0.543229,37.758,0.149478,123.362,7.13268,0.411451,0.562078,31.07,0.926081,92.0397,9.56286,0.51375,0.788261,34.9947,0.0144584,91.6521,9.32388,0.610189,0.976757,29.6259,0.0107527,74.511,11.513,0.716671,1.19115,27.5788,0.0727655,65.5324,12.8643,0.817041,1.57825,30.2144,
11.9158,215.67,4.07813,0.207496,0.351085,36.0789,1.82967,147.339,6.07334,0.30939,0.404363,34.5156,0.719162,153.373,5.52703,0.411377,0.581653,27.7578,1.39651,87.2576,10.0868,0.513083,0.860401,38.1716,0.0119655,86.704,10.0555,0.613439,0.864576,27.5274,0.239604,82.76,10.2131,0.716774,1.15322,26.5293,0.0585581,68.0874,12.4234,0.816575,1.44704,29.7177,
12.6609,200.868,4.41015,0.208311,0.359923,37.6885,1.8167,150.904,5.90107,0.311843,0.413807,34.1353,0.467411,129.044,6.77467,0.414544,0.560061,30.3309,0.0168482,90.2554,9.85802,0.514741,0.706909,34.7787,0.0142707,87.1215,9.95036,0.611651,0.916205,30.1484,1.29688,78.0242,10.9894,0.716872,1.11022,26.1341,0.00668703,64.3238,13.2291,0.816455,1.50081,29.9737,
11.7816,221.84,3.91771,0.207247,0.382786,36.3844,1.85633,154.173,5.75752,0.309938,0.418747,35.8,0.623113,139.927,6.18436,0.41026,0.551975,29.7165,1.35552,87.2258,10.1915,0.513284,0.759698,39.1342,0.010617,85.5399,10.1509,0.612724,0.926803,30.7494,1.11885,85.5813,9.55051,0.71362,1.42067,28.7592,0.0109319,67.0577,12.4858,0.81783,1.60887,27.8858,
10.7848,192.949,4.46615,0.207527,0.509041,35.9156,1.86288,136.761,6.58449,0.309663,0.417851,33.5491,1.42424,124.472,7.05431,0.410276,0.569375,30.2198,1.36758,83.5898,10.5857,0.51455,0.862899,39.1677,0.054028,87.778,9.78546,0.613811,0.993113,31.5202,0.0241357,85.7274,9.58187,0.715449,1.36757,28.3115,0.018432,66.7901,12.7113,0.817739,1.44325,29.0959,
12.9168,202.683,4.36282,0.207641,0.363361,39.6915,1.83788,168.25,5.22151,0.309592,0.412443,28.8909,1.69717,119.176,7.42761,0.411193,0.552157,31.1409,1.37223,88.5647,9.95046,0.513984,0.82674,38.4465,0.0102062,92.197,9.23798,0.613355,0.995004,29.9146,0.0509403,83.3678,10.2688,0.716295,1.00997,27.9387,0.0147616,66.807,12.8354,0.816955,1.31617,29.8956,
12.5981,189.943,4.68993,0.20844,0.366359,39.4826,1.85671,158.859,5.57318,0.310141,0.411573,30.8168,1.41992,145.801,5.79511,0.410847,0.652689,28.2031,0.057045,94.1048,9.42694,0.514786,0.684723,35.9579,0.0356877,86.9458,9.90397,0.610905,0.98655,29.6805,0.0240959,82.545,10.2509,0.715826,1.14793,26.9744,0.0132233,63.3053,13.4911,0.817482,1.48792,29.9927,
12.8648,201.522,4.35931,0.208201,0.394719,38.5393,5.10555,145.359,6.05038,0.311167,0.517959,36.3373,0.19558,107.157,8.31878,0.412126,0.601231,34.4652,0.121664,96.4935,9.03922,0.51366,0.810513,33.1582,0.0101352,83.9659,10.4492,0.613281,0.847091,30.0393,0.0108962,76.4111,11.0583,0.715845,1.31296,28.8137,0.0215489,66.8979,12.5906,0.817409,1.54012,26.7569,
13.0148,198.081,4.46092,0.207703,0.379811,37.1133,1.83866,158.209,5.60517,0.310087,0.405508,32.5763,0.386846,135.945,6.38139,0.411412,0.563109,30.91,0.636498,105.741,8.19271,0.511955,0.752375,29.4083,0.00874977,90.1232,9.48866,0.613403,0.993854,28.2111,0.0497969,78.2613,10.615,0.716314,1.44643,27.5602,0.02165,64.1725,13.2435,0.81735,1.52211,28.6531,
12.4503,204.752,4.2769,0.207765,0.399305,37.9844,1.86231,146.415,6.12173,0.310174,0.398,33.6612,1.16467,154.445,5.45188,0.409995,0.612907,27.0561,1.47671,89.1838,9.88022,0.513134,0.819446,34.6196,0.0139766,86.6582,9.89431,0.61585,1.02943,29.1084,0.0153742,80.9376,10.5315,0.715273,1.10839,27.1661,0.0121764,62.4805,13.763,0.819657,1.42234,30.5281,
13.1908,191.904,4.62908,0.207373,0.374474,39.4633,1.89775,170.401,5.17576,0.309345,0.383405,28.7323,0.255056,134.708,6.44714,0.411332,0.564977,33.7794,0.0328089,86.4697,10.3592,0.513541,0.692017,36.8652,0.0190275,89.1808,9.60732,0.611623,0.994228,27.1274,0.0145962,79.4788,10.5943,0.716651,1.27106,27.8556,0.029525,65.43,12.7222,0.817447,1.74382,30.0506,
12.3644,186.132,4.79036,0.209165,0.372997,41.3896,1.78539,156.37,5.63432,0.309887,0.450882,36.4889,0.0520101,114.321,7.74963,0.411131,0.586513,33.0526,0.389938,98.1896,8.90244,0.514353,0.767584,34.0163,0.00942598,87.2145,9.8072,0.613121,1.04566,27.8936,0.0213355,78.6907,10.7754,0.716023,1.21657,27.177,0.0174431,64.7744,12.9391,0.818527,1.68054,29.7606,
12.6821,179.95,4.94331,0.207643,0.406152,40.3889,4.6352,115.2,7.81546,0.310735,0.554325,40.7758,0.847945,151.996,5.55087,0.410495,0.617749,28.4604,0.0197507,93.9713,9.42071,0.516003,0.704831,31.6999,0.0136782,82.4375,10.4413,0.614787,1.07428,30.3719,0.00789863,76.5362,10.9848,0.715563,1.36531,27.8111,0.0115883,69.4709,12.05,0.815579,1.52892,28.6694,
11.0881,190.783,4.54943,0.207814,0.484299,36.7948,1.87447,165.773,5.32245,0.309645,0.400246,32.0815,0.911503,144.091,5.93705,0.41133,0.591671,29.1552,0.168505,99.9201,8.76925,0.515087,0.723665,33.4833,0.00616746,89.2066,9.6804,0.614623,0.914916,28.7348,0.0198452,86.2989,9.68699,0.716431,1.18421,27.4148,0.0616211,63.5054,13.4669,0.817081,1.4627,30.0725,
12.7599,192.828,4.59171,0.208755,0.385498,41.4544,1.92369,147.02,6.05987,0.312883,0.429035,32.1501,0.978674,126.725,6.90591,0.410941,0.574275,30.943,0.0252054,91.1911,9.75379,0.514632,0.697559,34.499,0.0146271,87.5937,9.81589,0.613988,0.986472,30.44,0.602312,74.9209,11.3815,0.714748,1.25116,32.4699,0.0104092,64.0138,13.4185,0.818361,1.38474,29.7502,
12.3585,195.07,4.52998,0.207175,0.389195,40.2133,1.46953,141.531,6.29762,0.310045,0.457913,38.4815,0.659589,142.837,5.99851,0.411005,0.591463,30.1146,1.44082,88.0756,10.044,0.511854,0.798075,35.2747,0.00785039,88.1874,9.84526,0.612587,0.881637,29.3153,0.016172,68.8639,12.5323,0.718499,1.27059,28.5376,0.0185736,63.0541,13.4857,0.81678,1.55694,30.4319,
12.8708,194.362,4.55083,0.207662,0.386533,40.46,1.839,148.272,6.01289,0.310365,0.421106,34.1877,1.16182,135.065,6.39875,0.410845,0.594236,27.6569,0.0182961,104.761,8.38741,0.514587,0.643525,33.5873,0.0156267,93.2475,9.12522,0.614343,0.984579,26.9235,0.0152965,82.4713,10.0851,0.714791,1.32556,28.8058,0.00823329,62.8688,13.3676,0.816307,1.7222,30.5968,
