0,0.9,0,0,
0.000201711,0.9,0.0403422,-3.19525e-19,
0.00060646,0.9,0.0809497,4.50341e-19,
0.00121559,0.9,0.121826,7.1259e-19,
0.00203046,0.9,0.162974,7.98145e-19,
0.00305245,0.9,0.204398,5.52858e-19,
0.00428296,0.9,0.246102,8.08642e-19,
0.0057234,0.9,0.288088,3.64521e-19,
0.0073752,0.9,0.33036,5.78086e-19,
0.00923982,0.9,0.372923,5.80723e-19,
0.0113187,0.9,0.41578,4.54617e-19,
0.0136134,0.9,0.458934,5.86104e-19,
0.0161253,0.9,0.502391,3.27323e-19,
0.0188561,0.9,0.546153,1.85934e-19,
0.0218072,0.9,0.590226,4.60328e-19,
0.0249803,0.9,0.634612,1.04708e-19,
0.0283769,0.9,0.679317,3.23269e-19,
0.0319986,0.9,0.724344,5.34095e-19,
0.0358471,0.9,0.769698,6.22798e-19,
0.039924,0.9,0.815384,6.83826e-19,
0.044231,0.9,0.861406,1.01015e-18,
0.0487699,0.9,0.907768,6.04286e-19,
0.0535423,0.9,0.954475,8.46131e-19,
0.0585499,0.9,1.00153,1.89497e-19,
0.0637946,0.9,1.04895,3.42048e-19,
0.0692782,0.9,1.09672,-7.23092e-20,
0.0750025,0.9,1.14485,3.42187e-20,
0.0809693,0.9,1.19336,1.64823e-19,
0.0871805,0.9,1.24224,2.54107e-19,
0.0936381,0.9,1.29151,1.4238e-19,
0.100344,0.9,1.34116,1.22131e-19,
0.1073,0.9,1.3912,-7.31064e-21,
0.114508,0.9,1.44164,2.42619e-19,
0.12197,0.9,1.49248,2.79533e-19,
0.129689,0.9,1.54373,2.56187e-19,
0.137666,0.9,1.59539,2.9874e-19,
0.145903,0.9,1.64748,1.61844e-19,
0.153973,0.900435,1.61383,0.0869894,
0.16189,0.90126,1.5835,0.165077,
0.169669,0.902438,1.55576,0.235579,
0.177318,0.903937,1.52985,0.299731,
0.184848,0.905753,1.50593,0.363244,
0.192255,0.907857,1.48153,0.420765,
0.199531,0.91022,1.45507,0.472608,
0.206672,0.912898,1.42833,0.535596,
0.213695,0.916092,1.40462,0.638809,
0.220521,0.919726,1.3651,0.72687,
0.226728,0.923597,1.24149,0.774101,
0.232351,0.927638,1.12442,0.808227,
0.237416,0.931792,1.01315,0.830771,
0.241947,0.936015,0.906189,0.844695,
0.24596,0.940275,0.802599,0.851875,
0.24946,0.94456,0.699969,0.857135,
0.252451,0.948863,0.598236,0.860602,
0.254913,0.952677,0.492284,0.762673,
0.256855,0.956044,0.388538,0.673354,
0.25829,0.959007,0.286911,0.592694,
0.259223,0.96161,0.186526,0.52059,
0.259655,0.963892,0.0865262,0.45646,
0.259779,0.965889,0.024707,0.399395,
0.260186,0.967753,0.0814088,0.372768,
0.260954,0.969542,0.153638,0.357729,
0.262068,0.971287,0.222788,0.349084,
0.263513,0.973017,0.289071,0.346017,
0.265277,0.974756,0.352687,0.347834,
0.267346,0.976526,0.413824,0.353944,
0.269709,0.978345,0.472657,0.363843,
0.272356,0.980231,0.529357,0.377105,
0.274965,0.982115,0.521736,0.376769,
0.277138,0.983932,0.434779,0.363519,
0.279082,0.98585,0.388672,0.383549,
0.280583,0.987786,0.300166,0.3871,
0.281647,0.989732,0.212897,0.389361,
0.282668,0.991745,0.20419,0.402546,
0.283474,0.993787,0.161167,0.408341,
0.283953,0.995653,0.0957738,0.37317,
0.28439,0.99736,0.0874703,0.341579,
0.284992,0.998947,0.120404,0.317235,
0.285608,1.00039,0.123267,0.288779,
0.286573,1.0018,0.192841,0.281742,
0.28787,1.0032,0.259541,0.280256,
0.289488,1.00462,0.323562,0.283615,
0.291414,1.00607,0.385088,0.291222,
0.293635,1.00759,0.444291,0.302572,
0.296142,1.00917,0.501334,0.317236,
0.298101,1.01065,0.391907,0.29478,
0.300007,1.01215,0.381153,0.300246,
0.302181,1.01379,0.434756,0.327759,
0.304413,1.01564,0.446476,0.369469,
0.306137,1.01751,0.344721,0.374794,
0.30736,1.0193,0.244721,0.358961,
0.308249,1.0209,0.177735,0.319449,
0.309235,1.0224,0.197101,0.298839,
0.310458,1.02385,0.244746,0.290201,
0.311908,1.02528,0.289911,0.286094,
0.313468,1.02668,0.312066,0.280583,
0.315064,1.02805,0.319079,0.274892,
0.316671,1.0294,0.321425,0.269419,
0.31829,1.03073,0.323823,0.265025,
0.319923,1.03204,0.326673,0.26176,
0.321562,1.03333,0.327791,0.259006,
0.323211,1.03462,0.329805,0.257278,
0.324864,1.0359,0.330656,0.255966,
0.326514,1.03717,0.329954,0.254835,
0.328155,1.03844,0.328091,0.253857,
0.329782,1.0397,0.325379,0.253009,
0.33139,1.04097,0.321743,0.252189,
0.332976,1.04222,0.317077,0.251292,
0.334532,1.04347,0.311317,0.250225,
0.336054,1.04472,0.304401,0.248901,
0.337539,1.04597,0.296977,0.24949,
0.338962,1.04722,0.284628,0.251819,
0.340281,1.04849,0.263721,0.253499,
0.341464,1.04976,0.236672,0.253588,
0.342503,1.05102,0.207759,0.25203,
0.343431,1.05237,0.185509,0.269791,
0.344038,1.05362,0.121386,0.249605,
0.344579,1.05481,0.108365,0.239154,
0.34515,1.05597,0.114086,0.231638,
0.345794,1.0571,0.128864,0.225515,
0.346524,1.0582,0.145909,0.219857,
0.347358,1.05928,0.166798,0.215676,
0.348297,1.06034,0.187843,0.212576,
0.349322,1.06139,0.205119,0.209877,
0.350416,1.06243,0.218696,0.207687,
0.351573,1.06346,0.23144,0.206732,
0.352748,1.06448,0.23489,0.204761,
0.353917,1.0655,0.233915,0.202659,
0.355069,1.0665,0.23032,0.200692,
0.356192,1.0675,0.224616,0.198784,
0.357279,1.06848,0.217356,0.196879,
0.358324,1.06945,0.209118,0.194952,
0.359326,1.07042,0.200445,0.192995,
0.360285,1.07137,0.191807,0.191018,
0.361204,1.07232,0.183623,0.189045,
0.362084,1.07325,0.176082,0.187072,
0.362912,1.07418,0.165658,0.184131,
0.36372,1.07509,0.161484,0.182494,
0.364509,1.07599,0.157899,0.180865,
0.365281,1.07689,0.154276,0.179078,
0.366035,1.07777,0.150862,0.177189,
0.366774,1.07865,0.1479,0.175267,
0.367501,1.07951,0.145381,0.171282,
0.368265,1.08036,0.152688,0.170171,
0.369054,1.0812,0.157836,0.168935,
0.369857,1.08204,0.160607,0.167288,
0.370668,1.08287,0.162306,0.165427,
0.371467,1.08368,0.159647,0.162978,
0.372262,1.08449,0.159044,0.162212,
0.373042,1.08529,0.155988,0.160706,
0.373805,1.08609,0.152619,0.158959,
0.374553,1.08688,0.149538,0.157149,
0.375287,1.08765,0.146833,0.155341,
0.376009,1.08842,0.144442,0.153555,
0.376721,1.08918,0.142301,0.151804,
0.377423,1.08993,0.140558,0.150148,
0.378128,1.09067,0.140951,0.149046,
0.378823,1.09141,0.139058,0.147463,
0.379491,1.09213,0.133466,0.143975,
0.380149,1.09284,0.131678,0.141855,
0.380814,1.09355,0.132892,0.140922,
0.381464,1.09424,0.130041,0.139407,
0.382101,1.09494,0.127357,0.138949,
0.382724,1.09563,0.124749,0.138175,
0.383326,1.09631,0.120402,0.136698,
0.383895,1.09698,0.113704,0.134364,
0.384441,1.09764,0.109282,0.131357,
0.384998,1.09829,0.111306,0.130279,
0.385557,1.09894,0.111825,0.129275,
0.386099,1.09958,0.108463,0.12761,
0.38663,1.10021,0.106073,0.127097,
0.387151,1.10084,0.104322,0.126387,
0.387658,1.10147,0.101295,0.125095,
0.388144,1.10208,0.0973207,0.122405,
0.388615,1.10268,0.0942253,0.120186,
0.389082,1.10328,0.093372,0.118736,
0.38956,1.10387,0.0955691,0.119123,
0.390027,1.10446,0.0933941,0.11734,
0.390486,1.10504,0.0918425,0.115909,
0.390928,1.10561,0.0883261,0.114982,
0.39135,1.10618,0.084385,0.113556,
0.391769,1.10674,0.0837675,0.111698,
0.392193,1.10729,0.084935,0.110608,
0.392618,1.10784,0.0850133,0.109562,
0.393038,1.10838,0.0839062,0.108436,
0.393447,1.10892,0.0818624,0.107202,
0.393836,1.10945,0.0777517,0.105505,
0.394215,1.10997,0.0757823,0.105094,
0.394591,1.11049,0.0751319,0.104605,
0.394957,1.11101,0.0732752,0.10264,
0.395323,1.11151,0.0732241,0.10133,
0.395688,1.11202,0.0729684,0.100187,
0.396049,1.11251,0.0721969,0.099082,
0.396404,1.113,0.0710031,0.0979821,
0.396751,1.11348,0.0693905,0.0968433,
0.397083,1.11397,0.0663723,0.0961973,
0.397406,1.11444,0.0646773,0.0945602,
0.397732,1.11491,0.0650907,0.0935691,
0.398057,1.11537,0.0651657,0.0926536,
0.398381,1.11583,0.0646293,0.0917034,
0.398699,1.11628,0.063651,0.0907152,
0.399011,1.11673,0.0624846,0.0905461,
0.399298,1.11717,0.057382,0.0881112,
0.399591,1.11761,0.0585173,0.0872298,
0.399891,1.11804,0.06004,0.0866333,
0.400191,1.11847,0.0600716,0.0858363,
0.400488,1.1189,0.0594104,0.084961,
0.40078,1.11932,0.0583456,0.0840363,
0.401066,1.11973,0.0571109,0.0830921,
0.401345,1.12014,0.0558483,0.0821467,
0.401618,1.12055,0.0546373,0.0812107,
0.401886,1.12095,0.0535424,0.0802955,
0.40215,1.12135,0.0527919,0.0794576,
0.402409,1.12174,0.0518409,0.0785694,
0.402663,1.12213,0.0508667,0.0776864,
0.402913,1.12251,0.0498953,0.0768147,
0.403157,1.12289,0.0489361,0.0759533,
0.403397,1.12327,0.0479981,0.0751025,
0.403633,1.12364,0.0470868,0.0742626,
0.403864,1.12401,0.0462046,0.0734336,
0.404091,1.12437,0.0453514,0.0726149,
0.404313,1.12473,0.0445268,0.071806,
0.404532,1.12509,0.0437305,0.0710066,
0.404747,1.12544,0.0429612,0.0702164,
0.404958,1.12578,0.0422208,0.0694359,
0.405165,1.12613,0.0415058,0.0686644,
0.405369,1.12647,0.040814,0.0679017,
0.40557,1.1268,0.0401433,0.0671475,
0.405768,1.12713,0.0394921,0.0664017,
0.405962,1.12746,0.0388587,0.0656643,
0.406153,1.12779,0.0382416,0.064935,
0.406341,1.12811,0.0376392,0.0642139,
0.406527,1.12843,0.0370501,0.0635008,
0.406709,1.12874,0.036473,0.0627956,
0.406888,1.12905,0.0359067,0.0620982,
0.407065,1.12936,0.0353501,0.0614086,
0.407239,1.12966,0.0348023,0.0607266,
0.407411,1.12996,0.0342625,0.0600521,
0.407579,1.13026,0.03373,0.0593851,
0.407745,1.13055,0.0332045,0.0587256,
0.407909,1.13084,0.0326852,0.0580733,
0.408069,1.13113,0.0321715,0.0574282,
0.408228,1.13141,0.0316634,0.0567901,
0.408384,1.13169,0.0311606,0.0561591,
0.408537,1.13197,0.030663,0.055535,
0.408688,1.13225,0.0301705,0.0549178,
0.408836,1.13252,0.0296831,0.0543073,
0.408982,1.13279,0.0292007,0.0537036,
0.409126,1.13305,0.0287233,0.0531065,
0.409267,1.13331,0.028251,0.052516,
0.409406,1.13357,0.0277838,0.051932,
0.409543,1.13383,0.0273217,0.0513543,
0.409677,1.13409,0.0268645,0.050783,
0.409809,1.13434,0.0264124,0.0502179,
0.409939,1.13458,0.0259652,0.049659,
0.410066,1.13483,0.0255231,0.0491061,
0.410192,1.13507,0.0250862,0.0485593,
0.410315,1.13531,0.0246546,0.0480185,
0.410436,1.13555,0.0242281,0.0474836,
0.410555,1.13579,0.0238071,0.0469546,
0.410672,1.13602,0.0233913,0.0464314,
0.410787,1.13625,0.0229807,0.0459141,
0.4109,1.13647,0.0225768,0.0454028,
0.411011,1.1367,0.0221877,0.0448994,
0.41112,1.13692,0.0218538,0.0444127,
0.411229,1.13714,0.021805,0.0439932,
0.411337,1.13736,0.0214536,0.043521,
0.411441,1.13757,0.0209641,0.0430236,
0.411543,1.13779,0.0204258,0.0425167,
0.411643,1.138,0.0198834,0.042009,
0.41174,1.1382,0.0193568,0.0415048,
0.411834,1.13841,0.0188527,0.0410061,
0.411926,1.13861,0.0183719,0.0405138,
0.412015,1.13881,0.0179124,0.040028,
0.412103,1.13901,0.0174731,0.0395558,
0.412188,1.1392,0.0170376,0.039108,
0.412271,1.1394,0.0165637,0.0386732,
0.412351,1.13959,0.016042,0.038246,
0.412428,1.13978,0.0154767,0.037824,
0.412503,1.13996,0.014877,0.0374063,
0.412574,1.14015,0.0142525,0.0369924,
0.412642,1.14033,0.0136117,0.0365824,
0.412707,1.14051,0.0129613,0.0361763,
0.412768,1.14069,0.0123047,0.0357737,
0.412827,1.14087,0.0116428,0.0353742,
0.412882,1.14104,0.0109824,0.0349784,
0.412933,1.14122,0.0103277,0.0345865,
0.412982,1.14139,0.00968107,0.0341989,
0.413027,1.14156,0.00904419,0.0338156,
0.413069,1.14172,0.00841798,0.0334365,
0.413108,1.14189,0.00780307,0.0330618,
0.413144,1.14205,0.00719982,0.0326913,
0.413177,1.14221,0.00660849,0.0323252,
0.413207,1.14237,0.00602922,0.0319632,
0.413234,1.14253,0.00546208,0.0316054,
0.413259,1.14269,0.00490713,0.0312517,
0.413281,1.14284,0.00436436,0.0309021,
0.4133,1.143,0.00383377,0.0305566,
0.413316,1.14315,0.00331531,0.030215,
0.413331,1.1433,0.00280882,0.0298773,
0.413342,1.14344,0.00231438,0.0295435,
0.413351,1.14359,0.00183193,0.0292136,
0.413358,1.14374,0.00136138,0.0288874,
0.413363,1.14388,0.000902557,0.028565,
0.413365,1.14402,0.000455222,0.0282462,
0.413365,1.14416,1.94103e-05,0.0279311,
0.413363,1.1443,-0.00040492,0.0276195,
0.413359,1.14443,-0.000817853,0.0273116,
0.413353,1.14457,-0.0012195,0.0270071,
0.413345,1.1447,-0.00160997,0.0267061,
0.413335,1.14483,-0.00198941,0.0264086,
0.413323,1.14496,-0.00235795,0.0261144,
0.413309,1.14509,-0.0027157,0.0258237,
0.413294,1.14522,-0.00306281,0.0255362,
0.413277,1.14535,-0.00339934,0.025252,
0.413258,1.14547,-0.00372527,0.0249712,
0.413238,1.1456,-0.00404012,0.0246937,
0.413217,1.14572,-0.00434341,0.0244196,
0.413193,1.14584,-0.00463525,0.024149,
0.413169,1.14596,-0.00491636,0.0238817,
0.413143,1.14608,-0.00518736,0.0236176,
0.413116,1.14619,-0.00544892,0.0233566,
0.413087,1.14631,-0.00570162,0.0230985,
0.413057,1.14642,-0.00594595,0.0228432,
0.413026,1.14654,-0.00618214,0.02259,
0.412994,1.14665,-0.00640908,0.022339,
0.412961,1.14676,-0.00662611,0.0220904,
0.412927,1.14687,-0.00683303,0.0218442,
0.412892,1.14698,-0.00703001,0.0216006,
0.412856,1.14708,-0.0072175,0.0213596,
0.412819,1.14719,-0.00739606,0.0211212,
0.412781,1.14729,-0.00756635,0.0208855,
0.412742,1.1474,-0.00772904,0.0206524,
0.412703,1.1475,-0.00788476,0.0204221,
0.412663,1.1476,-0.00803408,0.0201943,
0.412622,1.1477,-0.00817754,0.0199692,
0.41258,1.1478,-0.00831556,0.0197466,
0.412538,1.14789,-0.00844853,0.0195267,
0.412495,1.14799,-0.00857677,0.0193093,
0.412452,1.14809,-0.00870061,0.0190943,
0.412408,1.14818,-0.00882018,0.0188819,
0.412363,1.14827,-0.00893561,0.0186719,
0.412318,1.14837,-0.00904698,0.0184643,
0.412272,1.14846,-0.00915363,0.0182593,
0.412226,1.14855,-0.00925391,0.0180571,
0.412179,1.14864,-0.00934971,0.0178574,
0.412132,1.14873,-0.00944196,0.01766,
0.412084,1.14881,-0.00953109,0.0174649,
0.412036,1.1489,-0.00961726,0.0172719,
0.411987,1.14898,-0.00970055,0.0170811,
0.411939,1.14907,-0.00978095,0.0168923,
0.411889,1.14915,-0.00985845,0.0167056,
0.41184,1.14924,-0.00993303,0.0165209,
0.41179,1.14932,-0.0100047,0.0163381,
0.411739,1.1494,-0.0100732,0.0161574,
0.411689,1.14948,-0.0101386,0.0159786,
0.411638,1.14956,-0.0102,0.0158019,
0.411586,1.14963,-0.0102557,0.0156277,
0.411535,1.14971,-0.0103,0.0154567,
0.411483,1.14979,-0.0103187,0.0152918,
0.411432,1.14986,-0.0102702,0.0151403,
0.41138,1.14994,-0.0103471,0.0149699,
0.411328,1.15001,-0.0104939,0.0147878,
0.411274,1.15009,-0.0106726,0.0145997,
0.41122,1.15016,-0.0108569,0.0144161,
0.411165,1.15023,-0.0110452,0.0142482,
0.411108,1.1503,-0.0112644,0.0140896,
0.411051,1.15037,-0.0115217,0.0139364,
0.410992,1.15044,-0.011815,0.0137866,
0.410931,1.15051,-0.0121377,0.0136389,
0.410869,1.15057,-0.012482,0.0134929,
0.410804,1.15064,-0.0128404,0.0133483,
0.410738,1.15071,-0.0132061,0.0132049,
0.41067,1.15077,-0.0135735,0.0130627,
0.410601,1.15084,-0.0139381,0.0129218,
0.410529,1.1509,-0.0142962,0.0127822,
0.410456,1.15096,-0.0146453,0.0126439,
0.410381,1.15103,-0.0149832,0.0125069,
0.410305,1.15109,-0.0153086,0.0123714,
0.410227,1.15115,-0.0156205,0.0122372,
0.410147,1.15121,-0.0159182,0.0121045,
0.410066,1.15127,-0.0162015,0.0119732,
0.409984,1.15133,-0.0164701,0.0118433,
0.4099,1.15139,-0.0167241,0.0117148,
0.409815,1.15145,-0.0169636,0.0115877,
0.409729,1.1515,-0.0171888,0.0114621,
0.409642,1.15156,-0.0174001,0.0113378,
0.409554,1.15162,-0.0175977,0.0112149,
0.409465,1.15167,-0.017782,0.0110933,
0.409376,1.15173,-0.0179533,0.0109732,
0.409285,1.15178,-0.0181121,0.0108543,
0.409194,1.15183,-0.0182588,0.0107368,
0.409102,1.15189,-0.0183937,0.0106205,
0.409009,1.15194,-0.0185173,0.0105056,
0.408916,1.15199,-0.0186299,0.0103919,
0.408822,1.15204,-0.018732,0.0102795,
0.408728,1.15209,-0.0188238,0.0101683,
0.408634,1.15214,-0.0189059,0.0100584,
0.408539,1.15219,-0.0189784,0.00994964,
0.408444,1.15224,-0.0190419,0.0098421,
0.408348,1.15229,-0.0190965,0.00973575,
0.408252,1.15234,-0.0191428,0.00963055,
0.408156,1.15239,-0.0191809,0.00952652,
0.40806,1.15243,-0.0192112,0.00942362,
0.407964,1.15248,-0.019234,0.00932184,
0.407868,1.15253,-0.0192496,0.00922118,
0.407772,1.15257,-0.0192583,0.00912161,
0.407675,1.15262,-0.0192604,0.00902313,
0.407579,1.15266,-0.019256,0.00892572,
0.407483,1.15271,-0.0192456,0.00882936,
0.407387,1.15275,-0.0192293,0.00873406,
0.407291,1.15279,-0.0192074,0.00863979,
0.407195,1.15284,-0.0191801,0.00854654,
0.407099,1.15288,-0.0191477,0.0084543,
0.407004,1.15292,-0.0191103,0.00836305,
0.406908,1.15296,-0.0190682,0.0082728,
0.406813,1.153,-0.0190216,0.00818352,
0.406718,1.15304,-0.0189707,0.0080952,
0.406624,1.15308,-0.0189157,0.00800783,
0.406529,1.15312,-0.0188567,0.0079214,
0.406435,1.15316,-0.018794,0.00783591,
0.406342,1.1532,-0.0187278,0.00775133,
0.406248,1.15324,-0.0186581,0.00766767,
0.406156,1.15328,-0.0185851,0.0075849,
0.406063,1.15331,-0.0185091,0.00750302,
0.405971,1.15335,-0.0184302,0.00742202,
0.405879,1.15339,-0.0183485,0.00734188,
0.405788,1.15342,-0.0182641,0.00726261,
0.405697,1.15346,-0.0181772,0.00718418,
0.405606,1.1535,-0.018088,0.00710659,
0.405516,1.15353,-0.0179965,0.00702983,
0.405427,1.15357,-0.0179029,0.00695389,
0.405338,1.1536,-0.0178072,0.00687877,
0.405249,1.15363,-0.0177097,0.00680444,
0.405161,1.15367,-0.0176104,0.00673091,
0.405074,1.1537,-0.0175095,0.00665816,
0.404987,1.15373,-0.0174069,0.00658619,
0.4049,1.15377,-0.0173029,0.00651499,
0.404814,1.1538,-0.0171976,0.00644454,
0.404729,1.15383,-0.0170909,0.00637485,
0.404644,1.15386,-0.016983,0.00630589,
0.404559,1.15389,-0.0168741,0.00623768,
0.404476,1.15392,-0.0167641,0.00617018,
0.404392,1.15396,-0.0166532,0.00610341,
0.40431,1.15399,-0.0165414,0.00603734,
0.404228,1.15402,-0.0164288,0.00597198,
0.404146,1.15404,-0.0163155,0.00590731,
0.404065,1.15407,-0.0162015,0.00584333,
0.403985,1.1541,-0.0160869,0.00578003,
0.403905,1.15413,-0.0159718,0.0057174,
0.403825,1.15416,-0.0158563,0.00565543,
0.403747,1.15419,-0.0157403,0.00559413,
0.403669,1.15422,-0.015624,0.00553347,
0.403591,1.15424,-0.0155073,0.00547346,
0.403514,1.15427,-0.0153904,0.00541408,
0.403438,1.1543,-0.0152734,0.00535533,
0.403362,1.15432,-0.0151561,0.00529721,
0.403287,1.15435,-0.0150388,0.0052397,
0.403212,1.15438,-0.0149214,0.00518281,
0.403138,1.1544,-0.0148039,0.00512651,
0.403065,1.15443,-0.0146865,0.00507082,
0.402992,1.15445,-0.0145692,0.00501571,
0.40292,1.15448,-0.0144519,0.00496119,
0.402848,1.1545,-0.0143348,0.00490724,
0.402777,1.15453,-0.0142178,0.00485387,
0.402706,1.15455,-0.014101,0.00480106,
0.402636,1.15457,-0.0139845,0.00474881,
0.402567,1.1546,-0.0138682,0.00469712,
0.402498,1.15462,-0.0137521,0.00464597,
0.40243,1.15464,-0.0136364,0.00459537,
0.402362,1.15467,-0.013521,0.0045453,
0.402295,1.15469,-0.013406,0.00449576,
0.402229,1.15471,-0.0132914,0.00444675,
0.402163,1.15473,-0.0131772,0.00439825,
0.402098,1.15475,-0.0130634,0.00435027,
0.402033,1.15478,-0.01295,0.0043028,
0.401969,1.1548,-0.0128371,0.00425583,
0.401905,1.15482,-0.0127247,0.00420936,
0.401842,1.15484,-0.0126128,0.00416338,
0.40178,1.15486,-0.0125014,0.00411789,
0.401718,1.15488,-0.0123905,0.00407288,
0.401656,1.1549,-0.0122802,0.00402835,
0.401595,1.15492,-0.0121704,0.00398429,
0.401535,1.15494,-0.0120612,0.0039407,
0.401475,1.15496,-0.0119526,0.00389756,
0.401416,1.15498,-0.0118446,0.00385489,
0.401357,1.155,-0.0117372,0.00381267,
0.401299,1.15502,-0.0116304,0.00377089,
0.401242,1.15503,-0.0115242,0.00372956,
0.401185,1.15505,-0.0114187,0.00368867,
0.401128,1.15507,-0.0113138,0.00364821,
0.401072,1.15509,-0.0112096,0.00360818,
0.401016,1.15511,-0.011106,0.00356857,
0.400961,1.15512,-0.0110031,0.00352939,
0.400907,1.15514,-0.0109009,0.00349062,
0.400853,1.15516,-0.0107993,0.00345226,
0.400799,1.15518,-0.0106984,0.00341431,
0.400746,1.15519,-0.0105982,0.00337676,
0.400694,1.15521,-0.0104987,0.00333961,
0.400642,1.15523,-0.0103999,0.00330286,
0.40059,1.15524,-0.0103018,0.00326649,
0.400539,1.15526,-0.0102044,0.00323052,
0.400489,1.15527,-0.0101077,0.00319492,
0.400439,1.15529,-0.0100117,0.0031597,
0.400389,1.15531,-0.00991642,0.00312486,
0.40034,1.15532,-0.00982185,0.00309038,
0.400292,1.15534,-0.00972799,0.00305628,
0.400243,1.15535,-0.00963485,0.00302253,
0.400196,1.15537,-0.00954241,0.00298915,
0.400148,1.15538,-0.0094507,0.00295612,
0.400102,1.1554,-0.00935969,0.00292344,
0.400055,1.15541,-0.0092694,0.00289111,
0.400009,1.15543,-0.00917983,0.00285912,
0.399964,1.15544,-0.00909097,0.00282747,
0.399919,1.15545,-0.00900282,0.00279616,
0.399874,1.15547,-0.00891539,0.00276519,
0.39983,1.15548,-0.00882867,0.00273454,
0.399786,1.15549,-0.00874266,0.00270422,
0.399743,1.15551,-0.00865735,0.00267423,
0.3997,1.15552,-0.00857276,0.00264455,
0.399658,1.15553,-0.00848886,0.00261519,
0.399616,1.15555,-0.00840568,0.00258614,
0.399574,1.15556,-0.00832319,0.0025574,
0.399533,1.15557,-0.0082414,0.00252897,
0.399492,1.15558,-0.00816032,0.00250085,
0.399452,1.1556,-0.00807992,0.00247302,
0.399412,1.15561,-0.00800022,0.00244549,
0.399372,1.15562,-0.0079212,0.00241825,
0.399333,1.15563,-0.00784287,0.00239131,
0.399294,1.15565,-0.00776523,0.00236465,
0.399256,1.15566,-0.00768826,0.00233828,
0.399218,1.15567,-0.00761197,0.00231218,
0.39918,1.15568,-0.00753635,0.00228637,
0.399143,1.15569,-0.00746141,0.00226084,
0.399106,1.1557,-0.00738713,0.00223557,
0.399069,1.15571,-0.00731351,0.00221058,
0.399033,1.15572,-0.00724055,0.00218586,
0.398997,1.15574,-0.00716824,0.0021614,
0.398962,1.15575,-0.00709659,0.0021372,
0.398926,1.15576,-0.00702559,0.00211326,
0.398892,1.15577,-0.00695523,0.00208958,
0.398857,1.15578,-0.00688551,0.00206615,
0.398823,1.15579,-0.00681642,0.00204297,
0.398789,1.1558,-0.00674797,0.00202005,
0.398756,1.15581,-0.00668015,0.00199736,
0.398723,1.15582,-0.00661296,0.00197492,
0.39869,1.15583,-0.00654638,0.00195273,
0.398658,1.15584,-0.00648042,0.00193077,
0.398626,1.15585,-0.00641507,0.00190904,
0.398594,1.15586,-0.00635033,0.00188755,
0.398563,1.15587,-0.00628619,0.00186629,
0.398532,1.15587,-0.00622265,0.00184526,
0.398501,1.15588,-0.00615971,0.00182445,
0.39847,1.15589,-0.00609736,0.00180387,
0.39844,1.1559,-0.00603559,0.00178351,
0.39841,1.15591,-0.0059744,0.00176337,
0.398381,1.15592,-0.00591379,0.00174345,
0.398351,1.15593,-0.00585376,0.00172374,
0.398322,1.15594,-0.00579429,0.00170424,
0.398294,1.15594,-0.00573539,0.00168495,
0.398265,1.15595,-0.00567705,0.00166588,
0.398237,1.15596,-0.00561927,0.001647,
0.398209,1.15597,-0.00556203,0.00162833,
0.398182,1.15598,-0.00550535,0.00160987,
0.398155,1.15599,-0.00544921,0.0015916,
0.398128,1.15599,-0.0053936,0.00157352,
0.398101,1.156,-0.00533853,0.00155565,
0.398075,1.15601,-0.005284,0.00153796,
0.398048,1.15602,-0.00522998,0.00152047,
0.398023,1.15602,-0.00517649,0.00150317,
0.397997,1.15603,-0.00512352,0.00148605,
0.397972,1.15604,-0.00507106,0.00146912,
0.397946,1.15605,-0.0050191,0.00145238,
0.397922,1.15605,-0.00496765,0.00143581,
0.397897,1.15606,-0.0049167,0.00141942,
0.397873,1.15607,-0.00486625,0.00140321,
0.397849,1.15607,-0.00481629,0.00138718,
0.397825,1.15608,-0.00476681,0.00137132,
0.397801,1.15609,-0.00471782,0.00135563,
0.397778,1.15609,-0.00466931,0.00134012,
0.397755,1.1561,-0.00462127,0.00132477,
0.397732,1.15611,-0.0045737,0.00130959,
0.397709,1.15611,-0.0045266,0.00129457,
0.397687,1.15612,-0.00447996,0.00127972,
0.397665,1.15613,-0.00443378,0.00126502,
0.397643,1.15613,-0.00438805,0.00125049,
0.397621,1.15614,-0.00434278,0.00123611,
0.3976,1.15615,-0.00429795,0.0012219,
0.397578,1.15615,-0.00425357,0.00120783,
0.397557,1.15616,-0.00420962,0.00119392,
0.397536,1.15616,-0.0041661,0.00118016,
0.397516,1.15617,-0.00412302,0.00116656,
0.397495,1.15617,-0.00408036,0.00115309,
0.397475,1.15618,-0.00403813,0.00113978,
0.397455,1.15619,-0.00399632,0.00112661,
0.397435,1.15619,-0.00395491,0.00111359,
0.397416,1.1562,-0.00391393,0.00110071,
0.397396,1.1562,-0.00387334,0.00108797,
0.397377,1.15621,-0.00383316,0.00107536,
0.397358,1.15621,-0.00379339,0.0010629,
0.39734,1.15622,-0.003754,0.00105057,
0.397321,1.15622,-0.00371501,0.00103838,
0.397303,1.15623,-0.00367641,0.00102632,
0.397284,1.15623,-0.0036382,0.00101439,
0.397266,1.15624,-0.00360037,0.00100259,
0.397249,1.15624,-0.00356291,0.000990927,
0.397231,1.15625,-0.00352583,0.000979387,
0.397214,1.15625,-0.00348912,0.000967974,
0.397196,1.15626,-0.00345278,0.000956687,
0.397179,1.15626,-0.00341681,0.000945523,
0.397162,1.15627,-0.00338119,0.000934482,
0.397146,1.15627,-0.00334593,0.000923562,
0.397129,1.15628,-0.00331103,0.000912763,
0.397113,1.15628,-0.00327647,0.000902082,
0.397096,1.15629,-0.00324226,0.000891519,
0.39708,1.15629,-0.0032084,0.000881072,
0.397064,1.15629,-0.00317488,0.00087074,
0.397049,1.1563,-0.00314169,0.000860523,
0.397033,1.1563,-0.00310884,0.000850417,
0.397018,1.15631,-0.00307632,0.000840424,
0.397003,1.15631,-0.00304412,0.000830541,
0.396988,1.15632,-0.00301225,0.000820766,
0.396973,1.15632,-0.0029807,0.0008111,
0.396958,1.15632,-0.00294948,0.000801541,
0.396943,1.15633,-0.00291856,0.000792087,
0.396929,1.15633,-0.00288796,0.000782738,
0.396915,1.15634,-0.00285767,0.000773492,
0.3969,1.15634,-0.00282768,0.000764349,
0.396886,1.15634,-0.002798,0.000755307,
0.396873,1.15635,-0.00276862,0.000746366,
0.396859,1.15635,-0.00273953,0.000737523,
0.396845,1.15635,-0.00271074,0.000728779,
0.396832,1.15636,-0.00268224,0.000720132,
0.396819,1.15636,-0.00265403,0.000711581,
0.396806,1.15637,-0.00262611,0.000703125,
0.396793,1.15637,-0.00259846,0.000694763,
0.39678,1.15637,-0.0025711,0.000686494,
0.396767,1.15638,-0.00254401,0.000678317,
0.396754,1.15638,-0.0025172,0.000670232,
0.396742,1.15638,-0.00249066,0.000662236,
0.39673,1.15639,-0.0024644,0.00065433,
0.396717,1.15639,-0.00243839,0.000646512,
0.396705,1.15639,-0.00241265,0.000638781,
0.396693,1.15639,-0.00238718,0.000631137,
0.396682,1.1564,-0.00236196,0.000623578,
0.39667,1.1564,-0.002337,0.000616104,
0.396658,1.1564,-0.00231229,0.000608714,
0.396647,1.15641,-0.00228783,0.000601406,
0.396636,1.15641,-0.00226362,0.00059418,
0.396624,1.15641,-0.00223966,0.000587035,
0.396613,1.15642,-0.00221594,0.000579971,
0.396602,1.15642,-0.00219246,0.000572985,
0.396592,1.15642,-0.00216922,0.000566079,
0.396581,1.15642,-0.00214622,0.00055925,
0.39657,1.15643,-0.00212345,0.000552498,
0.39656,1.15643,-0.00210091,0.000545822,
0.396549,1.15643,-0.0020786,0.000539221,
0.396539,1.15644,-0.00205651,0.000532695,
0.396529,1.15644,-0.00203466,0.000526243,
0.396519,1.15644,-0.00201302,0.000519864,
0.396509,1.15644,-0.0019916,0.000513556,
0.396499,1.15645,-0.0019704,0.000507321,
0.396489,1.15645,-0.00194942,0.000501155,
0.39648,1.15645,-0.00192865,0.00049506,
0.39647,1.15645,-0.00190809,0.000489034,
0.396461,1.15646,-0.00188774,0.000483076,
0.396451,1.15646,-0.0018676,0.000477186,
0.396442,1.15646,-0.00184316,0.000469029,
0.396433,1.15646,-0.00180727,0.000458484,
0.396424,1.15646,-0.00175645,0.000447064,
0.396416,1.15647,-0.0016913,0.000435603,
0.396408,1.15647,-0.00161431,0.000424541,
0.3964,1.15647,-0.00152863,0.000414088,
0.396393,1.15647,-0.00143748,0.000404322,
0.396386,1.15648,-0.00134379,0.000395251,
0.39638,1.15648,-0.00125005,0.000386838,
0.396374,1.15648,-0.0011583,0.000379029,
0.396369,1.15648,-0.00107009,0.000371761,
0.396364,1.15648,-0.000986595,0.000364971,
0.396359,1.15648,-0.000908603,0.000358596,
0.396355,1.15649,-0.000836607,0.000352581,
0.396351,1.15649,-0.000770851,0.000346875,
0.396348,1.15649,-0.000711381,0.000341432,
0.396344,1.15649,-0.000658086,0.000336214,
0.396341,1.15649,-0.000610743,0.000331187,
0.396338,1.15649,-0.000569041,0.000326322,
0.396336,1.1565,-0.000532615,0.000321595,
0.396333,1.1565,-0.000501065,0.000316986,
0.396331,1.1565,-0.000473973,0.000312479,
0.396329,1.1565,-0.000450919,0.00030806,
0.396327,1.1565,-0.00043149,0.000303719,
0.396324,1.1565,-0.000415288,0.000299446,
0.396322,1.15651,-0.000401935,0.000295235,
0.39632,1.15651,-0.00039108,0.000291081,
0.396319,1.15651,-0.000382397,0.000286981,
0.396317,1.15651,-0.000375589,0.000282931,
0.396315,1.15651,-0.000370387,0.000278928,
0.396313,1.15651,-0.000366549,0.000274973,
0.396311,1.15651,-0.000363862,0.000271064,
0.396309,1.15652,-0.000362134,0.000267201,
0.396308,1.15652,-0.000361201,0.000263383,
0.396306,1.15652,-0.000360917,0.00025961,
0.396304,1.15652,-0.000361158,0.000255882,
0.396302,1.15652,-0.000361819,0.0002522,
0.3963,1.15652,-0.000362808,0.000248563,
0.396299,1.15652,-0.000364052,0.000244971,
0.396297,1.15652,-0.000365487,0.000241424,
0.396295,1.15653,-0.000367064,0.000237923,
0.396293,1.15653,-0.000368742,0.000234466,
0.396291,1.15653,-0.000370493,0.000231052,
0.396289,1.15653,-0.000372296,0.000227682,
0.396287,1.15653,-0.000374139,0.000224353,
0.396286,1.15653,-0.000376019,0.000221063,
0.396284,1.15653,-0.000377942,0.000217811,
0.396282,1.15653,-0.000379919,0.000214593,
0.39628,1.15653,-0.000381965,0.000211407,
0.396278,1.15654,-0.000384087,0.000208251,
0.396276,1.15654,-0.000386249,0.000205127,
0.396274,1.15654,-0.000388272,0.000202048,
0.396272,1.15654,-0.00038957,0.000199064,
0.39627,1.15654,-0.000388402,0.000196327,
0.396268,1.15654,-0.000379843,0.000194264,
0.396267,1.15654,-0.000350246,0.000194058,
0.396265,1.15654,-0.000262121,0.000198952,
0.396265,1.15654,-1.27179e-05,0.000217807,
0.396267,1.15654,0.000335646,0.000246466,
0.396271,1.15655,0.000738953,0.000281998,
0.396276,1.15655,0.00116593,0.000322339,
0.396284,1.15655,0.00159424,0.000366022,
0.396294,1.15655,0.00200782,0.000411988,
0.396306,1.15655,0.00239517,0.000459448,
0.39632,1.15656,0.00274812,0.000507794,
0.396335,1.15656,0.00306105,0.000556531,
0.396352,1.15656,0.00333035,0.000605231,
0.39637,1.15657,0.00355396,0.0006535,
0.396388,1.15657,0.00373098,0.000700953,
0.396408,1.15657,0.00386108,0.000747161,
0.396427,1.15658,0.00394341,0.00079154,
0.396447,1.15658,0.00397377,0.000833062,
0.396467,1.15658,0.00393755,0.000869427,
0.396486,1.15659,0.00379053,0.000894784,
0.396503,1.15659,0.00340689,0.000893398,
0.396515,1.1566,0.00243697,0.00082215,
0.396514,1.1566,-0.000230305,0.000634638,
0.396504,1.1566,-0.0019564,0.000480007,
0.39649,1.15661,-0.00295101,0.000352784,
0.396473,1.15661,-0.00340001,0.000253129,
0.396455,1.15661,-0.00349266,0.000192645,
0.396438,1.15661,-0.00338081,0.000156766,
0.396422,1.15661,-0.00316003,0.000136142,
0.396408,1.15661,-0.00288996,0.000124843,
0.396395,1.15661,-0.00260723,0.0001191,
0.396383,1.15661,-0.00233365,0.000116517,
0.396373,1.15661,-0.00208156,0.000115568,
0.396364,1.15661,-0.00185717,0.000115295,
0.396355,1.15661,-0.00166282,0.000115103,
0.396348,1.15661,-0.00149845,0.000114636,
0.396341,1.15661,-0.00136252,0.000113697,
0.396335,1.15661,-0.00125264,0.000112191,
0.396329,1.15661,-0.00116599,0.000110098,
0.396323,1.15662,-0.00109938,0.000107453,
0.396318,1.15662,-0.00104923,0.000104361,
0.396313,1.15662,-0.00101094,0.000101034,
0.396308,1.15662,-0.000977324,9.79217e-05,
0.396303,1.15662,-0.000935325,9.59719e-05,
0.396299,1.15662,-0.000890091,9.47751e-05,
0.396295,1.15662,-0.000844974,9.4043e-05,
0.396291,1.15662,-0.000802062,9.35746e-05,
0.396287,1.15662,-0.000762564,9.32317e-05,
0.396283,1.15662,-0.000727087,9.29212e-05,
0.39628,1.15662,-0.000695836,9.25821e-05,
0.396276,1.15662,-0.000668758,9.21758e-05,
0.396273,1.15662,-0.000645635,9.16798e-05,
0.39627,1.15662,-0.000626164,9.10823e-05,
0.396267,1.15662,-0.000609996,9.03791e-05,
0.396264,1.15662,-0.000596771,8.95708e-05,
0.396261,1.15662,-0.000586138,8.86613e-05,
0.396258,1.15662,-0.000577762,8.76565e-05,
0.396255,1.15662,-0.00057133,8.65639e-05,
0.396253,1.15662,-0.000566541,8.53928e-05,
0.39625,1.15662,-0.000563081,8.41558e-05,
0.396247,1.15662,-0.000560567,8.28722e-05,
0.396244,1.15663,-0.000558422,8.15773e-05,
0.396241,1.15663,-0.000555581,8.03418e-05,
0.396239,1.15663,-0.000549905,7.93142e-05,
0.396236,1.15663,-0.000542555,7.84282e-05,
0.396233,1.15663,-0.000534376,7.76333e-05,
0.396231,1.15663,-0.000525976,7.6891e-05,
0.396228,1.15663,-0.000517778,7.61725e-05,
0.396225,1.15663,-0.000510072,7.5456e-05,
0.396223,1.15663,-0.000503045,7.4726e-05,
0.39622,1.15663,-0.000496811,7.39709e-05,
0.396218,1.15663,-0.000491427,7.31829e-05,
0.396216,1.15663,-0.000486915,7.23565e-05,
0.396213,1.15663,-0.00048327,7.14885e-05,
0.396211,1.15663,-0.000480465,7.05769e-05,
0.396208,1.15663,-0.000478464,6.96212e-05,
0.396206,1.15663,-0.000477218,6.86219e-05,
0.396204,1.15663,-0.000476667,6.75806e-05,
0.396201,1.15663,-0.000476729,6.65008e-05,
0.396199,1.15663,-0.000477288,6.53884e-05,
0.396196,1.15663,-0.000478139,6.42554e-05,
0.396194,1.15663,-0.000478899,6.31255e-05,
0.396192,1.15663,-0.000478798,6.20471e-05,
0.396189,1.15663,-0.00047626,6.11196e-05,
0.396187,1.15663,-0.000472198,6.02985e-05,
0.396185,1.15663,-0.0004673,5.95483e-05,
0.396182,1.15663,-0.000462073,5.88412e-05,
0.39618,1.15663,-0.000456887,5.81557e-05,
0.396178,1.15663,-0.000452002,5.74752e-05,
0.396175,1.15663,-0.000447598,5.67872e-05,
0.396173,1.15664,-0.00044379,5.60823e-05,
0.396171,1.15664,-0.000440647,5.53539e-05,
0.396169,1.15664,-0.000438204,5.45973e-05,
0.396167,1.15664,-0.000436471,5.38093e-05,
0.396165,1.15664,-0.000435438,5.29882e-05,
0.396162,1.15664,-0.000435081,5.21333e-05,
0.39616,1.15664,-0.000435366,5.12447e-05,
0.396158,1.15664,-0.000436241,5.03239e-05,
0.396156,1.15664,-0.000437633,4.93739e-05,
0.396154,1.15664,-0.000439428,4.84002e-05,
0.396151,1.15664,-0.000441426,4.74137e-05,
0.396149,1.15664,-0.000443259,4.6435e-05,
0.396147,1.15664,-0.000444207,4.55046e-05,
0.396145,1.15664,-0.000442869,4.47022e-05,
0.396143,1.15664,-0.000440045,4.39931e-05,
0.39614,1.15664,-0.00043635,4.33491e-05,
0.396138,1.15664,-0.000432249,4.27475e-05,
0.396136,1.15664,-0.00042809,4.217e-05,
0.396134,1.15664,-0.000424126,4.16024e-05,
0.396132,1.15664,-0.000420537,4.10334e-05,
0.39613,1.15664,-0.000417444,4.04546e-05,
0.396128,1.15664,-0.000414927,3.98595e-05,
0.396126,1.15664,-0.000413031,3.92436e-05,
0.396124,1.15664,-0.000411774,3.86037e-05,
0.396121,1.15664,-0.000411159,3.79377e-05,
0.396119,1.15664,-0.00041117,3.72446e-05,
0.396117,1.15664,-0.000411779,3.65244e-05,
0.396115,1.15664,-0.000412941,3.57781e-05,
0.396113,1.15664,-0.000414584,3.50084e-05,
0.396111,1.15664,-0.000416598,3.42201e-05,
0.396109,1.15664,-0.00041879,3.34225e-05,
0.396107,1.15664,-0.00042081,3.26333e-05,
0.396105,1.15664,-0.000422005,3.18855e-05,
0.396103,1.15664,-0.000421156,3.12413e-05,
0.396101,1.15664,-0.000418943,3.06744e-05,
0.396099,1.15664,-0.000415899,3.0163e-05,
0.396097,1.15664,-0.000412438,2.96891e-05,
0.396094,1.15664,-0.000408872,2.92377e-05,
0.396092,1.15664,-0.000405438,2.87969e-05,
0.39609,1.15664,-0.000402306,2.83573e-05,
0.396088,1.15664,-0.000399597,2.79113e-05,
0.396086,1.15664,-0.000397392,2.74535e-05,
0.396084,1.15664,-0.000395743,2.69793e-05,
0.396082,1.15664,-0.000394675,2.64859e-05,
0.396081,1.15664,-0.000394198,2.59712e-05,
0.396079,1.15664,-0.000394302,2.54342e-05,
0.396077,1.15664,-0.000394967,2.48746e-05,
0.396075,1.15664,-0.000396149,2.42934e-05,
0.396073,1.15664,-0.000397785,2.36925e-05,
0.396071,1.15664,-0.000399765,2.30766e-05,
0.396069,1.15664,-0.000401904,2.24536e-05,
0.396067,1.15664,-0.000403877,2.18382e-05,
0.396065,1.15664,-0.000405095,2.12572e-05,
0.396063,1.15664,-0.000404504,2.07586e-05,
0.396061,1.15664,-0.000402679,2.03229e-05,
0.396059,1.15665,-0.000400079,1.99333e-05,
0.396057,1.15665,-0.000397067,1.95754e-05,
0.396055,1.15665,-0.000393923,1.92375e-05,
0.396053,1.15665,-0.000390863,1.89097e-05,
0.396051,1.15665,-0.000388047,1.8584e-05,
0.396049,1.15665,-0.000385592,1.82543e-05,
0.396047,1.15665,-0.000383578,1.79154e-05,
0.396045,1.15665,-0.000382061,1.75636e-05,
0.396043,1.15665,-0.000381073,1.71962e-05,
0.396041,1.15665,-0.000380625,1.68112e-05,
0.396039,1.15665,-0.000380718,1.64076e-05,
0.396037,1.15665,-0.000381332,1.59852e-05,
0.396035,1.15665,-0.000382432,1.55445e-05,
0.396033,1.15665,-0.000383957,1.50876e-05,
0.396032,1.15665,-0.000385801,1.46181e-05,
0.39603,1.15665,-0.000387791,1.41431e-05,
0.396028,1.15665,-0.000389624,1.36745e-05,
0.396026,1.15665,-0.000390776,1.32339e-05,
0.396024,1.15665,-0.000390336,1.28583e-05,
0.396022,1.15665,-0.000388789,1.25331e-05,
0.39602,1.15665,-0.000386529,1.22455e-05,
0.396018,1.15665,-0.000383872,1.19843e-05,
0.396016,1.15665,-0.000381069,1.17401e-05,
0.396014,1.15665,-0.000378312,1.15049e-05,
0.396012,1.15665,-0.000375752,1.12724e-05,
0.39601,1.15665,-0.000373498,1.1037e-05,
0.396009,1.15665,-0.000371631,1.07947e-05,
0.396007,1.15665,-0.000370207,1.05421e-05,
0.396005,1.15665,-0.000369261,1.02768e-05,
0.396003,1.15665,-0.00036881,9.99712e-06,
0.396001,1.15665,-0.000368856,9.702e-06,
0.395999,1.15665,-0.000369387,9.39118e-06,
0.395997,1.15665,-0.000370371,9.06518e-06,
0.395996,1.15665,-0.000371748,8.7257e-06,
0.395994,1.15665,-0.000373424,8.37591e-06,
0.395992,1.15665,-0.000375233,8.02155e-06,
0.39599,1.15665,-0.000376902,7.67255e-06,
0.395988,1.15665,-0.000377959,7.34593e-06,
0.395986,1.15665,-0.000377621,7.07009e-06,
0.395984,1.15665,-0.000376296,6.8342e-06,
0.395982,1.15665,-0.000374322,6.62852e-06,
0.395981,1.15665,-0.000371972,6.44447e-06,
0.395979,1.15665,-0.000369469,6.27462e-06,
0.395977,1.15665,-0.000366984,6.11266e-06,
0.395975,1.15665,-0.000364656,5.95328e-06,
0.395973,1.15665,-0.000362589,5.79208e-06,
0.395971,1.15665,-0.00036086,5.62554e-06,
0.39597,1.15665,-0.000359524,5.45085e-06,
0.395968,1.15665,-0.000358619,5.26589e-06,
0.395966,1.15665,-0.000358166,5.06917e-06,
0.395964,1.15665,-0.00035817,4.85978e-06,
0.395962,1.15665,-0.000358623,4.63744e-06,
0.395961,1.15665,-0.000359494,4.40264e-06,
0.395959,1.15665,-0.000360733,4.15669e-06,
0.395957,1.15665,-0.000362246,3.90235e-06,
0.395955,1.15665,-0.000363883,3.64438e-06,
0.395953,1.15665,-0.000365392,3.39078e-06,
0.395952,1.15665,-0.000366358,3.15487e-06,
0.39595,1.15665,-0.000366105,2.95825e-06,
0.395948,1.15665,-0.000364977,2.79293e-06,
0.395946,1.15665,-0.000363262,2.65159e-06,
0.395944,1.15665,-0.000361198,2.52768e-06,
0.395943,1.15665,-0.000358978,2.41543e-06,
0.395941,1.15665,-0.000356757,2.30986e-06,
0.395939,1.15665,-0.00035466,2.20669e-06,
0.395937,1.15665,-0.000352783,2.1024e-06,
0.395935,1.15665,-0.000351201,1.99405e-06,
0.395934,1.15665,-0.000349968,1.87931e-06,
0.395932,1.15665,-0.000349121,1.7564e-06,
0.39593,1.15665,-0.000348683,1.62404e-06,
0.395928,1.15665,-0.000348664,1.48144e-06,
0.395927,1.15665,-0.000349056,1.32836e-06,
0.395925,1.15665,-0.000349835,1.16517e-06,
0.395923,1.15665,-0.000350952,9.92986e-07,
0.395921,1.15665,-0.000352322,8.14083e-07,
0.39592,1.15665,-0.000353806,6.32316e-07,
0.395918,1.15665,-0.000355178,4.54048e-07,
0.395916,1.15665,-0.000356069,2.89608e-07,
0.395914,1.15665,-0.000355899,1.55227e-07,
0.395913,1.15665,-0.000354957,4.50726e-08,
0.395911,1.15665,-0.000353489,-4.62881e-08,
0.395909,1.15665,-0.000351697,-1.2381e-07,
0.395907,1.15665,-0.000349753,-1.91928e-07,
0.395906,1.15665,-0.000347794,-2.54514e-07,
0.395904,1.15665,-0.000345931,-3.14926e-07,
0.395902,1.15665,-0.000344255,-3.75999e-07,
0.3959,1.15665,-0.000342835,-4.40098e-07,
0.395899,1.15665,-0.000341723,-5.09108e-07,
0.395897,1.15665,-0.000340957,-5.8452e-07,
0.395895,1.15665,-0.00034056,-6.67382e-07,
0.395894,1.15665,-0.000340542,-7.58353e-07,
0.395892,1.15665,-0.000340901,-8.57645e-07,
0.39589,1.15665,-0.000341614,-9.64981e-07,
0.395888,1.15665,-0.000342637,-1.07939e-06,
0.395887,1.15665,-0.000343893,-1.19907e-06,
0.395885,1.15665,-0.000345255,-1.32095e-06,
0.395883,1.15665,-0.00034654,-1.43071e-06,
0.395882,1.15665,-0.000347476,-1.50527e-06,
0.39588,1.15665,-0.000347593,-1.55118e-06,
0.395878,1.15665,-0.000347142,-1.5739e-06,
0.395876,1.15665,-0.000346329,-1.57795e-06,
0.395875,1.15665,-0.000345332,-1.56709e-06,
0.395873,1.15665,-0.000344299,-1.54445e-06,
0.395871,1.15665,-0.000343351,-1.51261e-06,
0.395869,1.15665,-0.000342593,-1.47372e-06,
0.395868,1.15665,-0.000342108,-1.42954e-06,
0.395866,1.15665,-0.000341964,-1.38153e-06,
0.395864,1.15665,-0.000342214,-1.33089e-06,
0.395863,1.15665,-0.000342899,-1.27858e-06,
0.395861,1.15665,-0.000344048,-1.22541e-06,
0.395859,1.15665,-0.000345673,-1.17202e-06,
0.395857,1.15665,-0.000347775,-1.11892e-06,
0.395856,1.15665,-0.000350335,-1.06652e-06,
0.395854,1.15665,-0.000353308,-1.01514e-06,
0.395852,1.15665,-0.000356617,-9.65036e-07,
0.39585,1.15665,-0.000360132,-9.1639e-07,
0.395848,1.15665,-0.000363646,-8.6934e-07,
0.395847,1.15665,-0.000366837,-8.23982e-07,
0.395845,1.15665,-0.000369219,-7.80378e-07,
0.395843,1.15665,-0.000370941,-7.38563e-07,
0.395841,1.15665,-0.000372138,-6.98549e-07,
0.395839,1.15665,-0.000372933,-6.60329e-07,
0.395837,1.15665,-0.000373438,-6.23882e-07,
0.395835,1.15665,-0.000373754,-5.89178e-07,
0.395834,1.15665,-0.000373969,-5.56175e-07,
0.395832,1.15665,-0.000374166,-5.24825e-07,
0.39583,1.15665,-0.000374412,-4.95076e-07,
0.395828,1.15665,-0.000374772,-4.66871e-07,
0.395826,1.15665,-0.000375295,-4.40153e-07,
0.395824,1.15665,-0.000376025,-4.1486e-07,
0.395822,1.15665,-0.000376992,-3.90933e-07,
0.39582,1.15665,-0.000378214,-3.68311e-07,
0.395819,1.15665,-0.00037969,-3.46933e-07,
0.395817,1.15665,-0.000381398,-3.26742e-07,
0.395815,1.15665,-0.000383285,-3.07679e-07,
0.395813,1.15665,-0.000385249,-2.89689e-07,
0.395811,1.15665,-0.000387126,-2.72716e-07,
0.395809,1.15665,-0.00038865,-2.56708e-07,
0.395807,1.15665,-0.000389421,-2.41615e-07,
0.395805,1.15665,-0.000389583,-2.27389e-07,
0.395803,1.15665,-0.000389267,-2.13981e-07,
0.395801,1.15665,-0.00038859,-2.01349e-07,
0.395799,1.15665,-0.000387661,-1.89449e-07,
0.395797,1.15665,-0.000386575,-1.7824e-07,
0.395795,1.15665,-0.000385419,-1.67686e-07,
0.395793,1.15665,-0.000384271,-1.57748e-07,
0.395792,1.15665,-0.000383198,-1.48391e-07,
0.39579,1.15665,-0.000382259,-1.39584e-07,
0.395788,1.15665,-0.000381503,-1.31294e-07,
0.395786,1.15665,-0.000380972,-1.23492e-07,
0.395784,1.15665,-0.000380692,-1.16149e-07,
0.395782,1.15665,-0.000380681,-1.0924e-07,
0.39578,1.15665,-0.00038094,-1.02739e-07,
0.395778,1.15665,-0.000381446,-9.66231e-08,
0.395776,1.15665,-0.00038215,-9.08687e-08,
0.395774,1.15665,-0.000382964,-8.54553e-08,
0.395772,1.15665,-0.000383739,-8.03629e-08,
0.395771,1.15665,-0.000384245,-7.55727e-08,
0.395769,1.15665,-0.000384142,-7.10668e-08,
0.395767,1.15665,-0.000383555,-6.68287e-08,
0.395765,1.15665,-0.000382596,-6.28425e-08,
0.395763,1.15665,-0.000381369,-5.90934e-08,
0.395761,1.15665,-0.000379966,-5.55674e-08,
0.395759,1.15665,-0.00037847,-5.22512e-08,
0.395757,1.15665,-0.000376957,-4.91325e-08,
0.395755,1.15665,-0.000375492,-4.61996e-08,
0.395753,1.15665,-0.000374134,-4.34415e-08,
0.395752,1.15665,-0.000372932,-4.08477e-08,
0.39575,1.15665,-0.000371929,-3.84086e-08,
0.395748,1.15665,-0.000371158,-3.61149e-08,
0.395746,1.15665,-0.000370641,-3.3958e-08,
0.395744,1.15665,-0.000370389,-3.19298e-08,
0.395742,1.15665,-0.0003704,-3.00226e-08,
0.39574,1.15665,-0.000370652,-2.82292e-08,
0.395739,1.15665,-0.000371096,-2.65428e-08,
0.395737,1.15665,-0.000371651,-2.49571e-08,
0.395735,1.15665,-0.000372184,-2.34661e-08,
0.395733,1.15665,-0.000372494,-2.20641e-08,
0.395731,1.15665,-0.000372292,-2.07458e-08,
0.395729,1.15665,-0.000371685,-1.95062e-08,
0.395727,1.15665,-0.00037077,-1.83407e-08,
0.395726,1.15665,-0.000369636,-1.72447e-08,
0.395724,1.15665,-0.000368365,-1.62143e-08,
0.395722,1.15665,-0.000367026,-1.52453e-08,
0.39572,1.15665,-0.000365686,-1.43343e-08,
0.395718,1.15665,-0.000364401,-1.34777e-08,
0.395716,1.15665,-0.000363221,-1.26723e-08,
0.395715,1.15665,-0.000362188,-1.19149e-08,
0.395713,1.15665,-0.000361339,-1.12029e-08,
0.395711,1.15665,-0.0003607,-1.05334e-08,
0.395709,1.15665,-0.00036029,-9.90384e-09,
0.395707,1.15665,-0.000360118,-9.31194e-09,
0.395706,1.15665,-0.00036018,-8.75541e-09,
0.395704,1.15665,-0.000360452,-8.23214e-09,
0.395702,1.15665,-0.000360891,-7.74013e-09,
0.3957,1.15665,-0.000361424,-7.27753e-09,
0.395698,1.15665,-0.000361933,-6.84257e-09,
0.395697,1.15665,-0.000362243,-6.43361e-09,
0.395695,1.15665,-0.000362107,-6.04908e-09,
0.395693,1.15665,-0.000361617,-5.68754e-09,
0.395691,1.15665,-0.000360861,-5.3476e-09,
0.395689,1.15665,-0.000359914,-5.02798e-09,
0.395688,1.15665,-0.000358848,-4.72747e-09,
0.395686,1.15665,-0.000357725,-4.44491e-09,
0.395684,1.15665,-0.000356602,-4.17924e-09,
0.395682,1.15665,-0.000355529,-3.92945e-09,
0.39568,1.15665,-0.000354549,-3.69458e-09,
0.395679,1.15665,-0.000353701,-3.47376e-09,
0.395677,1.15665,-0.000353015,-3.26613e-09,
0.395675,1.15665,-0.000352514,-3.07091e-09,
0.395673,1.15665,-0.000352216,-2.88737e-09,
0.395672,1.15665,-0.000352125,-2.71479e-09,
0.39567,1.15665,-0.000352236,-2.55252e-09,
0.395668,1.15665,-0.000352529,-2.39996e-09,
0.395666,1.15665,-0.000352963,-2.25651e-09,
0.395665,1.15665,-0.000353472,-2.12164e-09,
0.395663,1.15665,-0.000353952,-1.99482e-09,
0.395661,1.15665,-0.000354251,-1.87559e-09,
0.395659,1.15665,-0.00035416,-1.76349e-09,
0.395657,1.15665,-0.000353759,-1.65808e-09,
0.395656,1.15665,-0.000353124,-1.55897e-09,
0.395654,1.15665,-0.000352323,-1.46579e-09,
0.395652,1.15665,-0.000351418,-1.37818e-09,
0.39565,1.15665,-0.000350463,-1.29581e-09,
0.395649,1.15665,-0.000349509,-1.21835e-09,
0.395647,1.15665,-0.000348599,-1.14553e-09,
0.395645,1.15665,-0.000347772,-1.07706e-09,
0.395643,1.15665,-0.00034706,-1.01268e-09,
0.395642,1.15665,-0.000346489,-9.52154e-10,
0.39564,1.15665,-0.000346082,-8.95243e-10,
0.395638,1.15665,-0.000345849,-8.41733e-10,
0.395637,1.15665,-0.000345797,-7.91422e-10,
0.395635,1.15665,-0.00034592,-7.44117e-10,
0.395633,1.15665,-0.000346196,-6.9964e-10,
0.395631,1.15665,-0.000346592,-6.57822e-10,
0.39563,1.15665,-0.000347047,-6.18503e-10,
0.395628,1.15665,-0.000347472,-5.81534e-10,
0.395626,1.15665,-0.000347732,-5.46775e-10,
0.395624,1.15665,-0.00034765,-5.14093e-10,
0.395623,1.15665,-0.000347296,-4.83365e-10,
0.395621,1.15665,-0.000346736,-4.54474e-10,
0.395619,1.15665,-0.000346031,-4.27309e-10,
0.395618,1.15665,-0.000345234,-4.01768e-10,
0.395616,1.15665,-0.000344395,-3.77754e-10,
0.395614,1.15665,-0.000343557,-3.55175e-10,
0.395612,1.15665,-0.000342759,-3.33946e-10,
0.395611,1.15665,-0.000342035,-3.13985e-10,
0.395609,1.15665,-0.000341413,-2.95218e-10,
0.395607,1.15665,-0.000340918,-2.77572e-10,
0.395606,1.15665,-0.000340566,-2.60981e-10,
0.395604,1.15665,-0.000340369,-2.45382e-10,
0.395602,1.15665,-0.000340331,-2.30715e-10,
0.3956,1.15665,-0.000340444,-2.16925e-10,
0.395599,1.15665,-0.000340692,-2.03959e-10,
0.395597,1.15665,-0.000341041,-1.91768e-10,
0.395595,1.15665,-0.000341437,-1.80306e-10,
0.395594,1.15665,-0.000341802,-1.69529e-10,
0.395592,1.15665,-0.00034202,-1.59396e-10,
0.39559,1.15665,-0.000341936,-1.49869e-10,
0.395588,1.15665,-0.000341615,-1.40911e-10,
0.395587,1.15665,-0.000341115,-1.32488e-10,
0.395585,1.15665,-0.000340488,-1.24569e-10,
0.395583,1.15665,-0.000339781,-1.17124e-10,
0.395582,1.15665,-0.000339038,-1.10123e-10,
0.39558,1.15665,-0.000338298,-1.03541e-10,
0.395578,1.15665,-0.000337594,-9.73519e-11,
0.395577,1.15665,-0.000336956,-9.1533e-11,
0.395575,1.15665,-0.00033641,-8.60619e-11,
0.395573,1.15665,-0.000335975,-8.09179e-11,
0.395572,1.15665,-0.000335667,-7.60813e-11,
0.39557,1.15665,-0.000335496,-7.15338e-11,
0.395568,1.15665,-0.000335463,-6.72581e-11,
0.395567,1.15665,-0.000335563,-6.3238e-11,
0.395565,1.15665,-0.000335778,-5.94581e-11,
0.395563,1.15665,-0.00033608,-5.59042e-11,
0.395561,1.15665,-0.000336419,-5.25628e-11,
0.39556,1.15665,-0.000336727,-4.9421e-11,
0.395558,1.15665,-0.000336903,-4.6467e-11,
0.395556,1.15665,-0.000336815,-4.36896e-11,
0.395555,1.15665,-0.000336518,-4.10782e-11,
0.395553,1.15665,-0.000336063,-3.86229e-11,
0.395551,1.15665,-0.000335498,-3.63144e-11,
0.39555,1.15665,-0.000334865,-3.41438e-11,
0.395548,1.15665,-0.0003342,-3.2103e-11,
0.395546,1.15665,-0.000333539,-3.01841e-11,
0.395545,1.15665,-0.000332911,-2.838e-11,
0.395543,1.15665,-0.000332342,-2.66837e-11,
0.395541,1.15665,-0.000331855,-2.50887e-11,
0.39554,1.15665,-0.000331468,-2.35891e-11,
0.395538,1.15665,-0.000331193,-2.21792e-11,
0.395536,1.15665,-0.000331039,-2.08535e-11,
0.395535,1.15665,-0.000331007,-1.9607e-11,
0.395533,1.15665,-0.000331091,-1.84351e-11,
0.395531,1.15665,-0.000331276,-1.73332e-11,
0.39553,1.15665,-0.000331534,-1.62972e-11,
0.395528,1.15665,-0.000331823,-1.53231e-11,
0.395526,1.15665,-0.000332081,-1.44072e-11,
0.395525,1.15665,-0.000332221,-1.35461e-11,
0.395523,1.15665,-0.00033213,-1.27364e-11,
0.395522,1.15665,-0.000331856,-1.19751e-11,
0.39552,1.15665,-0.000331444,-1.12594e-11,
0.395518,1.15665,-0.000330936,-1.05864e-11,
0.395517,1.15665,-0.000330369,-9.95359e-12,
0.395515,1.15665,-0.000329776,-9.35864e-12,
0.395513,1.15665,-0.000329187,-8.79927e-12,
0.395512,1.15665,-0.000328629,-8.27332e-12,
0.39551,1.15665,-0.000328125,-7.77881e-12,
0.395508,1.15665,-0.000327693,-7.31388e-12,
0.395507,1.15665,-0.00032735,-6.87673e-12,
0.395505,1.15665,-0.000327107,-6.46569e-12,
0.395503,1.15665,-0.000326969,-6.07923e-12,
0.395502,1.15665,-0.000326939,-5.71586e-12,
0.3955,1.15665,-0.00032701,-5.37421e-12,
0.395499,1.15665,-0.000327168,-5.053e-12,
0.395497,1.15665,-0.000327388,-4.75096e-12,
0.395495,1.15665,-0.000327634,-4.467e-12,
0.395494,1.15665,-0.00032785,-4.19999e-12,
0.395492,1.15665,-0.000327959,-3.94895e-12,
0.39549,1.15665,-0.000327865,-3.71291e-12,
0.395489,1.15665,-0.00032761,-3.49098e-12,
0.395487,1.15665,-0.000327234,-3.28232e-12,
0.395485,1.15665,-0.000326773,-3.08614e-12,
0.395484,1.15665,-0.000326261,-2.90167e-12,
0.395482,1.15665,-0.000325728,-2.72823e-12,
0.395481,1.15665,-0.000325199,-2.56516e-12,
0.395479,1.15665,-0.000324698,-2.41185e-12,
0.395477,1.15665,-0.000324245,-2.26769e-12,
0.395476,1.15665,-0.000323858,-2.13215e-12,
0.395474,1.15665,-0.00032355,-2.0047e-12,
0.395472,1.15665,-0.00032333,-1.88488e-12,
0.395471,1.15665,-0.000323205,-1.77221e-12,
0.395469,1.15665,-0.000323174,-1.66628e-12,
0.395468,1.15665,-0.000323232,-1.56668e-12,
0.395466,1.15665,-0.000323366,-1.47303e-12,
0.395464,1.15665,-0.000323554,-1.38498e-12,
0.395463,1.15665,-0.000323761,-1.3022e-12,
0.395461,1.15665,-0.00032394,-1.22436e-12,
0.395459,1.15665,-0.000324024,-1.15118e-12,
0.395458,1.15665,-0.000323927,-1.08238e-12,
0.395456,1.15665,-0.000323689,-1.01768e-12,
0.395455,1.15665,-0.000323346,-9.56857e-13,
0.395453,1.15665,-0.000322928,-8.99661e-13,
0.395451,1.15665,-0.000322466,-8.45899e-13,
0.39545,1.15665,-0.000321985,-7.95342e-13,
0.395448,1.15665,-0.000321509,-7.47794e-13,
0.395447,1.15665,-0.000321059,-7.03106e-13,
0.395445,1.15665,-0.000320653,-6.61085e-13,
0.395443,1.15665,-0.000320306,-6.21567e-13,
0.395442,1.15665,-0.00032003,-5.8442e-13,
0.39544,1.15665,-0.000319832,-5.4949e-13,
0.395439,1.15665,-0.000319718,-5.16647e-13,
0.395437,1.15665,-0.000319688,-4.85774e-13,
0.395435,1.15665,-0.000319736,-4.5674e-13,
0.395434,1.15665,-0.00031985,-4.29448e-13,
0.395432,1.15665,-0.00032001,-4.03784e-13,
0.395431,1.15665,-0.000320186,-3.79637e-13,
0.395429,1.15665,-0.000320335,-3.56941e-13,
0.395427,1.15665,-0.000320399,-3.35599e-13,
0.395426,1.15665,-0.000320303,-3.15545e-13,
0.395424,1.15665,-0.000320083,-2.96683e-13,
0.395423,1.15665,-0.000319769,-2.78962e-13,
0.395421,1.15665,-0.000319391,-2.62288e-13,
0.395419,1.15665,-0.000318973,-2.46606e-13,
0.395418,1.15665,-0.00031854,-2.31853e-13,
0.395416,1.15665,-0.000318112,-2.18e-13,
0.395415,1.15665,-0.000317708,-2.04981e-13,
0.395413,1.15665,-0.000317343,-1.92729e-13,
0.395411,1.15665,-0.000317031,-1.81202e-13,
0.39541,1.15665,-0.000316781,-1.70382e-13,
0.395408,1.15665,-0.000316602,-1.60183e-13,
0.395407,1.15665,-0.000316497,-1.50617e-13,
0.395405,1.15665,-0.000316466,-1.4161e-13,
0.395404,1.15665,-0.000316504,-1.33152e-13,
0.395402,1.15665,-0.000316599,-1.25193e-13,
0.3954,1.15665,-0.000316734,-1.17702e-13,
0.395399,1.15665,-0.000316882,-1.10676e-13,
0.395397,1.15665,-0.000317004,-1.04068e-13,
0.395396,1.15665,-0.000317049,-9.78494e-14,
0.395394,1.15665,-0.000316953,-9.19979e-14,
0.395392,1.15665,-0.000316746,-8.6494e-14,
0.395391,1.15665,-0.000316457,-8.13211e-14,
0.395389,1.15665,-0.00031611,-7.64661e-14,
0.395388,1.15665,-0.000315729,-7.18877e-14,
0.395386,1.15665,-0.000315335,-6.75901e-14,
0.395385,1.15665,-0.000314946,-6.35385e-14,
0.395383,1.15665,-0.000314579,-5.9743e-14,
0.395381,1.15665,-0.000314247,-5.61723e-14,
0.39538,1.15665,-0.000313963,-5.28107e-14,
0.395378,1.15665,-0.000313736,-4.96637e-14,
0.395377,1.15665,-0.000313572,-4.66967e-14,
0.395375,1.15665,-0.000313475,-4.3899e-14,
0.395374,1.15665,-0.000313443,-4.12751e-14,
0.395372,1.15665,-0.000313471,-3.88169e-14,
0.39537,1.15665,-0.000313551,-3.6505e-14,
0.395369,1.15665,-0.000313664,-3.43126e-14,
0.395367,1.15665,-0.000313788,-3.22615e-14,
0.395366,1.15665,-0.000313887,-3.03314e-14,
0.395364,1.15665,-0.000313916,-2.85196e-14,
0.395363,1.15665,-0.000313821,-2.68051e-14,
0.395361,1.15665,-0.000313628,-2.51977e-14,
0.395359,1.15665,-0.000313362,-2.3692e-14,
0.395358,1.15665,-0.000313045,-2.22792e-14,
0.395356,1.15665,-0.000312699,-2.09464e-14,
0.395355,1.15665,-0.000312342,-1.96985e-14,
0.395353,1.15665,-0.00031199,-1.85237e-14,
0.395352,1.15665,-0.000311658,-1.742e-14,
0.39535,1.15665,-0.000311359,-1.63841e-14,
0.395349,1.15665,-0.000311103,-1.53958e-14,
0.395347,1.15665,-0.000310897,-1.44677e-14,
0.395345,1.15665,-0.000310748,-1.35989e-14,
0.395344,1.15665,-0.000310658,-1.27916e-14,
0.395342,1.15665,-0.000310626,-1.20253e-14,
0.395341,1.15665,-0.000310648,-1.13017e-14,
0.395339,1.15665,-0.000310714,-1.06372e-14,
0.395338,1.15665,-0.000310809,-9.99905e-15,
0.395336,1.15665,-0.000310912,-9.40549e-15,
0.395335,1.15665,-0.000310993,-8.84856e-15,
0.395333,1.15665,-0.000311011,-8.32983e-15,
0.395331,1.15665,-0.000310917,-7.83595e-15,
0.39533,1.15665,-0.000310737,-7.36122e-15,
0.395328,1.15665,-0.000310492,-6.92466e-15,
0.395327,1.15665,-0.000310202,-6.49774e-15,
0.395325,1.15665,-0.000309886,-6.10073e-15,
0.395324,1.15665,-0.000309561,-5.73219e-15,
0.395322,1.15665,-0.000309241,-5.388e-15,
0.395321,1.15665,-0.00030894,-5.05999e-15,
0.395319,1.15665,-0.000308668,-4.76582e-15,
0.395317,1.15665,-0.000308435,-4.47841e-15,
0.395316,1.15665,-0.000308247,-4.21861e-15,
0.395314,1.15665,-0.00030811,-3.96014e-15,
0.395313,1.15665,-0.000308025,-3.72399e-15,
0.395311,1.15665,-0.000307993,-3.50701e-15,
0.39531,1.15665,-0.000308007,-3.30481e-15,
0.395308,1.15665,-0.000308061,-3.09478e-15,
0.395307,1.15665,-0.00030814,-2.90321e-15,
0.395305,1.15665,-0.000308226,-2.72709e-15,
0.395304,1.15665,-0.00030829,-2.55929e-15,
0.395302,1.15665,-0.000308297,-2.42018e-15,
0.395301,1.15665,-0.000308205,-2.28348e-15,
0.395299,1.15665,-0.000308035,-2.1486e-15,
0.395297,1.15665,-0.000307808,-2.01514e-15,
0.395296,1.15665,-0.000307541,-1.90424e-15,
0.395294,1.15665,-0.000307252,-1.79147e-15,
0.395293,1.15665,-0.000306954,-1.67594e-15,
0.395291,1.15665,-0.000306662,-1.57974e-15,
0.39529,1.15665,-0.000306386,-1.4785e-15,
0.395288,1.15665,-0.000306137,-1.39426e-15,
0.395287,1.15665,-0.000305924,-1.30292e-15,
0.395285,1.15665,-0.000305751,-1.22689e-15,
0.395284,1.15665,-0.000305624,-1.1642e-15,
0.395282,1.15665,-0.000305544,-1.09073e-15,
0.395281,1.15665,-0.00030551,-1.02948e-15,
0.395279,1.15665,-0.000305519,-9.57197e-16,
0.395278,1.15665,-0.000305562,-8.97265e-16,
0.395276,1.15665,-0.000305627,-8.47488e-16,
0.395275,1.15665,-0.000305696,-7.84772e-16,
0.395273,1.15665,-0.000305746,-7.32403e-16,
0.395271,1.15665,-0.000305744,-6.89121e-16,
0.39527,1.15665,-0.000305654,-6.53228e-16,
0.395268,1.15665,-0.000305494,-6.23894e-16,
0.395267,1.15665,-0.000305282,-5.77451e-16,
0.395265,1.15665,-0.000305036,-5.3912e-16,
0.395264,1.15665,-0.000304769,-5.07322e-16,
0.395262,1.15665,-0.000304496,-4.81316e-16,
0.395261,1.15665,-0.000304227,-4.59864e-16,
0.395259,1.15665,-0.000303975,-4.20145e-16,
0.395258,1.15665,-0.000303746,-3.8716e-16,
0.395256,1.15665,-0.000303549,-3.59816e-16,
0.395255,1.15665,-0.00030339,-3.37448e-16,
0.395253,1.15665,-0.000303271,-3.18482e-16,
0.395252,1.15665,-0.000303195,-3.0295e-16,
0.39525,1.15665,-0.00030316,-2.89996e-16,
0.395249,1.15665,-0.000303162,-2.79529e-16,
0.395247,1.15665,-0.000303195,-2.70644e-16,
0.395246,1.15665,-0.000303248,-2.41877e-16,
0.395244,1.15665,-0.000303303,-2.17898e-16,
0.395243,1.15665,-0.00030334,-1.98012e-16,
0.395241,1.15665,-0.00030333,-1.81947e-16,
0.39524,1.15665,-0.00030324,-1.67964e-16,
0.395238,1.15665,-0.000303088,-1.56776e-16,
0.395237,1.15665,-0.00030289,-1.47184e-16,
0.395235,1.15665,-0.000302661,-1.39253e-16,
0.395233,1.15665,-0.000302414,-1.3279e-16,
0.395232,1.15665,-0.000302161,-1.27204e-16,
0.39523,1.15665,-0.000301913,-1.22883e-16,
0.395229,1.15665,-0.000301679,-1.19152e-16,
0.395227,1.15665,-0.000301468,-1.16007e-16,
0.395226,1.15665,-0.000301285,-1.13316e-16,
0.395224,1.15665,-0.000301136,-1.11267e-16,
0.395223,1.15665,-0.000301024,-1.09497e-16,
0.395221,1.15665,-0.00030095,-1.08018e-16,
0.39522,1.15665,-0.000300914,-1.0677e-16,
0.395218,1.15665,-0.00030091,-1.05852e-16,
0.395217,1.15665,-0.000300934,-1.0509e-16,
0.395215,1.15665,-0.000300974,-1.04488e-16,
0.395214,1.15665,-0.000301017,-8.70156e-17,
0.395212,1.15665,-0.000301042,-7.19852e-17,
0.395211,1.15665,-0.000301025,-5.95146e-17,
0.395209,1.15665,-0.000300936,-4.94109e-17,
0.395208,1.15665,-0.00030079,-4.09289e-17,
0.395206,1.15665,-0.000300604,-3.36498e-17,
0.395205,1.15665,-0.000300389,-2.82802e-17,
0.395203,1.15665,-0.000300158,-2.31404e-17,
0.395202,1.15665,-0.000299923,-1.89876e-17,
0.3952,1.15665,-0.000299692,-1.53655e-17,
0.395199,1.15665,-0.000299474,-1.21938e-17,
0.395197,1.15665,-0.000299276,-1.00093e-17,
0.395196,1.15665,-0.000299105,-8.1332e-18,
0.395194,1.15665,-0.000298965,-6.51819e-18,
0.395193,1.15665,-0.000298857,-5.55797e-18,
0.395191,1.15665,-0.000298784,-4.48317e-18,
0.39519,1.15665,-0.000298745,-3.60273e-18,
0.395188,1.15665,-0.000298735,-2.62936e-18,
0.395187,1.15665,-0.00029875,-1.97235e-18,
0.395185,1.15665,-0.000298778,-1.39359e-18,
0.395184,1.15665,-0.000298809,-1.36097e-18,
0.395182,1.15665,-0.000298823,-1.11209e-18,
0.395181,1.15665,-0.000298797,-1.08541e-18,
0.395179,1.15665,-0.000298707,-1.18177e-18,
0.395178,1.15665,-0.000298566,-9.70139e-19,
0.395176,1.15665,-0.000298388,-7.62686e-19,
0.395175,1.15665,-0.000298184,-3.79813e-19,
0.395173,1.15665,-0.000297966,6.95933e-20,
0.395172,1.15665,-0.000297744,1.37595e-19,
0.395171,1.15665,-0.000297526,1.6857e-19,
0.395169,1.15665,-0.00029732,2.84718e-19,
0.395168,1.15665,-0.000297133,4.62063e-20,
0.395166,1.15665,-0.00029697,-2.93488e-20,
0.395165,1.15665,-0.000296834,-1.90999e-19,
0.395163,1.15665,-0.000296729,-2.432e-19,
0.395162,1.15665,-0.000296655,3.01147e-21,
0.39516,1.15665,-0.000296611,-8.12979e-20,
0.395159,1.15665,-0.000296594,-6.74348e-20,
0.395157,1.15665,-0.000296599,2.82456e-20,
0.395156,1.15665,-0.000296616,3.84099e-19,
0.395154,1.15665,-0.000296633,2.78152e-19,
0.395153,1.15665,-0.000296635,2.28286e-19,
0.395151,1.15665,-0.000296601,5.44713e-20,
0.39515,1.15665,-0.000296508,2.29313e-19,
0.395148,1.15665,-0.000296368,-3.5725e-19,
0.395147,1.15665,-0.000296194,1.2181e-19,
0.395145,1.15665,-0.000295998,2.78276e-19,
0.395144,1.15665,-0.000295788,-9.12653e-21,
0.395142,1.15665,-0.000295575,1.3079e-19,
0.395141,1.15665,-0.000295366,2.51417e-19,
0.395139,1.15665,-0.000295168,-3.71103e-20,
0.395138,1.15665,-0.000294987,1.32845e-19,
0.395136,1.15665,-0.000294829,2.81387e-19,
0.395135,1.15665,-0.000294695,3.29319e-19,
0.395133,1.15665,-0.000294589,2.13857e-19,
0.395132,1.15665,-0.000294511,2.18395e-19,
0.395131,1.15665,-0.000294461,7.46549e-20,
0.395129,1.15665,-0.000294434,1.2253e-19,
0.395128,1.15665,-0.000294427,-1.00458e-20,
0.395126,1.15665,-0.00029443,-7.43497e-20,
0.395125,1.15665,-0.000294434,2.3691e-19,
0.395123,1.15665,-0.000294422,-1.59976e-19,
0.395122,1.15665,-0.000294377,2.84386e-20,
0.39512,1.15665,-0.000294277,3.43647e-19,
0.395119,1.15665,-0.000294135,6.49046e-19,
0.395117,1.15665,-0.000293962,3.96715e-19,
0.395116,1.15665,-0.000293767,1.59728e-19,
0.395114,1.15665,-0.000293561,1.9528e-19,
0.395113,1.15665,-0.000293351,2.4351e-19,
0.395111,1.15665,-0.000293145,6.47949e-19,
0.39511,1.15665,-0.00029295,6.1288e-19,
0.395109,1.15665,-0.00029277,7.28121e-19,
0.395107,1.15665,-0.00029261,8.38625e-19,
0.395106,1.15665,-0.000292473,8.60453e-19,
0.395104,1.15665,-0.000292361,1.01142e-18,
0.395103,1.15665,-0.000292275,1.0027e-18,
0.395101,1.15665,-0.000292214,6.90329e-19,
0.3951,1.15665,-0.000292175,5.00852e-19,
0.395098,1.15665,-0.000292152,2.02598e-19,
0.395097,1.15665,-0.000292139,5.42504e-19,
0.395095,1.15665,-0.000292125,3.84704e-19,
0.395094,1.15665,-0.000292097,2.74793e-19,
0.395092,1.15665,-0.000292037,6.61728e-19,
0.395091,1.15665,-0.000291926,7.98781e-19,
0.39509,1.15665,-0.000291775,7.34119e-19,
0.395088,1.15665,-0.000291595,4.76035e-19,
0.395087,1.15665,-0.000291396,7.5793e-19,
0.395085,1.15665,-0.000291185,-1.7853e-20,
0.395084,1.15665,-0.000290971,-2.1261e-19,
0.395082,1.15665,-0.000290761,-4.60898e-19,
0.395081,1.15665,-0.00029056,-2.88185e-19,
0.395079,1.15665,-0.000290373,-4.27611e-19,
0.395078,1.15665,-0.000290205,-1.27186e-19,
0.395076,1.15665,-0.000290058,-1.73844e-19,
0.395075,1.15665,-0.000289934,-1.24357e-19,
0.395074,1.15665,-0.000289833,-1.52856e-19,
0.395072,1.15665,-0.000289755,-2.27889e-19,
0.395071,1.15665,-0.000289697,8.58332e-21,
0.395069,1.15665,-0.000289654,-4.4251e-20,
0.395068,1.15665,-0.000289618,-1.32729e-19,
0.395066,1.15665,-0.000289581,5.0805e-19,
0.395065,1.15665,-0.000289529,-2.11896e-19,
0.395063,1.15665,-0.000289447,-3.09006e-19,
0.395062,1.15665,-0.000289316,-4.8908e-19,
0.395061,1.15665,-0.000289147,-4.13273e-19,
0.395059,1.15665,-0.000288951,-2.77902e-19,
0.395058,1.15665,-0.000288735,-2.38943e-19,
0.395056,1.15665,-0.000288509,-1.02739e-19,
0.395055,1.15665,-0.00028828,-2.35934e-19,
0.395053,1.15665,-0.000288053,6.62241e-20,
0.395052,1.15665,-0.000287835,1.05433e-19,
0.39505,1.15665,-0.000287631,2.78312e-19,
0.395049,1.15665,-0.000287443,2.16158e-21,
0.395048,1.15665,-0.000287275,1.5168e-19,
0.395046,1.15665,-0.000287128,-1.78637e-19,
0.395045,1.15665,-0.000287003,-1.34557e-19,
0.395043,1.15665,-0.000286898,-4.93535e-19,
0.395042,1.15665,-0.000286812,-3.96268e-19,
0.39504,1.15665,-0.000286738,-3.85138e-19,
0.395039,1.15665,-0.00028667,-2.10075e-19,
0.395037,1.15665,-0.0002866,-3.27073e-19,
0.395036,1.15665,-0.000286514,-3.73225e-19,
0.395035,1.15665,-0.000286398,-1.76709e-19,
0.395033,1.15665,-0.000286234,-1.57252e-19,
0.395032,1.15665,-0.000286034,1.11817e-19,
0.39503,1.15665,-0.000285805,4.04999e-20,
0.395029,1.15665,-0.000285559,1.31122e-19,
0.395027,1.15665,-0.000285301,3.38906e-19,
0.395026,1.15665,-0.000285039,3.73962e-19,
0.395025,1.15665,-0.000284779,-8.51751e-20,
0.395023,1.15665,-0.000284527,3.66872e-19,
0.395022,1.15665,-0.000284287,-4.87499e-19,
0.39502,1.15665,-0.000284063,-5.62984e-19,
0.395019,1.15665,-0.000283857,-4.14503e-19,
0.395018,1.15665,-0.000283671,-5.17377e-19,
0.395016,1.15665,-0.000283505,-4.46313e-19,
0.395015,1.15665,-0.000283358,-5.91211e-19,
0.395013,1.15665,-0.000283226,-3.8165e-19,
0.395012,1.15665,-0.000283106,-3.49734e-19,
0.39501,1.15665,-0.00028299,-3.66041e-19,
0.395009,1.15665,-0.00028287,-4.29893e-19,
0.395008,1.15665,-0.000282733,-1.91234e-19,
0.395006,1.15665,-0.000282564,-5.21805e-20,
0.395005,1.15665,-0.000282346,3.98389e-20,
0.395003,1.15665,-0.000282091,1.28836e-19,
0.395002,1.15665,-0.000281808,4.187e-19,
0.395001,1.15665,-0.000281504,2.7441e-19,
0.394999,1.15665,-0.000281188,5.20104e-19,
0.394998,1.15665,-0.000280868,-1.64268e-20,
0.394996,1.15665,-0.000280549,-2.43959e-19,
0.394995,1.15665,-0.000280236,-1.13417e-19,
0.394994,1.15665,-0.000279934,5.75436e-20,
0.394992,1.15665,-0.000279647,-4.76681e-19,
0.394991,1.15665,-0.000279378,-3.13632e-19,
0.394989,1.15665,-0.000279126,-4.36257e-19,
0.394988,1.15665,-0.000278894,-1.5464e-19,
0.394987,1.15665,-0.000278678,-4.26218e-20,
0.394985,1.15665,-0.000278477,7.91543e-20,
0.394984,1.15665,-0.000278285,-3.75471e-19,
0.394982,1.15665,-0.000278095,-1.28757e-19,
0.394981,1.15665,-0.000277898,-1.03924e-19,
0.39498,1.15665,-0.000277681,-2.40419e-22,
0.394978,1.15665,-0.000277428,-3.61315e-20,
0.394977,1.15665,-0.000277124,1.62954e-19,
0.394975,1.15665,-0.000276778,-7.38928e-20,
0.394974,1.15665,-0.000276401,-2.5828e-19,
0.394973,1.15665,-0.000276001,4.77391e-19,
0.394971,1.15665,-0.000275588,7.07186e-20,
0.39497,1.15665,-0.000275167,1.73394e-19,
0.394969,1.15665,-0.000274747,3.44541e-19,
0.394967,1.15665,-0.000274331,3.58857e-20,
0.394966,1.15665,-0.000273926,8.03141e-20,
0.394964,1.15665,-0.000273534,3.31082e-19,
0.394963,1.15665,-0.000273159,6.45219e-20,
0.394962,1.15665,-0.000272801,1.23961e-19,
0.39496,1.15665,-0.00027246,-2.35262e-19,
0.394959,1.15665,-0.000272135,-4.89396e-21,
0.394958,1.15665,-0.000271822,-7.81088e-20,
0.394956,1.15665,-0.000271517,9.59466e-20,
0.394955,1.15665,-0.00027121,1.26835e-19,
0.394954,1.15665,-0.000270892,8.8809e-20,
0.394952,1.15665,-0.000270548,2.28777e-19,
0.394951,1.15665,-0.000270163,6.50124e-19,
0.39495,1.15665,-0.000269718,3.20325e-19,
0.394948,1.15665,-0.000269224,1.0726e-19,
0.394947,1.15665,-0.000268694,-6.44591e-20,
0.394946,1.15665,-0.000268136,-5.65747e-20,
0.394944,1.15665,-0.000267561,1.89241e-20,
0.394943,1.15665,-0.000266976,-3.24651e-20,
0.394942,1.15665,-0.000266388,-3.82957e-21,
0.39494,1.15665,-0.000265803,-7.13066e-20,
0.394939,1.15665,-0.000265228,-3.00976e-20,
0.394938,1.15665,-0.000264665,2.49949e-20,
0.394936,1.15665,-0.000264117,2.92992e-19,
0.394935,1.15665,-0.000263587,1.61739e-19,
0.394934,1.15665,-0.000263072,1.22429e-19,
0.394932,1.15665,-0.000262572,-3.13857e-19,
0.394931,1.15665,-0.000262083,-8.29858e-20,
0.39493,1.15665,-0.000261596,-1.69321e-19,
0.394928,1.15665,-0.000261105,-4.28814e-21,
0.394927,1.15665,-0.000260595,-1.08399e-22,
0.394926,1.15665,-0.000260052,8.0691e-20,
0.394924,1.15665,-0.000259455,3.65573e-19,
0.394923,1.15665,-0.000258784,2.18571e-19,
0.394922,1.15665,-0.000258053,3.45467e-19,
0.394921,1.15665,-0.000257274,5.75279e-19,
0.394919,1.15665,-0.000256461,6.22305e-19,
0.394918,1.15665,-0.000255623,7.1381e-19,
0.394917,1.15665,-0.00025477,3.51785e-19,
0.394915,1.15665,-0.000253911,4.20031e-19,
0.394914,1.15665,-0.000253053,4.66648e-19,
0.394913,1.15665,-0.000252203,7.30337e-19,
0.394912,1.15665,-0.000251364,7.13331e-19,
0.39491,1.15665,-0.00025054,9.3014e-19,
0.394909,1.15665,-0.000249733,9.63553e-19,
0.394908,1.15665,-0.000248941,8.72842e-19,
0.394907,1.15665,-0.000248162,3.85036e-19,
0.394905,1.15665,-0.00024739,-7.20542e-20,
0.394904,1.15665,-0.000246617,-5.17033e-20,
0.394903,1.15665,-0.000245832,-4.76117e-20,
0.394902,1.15665,-0.00024502,1.63298e-19,
0.394901,1.15665,-0.000244159,-2.00099e-19,
0.394899,1.15665,-0.000243226,2.72124e-19,
0.394898,1.15665,-0.000242194,3.68386e-19,
0.394897,1.15665,-0.000241083,5.46455e-19,
0.394896,1.15665,-0.000239908,2.14311e-19,
0.394895,1.15665,-0.000238684,1.90458e-19,
0.394893,1.15665,-0.000237425,-1.34394e-20,
0.394892,1.15665,-0.000236144,1.31053e-19,
0.394891,1.15665,-0.000234851,1.782e-19,
0.39489,1.15665,-0.000233556,2.04165e-19,
0.394889,1.15665,-0.000232266,3.32945e-19,
0.394887,1.15665,-0.000230987,5.10688e-19,
0.394886,1.15665,-0.000229722,5.74363e-19,
0.394885,1.15665,-0.000228475,8.4832e-19,
0.394884,1.15665,-0.000227242,8.65191e-19,
0.394883,1.15665,-0.00022602,1.02005e-18,
0.394882,1.15665,-0.000224803,3.57825e-19,
0.394881,1.15665,-0.000223578,1.28452e-19,
0.39488,1.15665,-0.00022233,-1.93021e-19,
0.394878,1.15665,-0.000221038,-5.21735e-20,
0.394877,1.15665,-0.000219677,-2.0798e-19,
0.394876,1.15665,-0.000218213,4.6631e-20,
0.394875,1.15665,-0.000216612,-3.2498e-20,
0.394874,1.15665,-0.000214899,1.28311e-19,
0.394873,1.15665,-0.000213095,-4.13008e-19,
0.394872,1.15665,-0.000211222,-2.96527e-19,
0.394871,1.15665,-0.000209297,-3.0726e-19,
0.39487,1.15665,-0.000207337,-8.73382e-20,
0.394869,1.15665,-0.000205358,-1.36183e-19,
0.394868,1.15665,-0.000203371,-8.13426e-20,
0.394867,1.15665,-0.000201387,1.54176e-19,
0.394866,1.15665,-0.000199414,2.49776e-21,
0.394865,1.15665,-0.000197456,-1.05507e-19,
0.394864,1.15665,-0.000195516,-8.87865e-20,
0.394863,1.15665,-0.000193591,2.7784e-19,
0.394862,1.15665,-0.000191677,6.46093e-20,
0.394861,1.15665,-0.000189761,1.88408e-19,
0.39486,1.15665,-0.000187828,3.2031e-19,
0.394859,1.15665,-0.000185857,4.40284e-19,
0.394858,1.15665,-0.000183819,6.10568e-19,
0.394857,1.15665,-0.000181676,6.67808e-19,
0.394856,1.15665,-0.000179383,7.65713e-19,
0.394856,1.15665,-0.000176892,9.16559e-19,
0.394855,1.15665,-0.000174238,8.75297e-19,
0.394854,1.15665,-0.000171453,9.70356e-19,
0.394853,1.15665,-0.000168565,8.36613e-19,
0.394852,1.15665,-0.0001656,6.9511e-19,
0.394851,1.15665,-0.000162583,2.35718e-19,
0.394851,1.15665,-0.000159535,-4.85526e-19,
0.39485,1.15665,-0.000156472,-5.00217e-19,
0.394849,1.15665,-0.000153411,-6.28611e-19,
0.394848,1.15665,-0.000150361,-3.2e-19,
0.394848,1.15665,-0.00014733,-3.35406e-19,
0.394847,1.15665,-0.00014432,-1.18315e-19,
0.394846,1.15665,-0.000141328,-8.5526e-20,
0.394845,1.15665,-0.000138346,-5.03307e-21,
0.394845,1.15665,-0.000135358,1.44084e-19,
0.394844,1.15665,-0.000132341,3.08632e-19,
0.394843,1.15665,-0.000129263,-2.78686e-19,
0.394843,1.15665,-0.000126082,-1.6304e-19,
0.394842,1.15665,-0.000122744,-1.9185e-19,
0.394842,1.15665,-0.000119183,-1.52976e-19,
0.394841,1.15665,-0.000115332,-4.63696e-20,
0.39484,1.15665,-0.000111239,2.57886e-19,
0.39484,1.15665,-0.000106953,1.82392e-19,
0.394839,1.15665,-0.000102514,3.58787e-19,
0.394839,1.15665,-9.79632e-05,5.35114e-19,
0.394838,1.15665,-9.33346e-05,5.42733e-19,
0.394838,1.15665,-8.86593e-05,9.83043e-20,
0.394838,1.15665,-8.39639e-05,1.57556e-19,
0.394837,1.15665,-7.92698e-05,3.09772e-19,
0.394837,1.15665,-7.45932e-05,5.03887e-19,
0.394836,1.15665,-6.99445e-05,4.36873e-19,
0.394836,1.15665,-6.5327e-05,2.78178e-19,
0.394836,1.15665,-6.07367e-05,2.53031e-19,
0.394836,1.15665,-5.61606e-05,-1.89776e-19,
0.394835,1.15665,-5.15759e-05,-2.71324e-20,
0.394835,1.15665,-4.69483e-05,7.03034e-20,
0.394835,1.15665,-4.22302e-05,-2.48019e-21,
0.394835,1.15665,-3.73595e-05,2.91823e-19,
0.394834,1.15665,-3.22566e-05,2.94259e-19,
0.394834,1.15665,-2.68228e-05,5.22594e-19,
0.394834,1.15665,-2.09569e-05,5.61954e-19,
0.394834,1.15665,-1.47345e-05,6.41651e-19,
0.394834,1.15665,-8.22593e-06,6.12058e-19,
0.394834,1.15665,-1.49603e-06,4.58921e-19,
0.394834,1.15665,5.39608e-06,4.33151e-19,
0.394834,1.15665,1.23972e-05,6.17224e-19,
0.394834,1.15665,1.94603e-05,6.83828e-19,
0.394834,1.15665,2.6545e-05,8.4474e-19,
0.394835,1.15665,3.36184e-05,1.03773e-18,
0.394835,1.15665,4.06555e-05,9.95356e-19,
0.394835,1.15665,4.76403e-05,6.05252e-19,
0.394835,1.15665,5.4567e-05,5.1093e-19,
0.394836,1.15665,6.14412e-05,-1.19837e-19,
0.394836,1.15665,6.82819e-05,1.28211e-19,
0.394836,1.15665,7.51229e-05,-2.90157e-19,
0.394837,1.15665,8.20154e-05,4.93128e-20,
0.394837,1.15665,8.90304e-05,-2.66911e-19,
0.394838,1.15665,9.62616e-05,2.93896e-19,
0.394838,1.15665,0.000103829,3.70706e-19,
0.394839,1.15665,0.000111881,2.2708e-19,
0.394839,1.15665,0.000120572,-1.52559e-19,
0.39484,1.15665,0.000129786,-3.311e-20,
0.394841,1.15665,0.000139413,-1.81987e-19,
0.394841,1.15665,0.000149355,1.16057e-19,
0.394842,1.15665,0.00015952,1.28698e-19,
0.394843,1.15665,0.000169825,-8.81878e-20,
0.394844,1.15665,0.000180198,-1.43062e-19,
0.394845,1.15665,0.000190575,-1.12075e-19,
0.394846,1.15665,0.000200904,-1.83859e-19,
0.394847,1.15665,0.000211147,-1.51463e-19,
0.394848,1.15665,0.000221277,-1.08156e-19,
0.394849,1.15665,0.000231283,4.7081e-19,
0.39485,1.15665,0.000241173,-3.17019e-20,
0.394852,1.15665,0.000250972,8.13696e-20,
0.394853,1.15665,0.00026073,-7.523e-20,
0.394854,1.15665,0.000270525,2.9927e-19,
0.394856,1.15665,0.000280462,3.28182e-19,
0.394857,1.15665,0.000290682,5.17416e-19,
0.394859,1.15665,0.000301369,5.03678e-19,
0.39486,1.15665,0.000312748,4.6786e-19,
0.394862,1.15665,0.00032506,4.70907e-19,
0.394864,1.15665,0.000338121,1.63023e-19,
0.394865,1.15665,0.000351765,2.81753e-20,
0.394867,1.15665,0.000365834,5.82335e-20,
0.394869,1.15665,0.000380187,4.81106e-21,
0.394871,1.15665,0.000394693,-5.61158e-20,
0.394873,1.15665,0.000409238,-4.24764e-19,
0.394875,1.15665,0.000423724,-2.81795e-21,
0.394877,1.15665,0.000438066,6.26194e-20,
0.39488,1.15665,0.0004522,1.36368e-19,
0.394882,1.15665,0.000466084,1.85199e-19,
0.394884,1.15665,0.000479696,1.66052e-19,
0.394887,1.15665,0.000493043,2.90774e-19,
0.394889,1.15665,0.00050616,-4.81913e-20,
0.394892,1.15665,0.000519121,-8.05956e-20,
0.394895,1.15665,0.000532036,1.68445e-19,
0.394897,1.15665,0.000545067,2.35277e-19,
0.3949,1.15665,0.000558426,2.19218e-19,
0.394903,1.15665,0.000572393,4.35868e-19,
0.394906,1.15665,0.000587319,1.29598e-19,
0.394909,1.15665,0.000603578,3.26248e-19,
0.394912,1.15665,0.000620888,-1.06686e-19,
0.394915,1.15665,0.000638985,-4.2152e-20,
0.394919,1.15665,0.000657626,-5.81507e-20,
0.394922,1.15665,0.000676586,9.80614e-20,
0.394925,1.15665,0.000695663,1.20766e-19,
0.394929,1.15665,0.000714676,1.142e-19,
0.394933,1.15665,0.000733467,2.94408e-19,
0.394936,1.15665,0.000751903,-6.56993e-21,
0.39494,1.15665,0.000769878,-5.33136e-21,
0.394944,1.15665,0.000787319,-1.75534e-19,
0.394948,1.15665,0.000804187,-1.55152e-19,
0.394952,1.15665,0.000820484,-1.94606e-19,
0.394957,1.15665,0.000836255,8.93363e-20,
0.394961,1.15665,0.000851604,1.95641e-19,
0.394965,1.15665,0.000866694,4.70122e-19,
0.39497,1.15665,0.000881763,4.05121e-19,
0.394974,1.15665,0.000897138,5.85759e-19,
0.394979,1.15665,0.000913245,5.08422e-19,
0.394983,1.15665,0.000930633,5.42546e-19,
0.394988,1.15665,0.000949906,6.77751e-19,
0.394993,1.15665,0.000970624,7.76244e-19,
0.394998,1.15665,0.000992379,1.10838e-18,
0.395003,1.15665,0.00101479,4.1593e-19,
0.395008,1.15665,0.00103751,2.79903e-19,
0.395013,1.15665,0.00106023,7.27031e-20,
0.395019,1.15665,0.00108266,2.73867e-19,
0.395024,1.15665,0.00110454,1.25453e-19,
0.39503,1.15665,0.00112568,3.89304e-19,
0.395036,1.15665,0.0011459,2.53934e-19,
0.395042,1.15665,0.00116508,5.25025e-19,
0.395047,1.15665,0.00118315,6.28177e-19,
0.395053,1.15665,0.00120009,5.98303e-19,
0.39506,1.15665,0.00121596,6.63772e-19,
0.395066,1.15665,0.00123091,4.2329e-19,
0.395072,1.15665,0.00124517,5.24459e-19,
0.395078,1.15665,0.00125909,-2.60558e-19,
0.395085,1.15665,0.00127318,-4.08981e-19,
0.395091,1.15665,0.00128808,-6.30258e-19,
0.395098,1.15665,0.00130467,-3.00096e-19,
0.395104,1.15665,0.00132394,-3.00991e-19,
0.395111,1.15665,0.00134521,-7.44088e-20,
0.395118,1.15665,0.00136787,-6.20579e-20,
0.395125,1.15665,0.00139134,3.37514e-20,
0.395132,1.15665,0.00141509,9.90648e-20,
0.395139,1.15665,0.00143862,3.55557e-20,
0.395146,1.15665,0.00146153,-3.47311e-20,
0.395154,1.15665,0.00148341,2.94623e-19,
0.395161,1.15665,0.00150395,5.0799e-19,
0.395169,1.15665,0.00152288,-1.07342e-19,
0.395177,1.15665,0.00154,5.86084e-19,
0.395184,1.15665,0.00155519,2.24226e-19,
0.395192,1.15665,0.0015684,1.43685e-19,
0.3952,1.15665,0.00157971,-3.04404e-19,
0.395208,1.15665,0.0015893,-2.7073e-19,
0.395216,1.15665,0.0015975,-3.35294e-19,
0.395224,1.15665,0.00160484,-4.56524e-20,
0.395232,1.15665,0.00161204,-5.4607e-20,
0.39524,1.15665,0.00162014,1.63188e-19,
0.395248,1.15665,0.0016305,1.09568e-19,
0.395257,1.15665,0.00164477,3.01921e-19,
0.395265,1.15665,0.00166197,3.19538e-19,
0.395273,1.15665,0.00168116,2.73938e-19,
0.395282,1.15665,0.00170149,1.28807e-19,
0.39529,1.15665,0.00172219,-1.39434e-19,
0.395299,1.15665,0.00174254,-3.81822e-20,
0.395308,1.15665,0.0017619,3.91632e-19,
0.395317,1.15665,0.00177972,4.49889e-19,
0.395326,1.15665,0.00179551,6.01627e-19,
0.395335,1.15665,0.00180886,6.33811e-19,
0.395344,1.15665,0.00181948,6.17769e-20,
0.395353,1.15665,0.00182716,-9.73392e-20,
0.395362,1.15665,0.0018318,-3.22722e-19,
0.395371,1.15665,0.00183346,-1.36137e-19,
0.395381,1.15665,0.00183238,-2.37628e-19,
0.39539,1.15665,0.00182899,-8.08427e-20,
0.395399,1.15665,0.001824,-1.46692e-19,
0.395408,1.15665,0.00181849,3.33203e-20,
0.395417,1.15665,0.00181397,1.23205e-20,
0.395426,1.15665,0.00181259,-3.47841e-19,
0.395435,1.15665,0.00181708,-1.53614e-19,
0.395444,1.15665,0.00182601,-3.86324e-19,
0.395453,1.15665,0.00183806,1.18677e-19,
0.395463,1.15665,0.00185203,2.32294e-19,
0.395472,1.15665,0.00186681,5.37664e-19,
0.395481,1.15665,0.00188141,5.1603e-19,
0.395491,1.15665,0.00189494,7.24928e-19,
0.3955,1.15665,0.00190659,7.54399e-19,
0.39551,1.15665,0.00191569,1.01111e-18,
0.39552,1.15665,0.00192166,5.56322e-19,
0.395529,1.15665,0.00192405,5.96059e-19,
0.395539,1.15665,0.00192253,2.31781e-19,
0.395548,1.15665,0.00191694,3.2316e-19,
0.395558,1.15665,0.00190728,2.71277e-19,
0.395567,1.15665,0.00189377,5.47881e-19,
0.395577,1.15665,0.00187693,-6.85587e-21,
0.395586,1.15665,0.00185766,2.60139e-19,
0.395595,1.15665,0.00183736,3.75651e-19,
0.395604,1.15665,0.00181818,7.98101e-19,
0.395613,1.15665,0.00180324,8.63904e-19,
0.395622,1.15665,0.00179693,8.74567e-19,
0.395631,1.15665,0.0017973,9.37804e-19,
0.39564,1.15665,0.00180256,1.14985e-18,
0.395649,1.15665,0.00181108,1.06756e-18,
0.395659,1.15665,0.00182123,7.27886e-08,
0.395668,1.15665,0.00183093,5.12858e-07,
0.395677,1.15665,0.00183812,1.25787e-06,
0.395686,1.15665,0.00184115,2.25028e-06,
0.395695,1.15665,0.00183873,3.43601e-06,
0.395704,1.15665,0.0018299,4.76377e-06,
0.395714,1.15665,0.00181403,6.18483e-06,
0.395722,1.15665,0.00179079,7.65331e-06,
0.395731,1.15665,0.00176015,9.12679e-06,
0.39574,1.15665,0.0017224,1.05673e-05,
0.395748,1.15665,0.00167817,1.19426e-05,
0.395756,1.15665,0.00162846,1.32283e-05,
0.395764,1.15665,0.00157478,1.44105e-05,
0.395772,1.15665,0.00151929,1.54896e-05,
0.395779,1.15665,0.0014651,1.64864e-05,
0.395786,1.15665,0.00141678,1.74522e-05,
0.395793,1.15665,0.00138086,1.84807e-05,
0.3958,1.15665,0.00135477,1.95659e-05,
0.395807,1.15665,0.00133618,2.07e-05,
0.395813,1.15665,0.00132297,2.18732e-05,
0.39582,1.15665,0.00131331,2.30735e-05,
0.395826,1.15665,0.00130555,2.42871e-05,
0.395833,1.15665,0.00129829,2.54989e-05,
0.395839,1.15665,0.00129035,2.66924e-05,
0.395846,1.15665,0.00128073,2.7851e-05,
0.395852,1.15665,0.00126867,2.89575e-05,
0.395858,1.15665,0.00125359,2.99956e-05,
0.395864,1.15665,0.0012351,3.09501e-05,
0.395871,1.15665,0.001213,3.1808e-05,
0.395876,1.15665,0.00118733,3.25593e-05,
0.395882,1.15665,0.00115833,3.31994e-05,
0.395888,1.15665,0.00112658,3.37312e-05,
0.395893,1.15665,0.00109311,3.41699e-05,
0.395899,1.15665,0.00105965,3.45507e-05,
0.395904,1.15665,0.00102908,3.49431e-05,
0.395909,1.15665,0.00100632,3.54762e-05,
0.395914,1.15665,0.000999536,3.63782e-05,
0.395919,1.15665,0.00100454,3.75918e-05,
0.395924,1.15665,0.0010177,3.90594e-05,
0.395929,1.15665,0.00103591,4.07248e-05,
0.395934,1.15665,0.00105655,4.25341e-05,
0.39594,1.15665,0.00107744,4.44364e-05,
0.395945,1.15665,0.00109682,4.63844e-05,
0.395951,1.15665,0.00111331,4.83347e-05,
0.395956,1.15665,0.00112585,5.02481e-05,
0.395962,1.15665,0.0011337,5.20896e-05,
0.395968,1.15665,0.00113636,5.38289e-05,
0.395974,1.15665,0.00113359,5.54405e-05,
0.395979,1.15665,0.00112536,5.6904e-05,
0.395985,1.15665,0.00111182,5.82049e-05,
0.39599,1.15666,0.00109337,5.93362e-05,
0.395996,1.15666,0.00107067,6.03011e-05,
0.396001,1.15666,0.00104477,6.11195e-05,
0.396006,1.15666,0.00101744,6.18399e-05,
0.396011,1.15666,0.000991766,6.25647e-05,
0.396016,1.15666,0.000973449,6.35031e-05,
0.396021,1.15666,0.000973241,6.50717e-05,
0.396025,1.15666,0.000985681,6.7142e-05,
0.39603,1.15666,0.00100623,6.95954e-05,
0.396036,1.15666,0.00103116,7.23248e-05,
0.396041,1.15666,0.00105748,7.52341e-05,
0.396046,1.15666,0.00108286,7.82393e-05,
0.396052,1.15666,0.00110549,8.12671e-05,
0.396057,1.15666,0.00112406,8.4255e-05,
0.396063,1.15666,0.00113768,8.715e-05,
0.396069,1.15666,0.00114576,8.99086e-05,
0.396075,1.15666,0.00114803,9.24954e-05,
0.39608,1.15666,0.00114445,9.48831e-05,
0.396086,1.15666,0.00113516,9.70514e-05,
0.396092,1.15666,0.00112046,9.89875e-05,
0.396097,1.15666,0.00110083,0.000100687,
0.396103,1.15666,0.00107692,0.000102154,
0.396108,1.15666,0.00104971,0.000103414,
0.396113,1.15666,0.0010208,0.000104523,
0.396118,1.15666,0.000993205,0.000105614,
0.396123,1.15667,0.000973229,0.000106986,
0.396128,1.15667,0.000974671,0.000109334,
0.396133,1.15667,0.000990354,0.000112416,
0.396138,1.15667,0.00101455,0.000116025,
0.396143,1.15667,0.00104277,0.000119983,
0.396148,1.15667,0.00107159,0.00012414,
0.396154,1.15667,0.00109847,0.000128374,
0.396159,1.15667,0.00112159,0.000132585,
0.396165,1.15667,0.00113977,0.000136694,
0.396171,1.15667,0.0011523,0.000140639,
0.396177,1.15667,0.00115889,0.000144376,
0.396182,1.15667,0.00115956,0.000147874,
0.396188,1.15667,0.00115455,0.000151114,
0.396194,1.15667,0.00114429,0.000154088,
0.396199,1.15667,0.00112921,0.000156789,
0.396205,1.15668,0.00110961,0.000159206,
0.39621,1.15668,0.00108511,0.000161289,
0.396216,1.15668,0.00105346,0.00016288,
0.396221,1.15668,0.00100726,0.000163509,
0.396225,1.15668,0.000925035,0.000161841,
0.396229,1.15668,0.000746359,0.00015412,
0.396231,1.15668,0.00031335,0.000130497,
0.39623,1.15668,-0.000104054,0.00010574,
0.39623,1.15668,-6.75052e-06,0.000109581,
0.396239,1.15668,0.00177956,0.00021359,
0.396264,1.15668,0.00504897,0.000417088,
0.396299,1.15669,0.00693168,0.000561949,
0.396338,1.15669,0.00777108,0.000660112,
0.396377,1.15669,0.00784587,0.000719148,
0.396414,1.1567,0.00738379,0.000744799,
0.396447,1.1567,0.00656853,0.000742251,
0.396474,1.15671,0.00554427,0.000716559,
0.396497,1.15671,0.00441962,0.000672617,
0.396513,1.15671,0.00327233,0.000614942,
0.396524,1.15671,0.00215432,0.000547464,
0.396529,1.15672,0.00109714,0.000473429,
0.39653,1.15672,0.000117279,0.000395428,
0.396526,1.15672,-0.000778459,0.000315563,
0.396518,1.15672,-0.00158748,0.000236214,
0.396506,1.15672,-0.00231904,0.000170326,
0.396492,1.15672,-0.00294627,0.000116324,
0.396475,1.15672,-0.00330183,7.22446e-05,
0.396458,1.15672,-0.00344922,3.64449e-05,
0.396441,1.15672,-0.00344055,8.28163e-06,
0.396424,1.15672,-0.00332712,-9.05967e-06,
0.396408,1.15672,-0.00315254,-1.85496e-05,
0.396394,1.15672,-0.00294581,-2.26916e-05,
0.39638,1.15672,-0.00272567,-2.32036e-05,
0.396367,1.15672,-0.00250392,-2.12668e-05,
0.396356,1.15672,-0.00228772,-1.76951e-05,
0.396346,1.15672,-0.00208112,-1.30484e-05,
0.396336,1.15672,-0.00188613,-7.71104e-06,
0.396328,1.15672,-0.00170347,-1.94516e-06,
0.39632,1.15672,-0.001533,4.07243e-06,
0.396313,1.15672,-0.00137412,1.02244e-05,
0.396307,1.15672,-0.00122595,1.64348e-05,
0.396302,1.15672,-0.0010875,2.26568e-05,
0.396297,1.15672,-0.000957748,2.88631e-05,
0.396293,1.15672,-0.000835709,3.50406e-05,
0.396289,1.15672,-0.000720468,4.1185e-05,
0.396286,1.15672,-0.000611195,4.72984e-05,
0.396283,1.15672,-0.000507155,5.33869e-05,
0.396281,1.15672,-0.000407704,5.94592e-05,
0.39628,1.15672,-0.000312285,6.55253e-05,
0.396279,1.15673,-0.000220428,7.15963e-05,
0.396278,1.15673,-0.000131735,7.76834e-05,
0.396278,1.15673,-4.58753e-05,8.37978e-05,
0.396278,1.15673,3.74223e-05,8.99506e-05,
0.396279,1.15673,0.000118378,9.61525e-05,
0.39628,1.15673,0.000197168,0.000102414,
0.396281,1.15673,0.000273931,0.000108745,
0.396283,1.15673,0.000348772,0.000115156,
0.396285,1.15673,0.000421771,0.000121654,
0.396287,1.15673,0.000492985,0.00012825,
0.39629,1.15673,0.000562449,0.000134951,
0.396293,1.15673,0.000630186,0.000141765,
0.396297,1.15673,0.000696203,0.000148701,
0.3963,1.15673,0.000760497,0.000155763,
0.396305,1.15673,0.000823057,0.00016296,
0.396309,1.15673,0.00088386,0.000170296,
0.396314,1.15674,0.000942878,0.000177777,
0.396319,1.15674,0.00100007,0.000185407,
0.396324,1.15674,0.0010554,0.000193189,
0.39633,1.15674,0.00110882,0.000201125,
0.396335,1.15674,0.00116027,0.000209218,
0.396341,1.15674,0.00120969,0.000217467,
0.396348,1.15674,0.00125702,0.00022587,
0.396354,1.15674,0.00130224,0.000234429,
0.396361,1.15674,0.00134543,0.000243149,
0.396368,1.15675,0.00138703,0.000252063,
0.396375,1.15675,0.00142849,0.000261272,
0.396382,1.15675,0.00147375,0.000271065,
0.39639,1.15675,0.00153154,0.0002821,
0.396398,1.15675,0.00161147,0.000295175,
0.396406,1.15675,0.00167699,0.000307851,
0.396418,1.15675,0.00236859,0.000366879,
