-0.005051582727272054,0.010111268288045556,
-0.005049787629091093,0.010107676430147566,
-0.005046214437185266,0.010100526740093244,
-0.005040883657033921,0.01008986024997295,
-0.005033819164356037,0.0100757247365052,
-0.005025048063705752,0.010058174438062556,
-0.00501460053752944,0.010037269752609788,
-0.005002509686768411,0.010013076918723935,
-0.004988811364088046,0.009985667681858965,
-0.004973544000805309,0.009955118948000165,
-0.0049567484285737125,0.00992151242682766,
-0.00493846769686814,0.009884934266475054,
-0.004918746887291988,0.009845474681929239,
-0.00489763292570563,0.0098032275790706,
-0.0048751743931493285,0.009758290176300892,
-0.0048514213365042184,0.009710762625647164,
-0.0048264250798031,0.009660747635166266,
-0.004800238037067474,0.009608350094403745,
-0.00477291352750926,0.00955367670458499,
-0.004744505593894051,0.0094968356151333,
-0.004715068824818856,0.009437936068021515,
-0.004684658181609476,0.009377088051368412,
-0.004653328830492773,0.009314401963591084,
-0.004621135980645977,0.009249988289318244,
-0.004588134728669701,0.009183957288158464,
-0.004554379909974044,0.009116418697302625,
-0.004519925957507631,0.00904748144882077,
-0.0044848267681992385,0.008977253402393059,
-0.0044491355774201255,0.008905841094091408,
-0.004412904841713838,0.008833349501705626,
-0.004376186129979039,0.008759881826985335,
-0.004339030023230531,0.008685539295048159,
-0.004301486023004916,0.008610420971087088,
-0.004263602468420251,0.008534623594395774,
-0.004225426461844751,0.008458241429621765,
-0.004187003803077959,0.00838136613505438,
-0.004148378931899616,0.00830408664765753,
-0.00410959487879698,0.008226489084468698,
-0.004070693223640542,0.00814865665990373,
-0.0040317140620418504,0.008070669618434521,
-0.00399269597909487,0.00799260518204203,
-0.003953676030174503,0.007914537511791542,
-0.003914689728442698,0.00783653768283053,
-0.003875771038693256,0.007758673672070934,
-0.003836952377152034,0.007681010357788743,
-0.0037982646168382437,0.007603609530351788,
-0.0037597370980860714,0.0075265299132736795,
-0.0037213976438225617,0.0074498271937853055,
-0.003683272579198203,0.007373554062116216,
-0.0036453867551701404,0.007297760258685206,
-0.0036077635756442366,0.007222492628412097,
-0.0035704250277911486,0.007147795181380461,
-0.0035333917151627197,0.007073709159103459,
-0.0034966828932480355,0.007000273105670932,
-0.0034603165071231227,0.006927522943085292,
-0.0034243092308643788,0.006855492050125855,
-0.0033886765084127435,0.006784211344115232,
-0.0033534325955935904,0.006713709364997268,
-0.003318590603015583,0.006644012361172595,
-0.003284162539590526,0.006575144376575456,
-0.0032501593564350055,0.006507127338512976,
-0.003216590990933336,0.006439981145825546,
-0.0031834664107598847,0.006373723756964063,
-0.0031507936576768867,0.006308371277615926,
-0.0031185798909415877,0.006243938047547107,
-0.0030868314301734905,0.006180436726361469,
-0.00305555379754888,0.00611787837791144,
-0.003024751759205412,0.006056272553125205,
-0.002994429365754272,0.005995627371045214,
-0.0029645899918115362,0.005935949597900876,
-0.0029352363744732687,0.005877244724064327,
-0.0029063706506713876,0.005819517038762947,
-0.0028779943933584917,0.005762769702444833,
-0.0028501086464805515,0.0057070048167147044,
-0.0028227139587059615,0.0056522234917770016,
-0.0027958104158883365,0.005598425911340729,
-0.0027693976722486433,0.00554561139495691,
-0.0027434749802693957,0.005493778457773985,
-0.002718041219300516,0.005442924867710051,
-0.0026930949228821965,0.0053930477000525045,
-0.0026686343047956176,0.005344143389506526,
-0.0026446572838569153,0.005296207779723138,
-0.002621161507474163,0.005249236170346148,
-0.002598144373990685,0.005203223361624554,
-0.0025756030538413035,0.005158163696643534,
-0.002553534509550924,0.005114051101232795,
-0.0025319355146072742,0.005070879121615938,
-0.002510802671241781,0.005028640959868826,
-0.002490132427154276,0.0049873295072585195,
-0.002469921091218872,0.004946937375537585,
-0.0024501648482096222,0.00490745692627129,
-0.0024308597725857493,0.004868880298277558,
-0.0024120018413771867,0.004831199433261612,
-0.002393586946212079,0.0047944060997290846,
-0.0023756109045286063,0.004758491915262936,
-0.0023580694700142124,0.004723448367251053,
-0.0023409583423159176,0.004689266832152734,
-0.002324273176066021,0.004655938593393582,
-0.0023080095892680486,0.004623454857979615,
-0.002292163171088364,0.00459180677192263,
-0.0022767294890994674,0.00456098543457016,
-0.00226170409602155,0.004530981911934634,
-0.002247082536009468,0.004501787249117652,
-0.0022328603505329375,0.004473392481926662,
-0.0022190330838983588,0.004445788647782633,
-0.0022055962884612837,0.004418966796018705,
-0.0021925455295791914,0.004392917997671095,
-0.002179876390354844,0.004367633354864858,
-0.0021675844762210294,0.004343104009898216,
-0.002155665419418074,0.004319321154130313,
-0.0021441148834158924,0.004296276036778042,
-0.0021329285673327525,0.0042739599737283245,
-0.0021221022104031097,0.004252364356472526,
-0.0021116315965469604,0.004231480661269748,
-0.0021015125590930495,0.004211300458645349,
-0.002091740985707956,0.004191815423330229,
-0.0020823128235825153,0.004173017344745043,
-0.002073224084926224,0.004154898138131624,
-0.0020644708528191765,0.004137449856431364,
-0.0020560492874696326,0.0041206647030071,
-0.0020479556329236277,0.004104535045301292,
-0.002040186224270892,0.004089053429518633,
-0.002032737495388984,0.004074212596416098,
-0.002025605987264728,0.004060005498277453,
-0.0020187883569289765,0.0040464253171427315,
-0.002012281387037316,0.004033465484355966,
-0.0020060819961255777,0.0040211197014867715,
-0.0020001872495651473,0.0040093819626731775,
-0.001994594371238785,0.003998246578424503,
-0.0019893007559534763,0.003987708200914345,
-0.001984303982602257,0.003977761850784648,
-0.0019796018280826308,0.003968402945473026,
-0.001975192281974669,0.003959627329066554,
-0.0019710735619776435,0.003951431303676884,
-0.001967244130099938,0.003943811662323436,
-0.001963702709593129,0.003936765723304071,
-0.001960448302617766,0.003930291366026087,
-0.001957480208625358,0.003924387068264786,
-0.001954798043438735,0.003919051944812431,
-0.0019524017590111461,0.003914285787477284,
-0.0019502916638435292,0.003910089106390784,
-0.0019484684440391688,0.0039064631725809415,
-0.0019469331849757557,0.0039034100617718072,
-0.0019456873935766313,0.0039009326993726862,
-0.0019447330211658767,0.00389903490662665,
-0.0019440724868960155,0.0038977214478961237,
-0.001943708701742424,0.0038969980790739813,
-0.0019436450930653106,0.0038968715971218933,
-0.0019438856297483477,0.003897349890753849,
-0.0019444348479327924,0.0038984419923019024,
-0.0019452978773774124,0.0039001581308236288,
-0.001946480468487735,0.0039025097865366325,
-0.0019479890200732267,0.003905509746694954,
-0.0019498306079081074,0.003909172163055705,
-0.0019520130141905915,0.003913512611121808,
-0.0019545447580167834,0.003918548151388754,
-0.001957435127009003,0.00392429739286993,
-0.0019606942102644623,0.003930780559226622,
-0.0019643329328187073,0.003938019557885536,
-0.0019683630918495296,0.00394603805258889,
-0.001972797394880973,0.003954861539889962,
-0.001977649500283972,0.003964517430180949,
-0.001982934060410023,0.003975035133920158,
-0.001988666767737465,0.003986446153812533,
-0.001994864404456519,0.0039987841837915705,
-0.0020015448959694016,0.0040120852157522705,
-0.00200872736883622,0.004026387655094792,
-0.002016432213755877,0.004041732446257304,
-0.0020246811542348996,0.0040581632095454435,
-0.0020334973216660714,0.004075726390705756,
-0.0020429053376141747,0.004094471424843091,
-0.0020529314041885832,0.004114450916448804,
-0.0020636034034733487,0.004135720837490112,
-0.002074951007085794,0.004158340745713467,
-0.0020870057970463784,0.0041823740255397006,
-0.002099801399267349,0.0042078881541794825,
-0.0021133736311078227,0.00423495499587883,
-0.0021277606646010003,0.0042636511275211605,
-0.0021430032071381613,0.0042940581991706165,
-0.002159144701597483,0.004326263333548199,
-0.0021762315481375426,0.004360359568895625,
-0.0021943133501404087,0.0043964463502113,
-0.0022134431870925913,0.004434630074448858,
-0.002233677917540355,0.004475024695964194,
-0.0022550785156559075,0.004517752399295863,
-0.002277710445410971,0.0045629443472827045,
-0.002301644076883988,0.004610741513580842,
-0.0023269551498372744,0.004661295609861428,
-0.0023537252904036895,0.0047147701193761635,
-0.002382042587533292,0.004771341450198738,
-0.0024120022367856366,0.004831200223320406,
-0.0024437072601320173,0.004894552712935147,
-0.0024772693116759843,0.004961622458738208,
-0.002512809580634669,0.0050326520729310036,
-0.002550459804575923,0.005107905267931405,
-0.0025903634078081558,0.005187669134593939,
-0.002632676782005722,0.005272256705118382,
-0.002677570728659159,0.005362009839841001,
-0.0027252320858056293,0.00545730248283783,
-0.0027758655647575205,0.005558544337798713,
-0.0028296958262410644,0.005666185023022802,
-0.002886969829505229,0.005780718772688353,
-0.0029479594925702116,0.005902689760773329,
-0.0030129647068272377,0.006032698134094359,
-0.0030823167545959945,0.006171406851727614,
-0.0031563821838256345,0.006319549439241252,
-0.0032355671995866015,0.00647793877709863,
-0.003320322636830967,0.006647477052258499,
-0.0034111495822661047,0.006829167008737228,
-0.003508605713773284,0.007024124634073084,
-0.003613312421563556,0.007233593410150132,
-0.003725962763062166,0.007458960232424162,
-0.003847330278592439,0.0077017730517252025,
-0.003978278650133771,0.007963760203168977,
-0.00411977211007198,0.008246851235912813,
-0.004272886385114591,0.008553198813863943,
-0.004438819769156359,0.008885200874458666,
-0.004618903624042206,0.00924552164262334,
-0.0048146111603921396,0.009637109202959827,
-0.0050275626836506345,0.01006320599844279,
-0.00525952450976144,0.01052734666128745,
-0.005512397337428536,0.011033334745167262,
-0.005788187859122578,0.011585185916096138,
-0.0060889546391007954,0.012187019648397582,
-0.006416715661283916,0.012842874217239137,
-0.00677330048723798,0.013556410848973806,
-0.007160125095093751,0.014330463146187633,
-0.0075778634550177715,0.015166379869353158,
-0.008025989520042059,0.01606310840289846,
-0.008502171774526715,0.017015983169905685,
-0.009001528069066744,0.018015234461482097,
-0.00951580171109107,0.01904433968764108,
-0.010032608602987214,0.020078516801755292,
-0.010535022938045258,0.02108389522026885,
-0.011001875249776171,0.02201811224985455,
-0.011409143598363898,0.022833097018900024,
-0.011732613242957707,0.023480392809206153,
-0.011951514012744118,0.02391843588761668,
-0.012052261672142262,0.024120042445630215,
-0.01203108745940874,0.024077670637244267,
-0.011894582333380338,0.02380450968842019,
-0.011657985459491775,0.02333105494796031,
-0.01134193970641028,0.022698615235371075,
-0.010968880158470362,0.02195208580784506,
-0.010560053398228759,0.021133983577340507,
-0.01013364734713053,0.020280704693096896,
-0.009704014183055398,0.019420969506949663,
-0.009281693953751257,0.018575869830150235,
-0.00887389191105478,0.01775982414101027,
-0.008485132132937969,0.016981885565424022,
-0.008117913135412174,0.016247053838464684,
-0.007773278777861408,0.01555741775692131,
-0.007451275592427853,0.014913070351778062,
-0.007151299163804379,0.014312802036485101,
-0.00687234586255047,0.013754604355726617,
-0.006613189780756295,0.013236024054750871,
-0.006372503388670492,0.01275440452737725,
-0.006148937277238185,0.012307045389884622,
-0.005941170921096443,0.011891304063311339,
-0.0057479433530410184,0.011504657156196751,
-0.005568070187431509,0.011144734529934874,
-0.005400451557670051,0.010809335182137739,
-0.00524407415286939,0.010496431321813979,
-0.005098009545254167,0.010204165021906358,
-0.004961410296345808,0.009930840426954307,
-0.00483350483810747,0.009674913509347162,
-0.004713591784799605,0.009434980686399887,
-0.004601034097810454,0.009209767143248917,
-0.004495253367012321,0.008998115388961052,
-0.0043957243653665184,0.00879897435947308,
-0.004301969962447536,0.008611389238795798,
-0.004213556436027233,0.008434492076804847,
-0.004130089191037623,0.0082674932222633,
-0.00405120887671257,0.008109673552663985,
-0.003976587881772855,0.007960377460595837,
-0.0039059271816124417,0.007819006544519013,
-0.0038389535088213106,0.007685013946585892,
-0.0037754168178565158,0.007557899279097153,
-0.0037150880154455364,0.007437204082728168,
-0.003657756929838583,0.007322507762727876,
-0.003603230493962961,0.007213423953167525,
-0.0035513311196411156,0.007109597263536194,
-0.0035018952421670578,0.007010700366248603,
-0.003454772016602286,0.006916431387766049,
-0.0034098221491000733,0.006826511569928891,
-0.0033669168483676563,0.0067406831717026225,
-0.0033259368840193454,0.006658707584828255,
-0.003286771740058509,0.006580363639839408,
-0.0032493188530588477,0.0065054460815749445,
-0.0032134829258047785,0.006433764195696109,
-0.003179175308207996,0.006365140569832932,
-0.003146313438254818,0.006299409974860698,
-0.003114820336568149,0.006236418353466776,
-0.0030846241489004642,0.006176021904634056,
-0.0030556577315208294,0.006118086253961177,
-0.003027858275029196,0.00606248570088086,
-0.00300116696263404,0.0060091025348439145,
-0.0029755286593729042,0.00595782641342391,
-0.002950891629146393,0.0059085537960800105,
-0.0029272072767812865,0.00586118742800605,
-0.0029044299126429834,0.005815635869103393,
-0.0028825165375865585,0.005771813063653553,
-0.0028614266462735133,0.005729637946742447,
-0.00284112204709168,0.005689034083909137,
-0.002821566697102024,0.005649929340864707,
-0.0028027265506011417,0.005612255580457219,
-0.002784569420034673,0.005575948384351712,
-0.0027670648481268423,0.0055409467971543475,
-0.002750183990206911,0.005507193090941072,
-0.00273389950581609,0.0054746325483568305,
-0.002718185458770024,0.005443213262634595,
-0.002703017224933577,0.005412885953046809,
-0.0026883714070374816,0.005383603794447588,
-0.0026742257559314764,0.0053553222596942505,
-0.0026605590977267606,0.005327998973853194,
-0.0026473512663326908,0.005301593579199414,
-0.0026345830409393,0.005276067610112321,
-0.0026222360880391107,0.005251384377054354,
-0.0026102929076193358,0.005227508858894166,
-0.0025987367831893063,0.005204407602903695,
-0.0025875517353384186,0.005182048631819384,
-0.002576722478547226,0.005160401357412528,
-0.002566234380999044,0.005139436500063178,
-0.0025560734271616275,0.00511912601387656,
-0.0025462261829286574,0.005099443016921196,
-0.0025366797631288848,0.005080361726204314,
-0.0025274218012272752,0.00506185739703302,
-0.0025184404210573134,0.005043906266439437,
-0.0025097242104371877,0.005026485500375103,
-0.0025012621965347166,0.005009573144404262,
-0.002493043822857046,0.004993148077647977,
-0.00248505892775115,0.0049771899697510944,
-0.0024772977243104036,0.00496167924066245,
-0.0024697507815907224,0.004946597023035312,
-0.002462409007047421,0.004931925127070259,
-0.0024552636301107857,0.00491764600763646,
-0.0024483061868246533,0.00490374273351989,
-0.0024415285054780293,0.004890198958658492,
-0.00243492269316496,0.004876998895234722,
-0.002428481123212674,0.004864127288505454,
-0.0024221964234223546,0.004851569393257926,
-0.002416061465070835,0.004839310951788354,
-0.002410069352625213,0.0048273381733071104,
-0.0024042134141256284,0.0048156377146809926,
-0.002398487192194531,0.0048041966624292045,
-0.0023928844356335003,0.0047930025158951835,
-0.0023873990915713084,0.004782043171521585,
-0.002382025298129127,0.0047713069081602956,
-0.0023767573775710293,0.004760782373353705,
-0.0023715898299098205,0.004750458570527334,
-0.002366517326940084,0.0047403248470375536,
-0.002361534706671948,0.00473037088302142,
-0.0023566369681406046,0.004720586680998669,
-0.0023518192665680365,0.004710962556178765,
-0.0023470769088546517,0.004701489127428423,
-0.0023424053493797756,0.004692157308857441,
-0.002337800186090975,0.004682958301982838,
-0.00233325715686328,0.004673883588433377,
-0.002328772136110245,0.004664924923158365,
-0.002324341131629723,0.004656074328106456,
-0.0023199602816680004,0.004647324086341736,
-0.0023156258521867174,0.0046386667365659355,
-0.0023113342343177145,0.0046300950680170155,
-0.0023070819419915827,0.004621602115715708,
-0.0023028656097263856,0.0046131811560328655,
-0.0022986819905635343,0.004604825702551632,
-0.0022945279541384204,0.004596529502199578,
-0.0022904004848739246,0.00458828653162704,
-0.0022862966802854184,0.004580090993808877,
-0.00228221374938638,0.0045719373148478655,
-0.0022781490111842247,0.004563820140958897,
-0.002274099893256358,0.004555734335614011,
-0.0022700639303969727,0.004547674976829241,
-0.0022660387633254616,0.004539637354575025,
-0.002262022137447799,0.004531616968292857,
-0.002258011901662608,0.00452360952450158,
-0.0022540060072040505,0.004515610934477593,
-0.002250002506514079,0.004507617311993999,
-0.002245999552136951,0.004499624971104506,
-0.0022419953956293154,0.004491630423958645,
-0.002237988386479558,0.00448363037863567,
-0.0022339769710304404,0.004475621736985192,
-0.002229959691399478,0.0044676015924634,
-0.0022259351843918413,0.004459567227954424,
-0.002221902180400952,0.004451516113567154,
-0.002217859502292297,0.004443445904398531,
-0.0022138060642663175,0.004435354438255029,
-0.0022097408706966506,0.0044272397333248266,
-0.0022056630149402947,0.004419099985793788,
-0.002201571678116616,0.004410933567399108,
-0.0021974661278525193,0.00440273902291518,
-0.0021933457169913584,0.004394515067566868,
-0.00218920988226355,0.0043862605843660646,
-0.0021850581429171813,0.0043779746213680895,
-0.0021808900993071727,0.00436965638884504,
-0.0021767054314419275,0.004361305256373924,
-0.0021725038974866537,0.004352920749837942,
-0.0021682853322228723,0.004344502548339899,
-0.0021640496454638867,0.004336050481027299,
-0.002159796820426282,0.004327564523829225,
-0.002155526912057773,0.004319044796105622,
-0.0021512400453219727,0.004310491557210109,
-0.002146936413440903,0.004301905202967952,
-0.0021426162760962947,0.004293286262071254,
-0.0021382799575909287,0.0042846353923938615,
-0.002133927844971503,0.004275953377228931,
-0.0021295603861146467,0.004267241121452387,
-0.002125178087777945,0.00425849964761597,
-0.002120781513617937,0.0042497300919737985,
-0.0021163712821772487,0.004240933700446732,
-0.002111948064843102,0.004232111824529028,
-0.002107512583779632,0.004223265917142101,
-0.0021030656098364555,0.004214397528440322,
-0.002098607960436114,0.004205508301574016,
-0.0020941404974430477,0.0041965999684150075,
-0.0020896641250167827,0.004187674345250074,
-0.0020851797874521594,0.00417873332844791,
-0.002080688467009374,0.004169778890105172,
-0.002076191181736652,0.00416081307367724,
-0.0020716889832884237,0.004151837989599409,
-0.0020671829547418167,0.004142855810904139,
-0.0020626742084142767,0.0041338687688400235,
-0.002058163883685157,0.0041248791484980955,
-0.002053653144823985,0.0041158892844509526,
-0.0020491431788281695,0.004106901556410205,
-0.0020446351932728074,0.0040979183849075606,
-0.0020401304141751766,0.004088942227004776,
-0.0020356300838764827,0.004079975572037579,
-0.0020311354589433056,0.004071020937398508,
-0.0020266478080911503,0.004062080864363471,
-0.0020221684101323794,0.004053157913966641,
-0.0020176985519507725,0.004044254662928169,
-0.0020132395265047994,0.004035373699638959,
-0.0020087926308616647,0.004026517620206636,
-0.002004359164264039,0.004017689024566595,
-0.0019999404262313085,0.004008890512661842,
-0.0019955377146971044,0.004000124680695194,
-0.001991152324184714,0.003991394117457131,
-0.0019867855440219686,0.0039827014007325105,
-0.001982438656597023,0.003974049093789093,
-0.001978112935656414,0.003965439741950692,
-0.0019738096446466663,0.003956875869257595,
-0.001969530035100639,0.003948359975216716,
-0.001965275345069743,0.003939894531643831,
-0.001961046797603044,0.0039314819796000475,
-0.0019568455992742587,0.00392312472642459,
-0.0019526729387575226,0.0039148251428658114,
-0.0019485299854527978,0.003906585560312258,
-0.0019444178881617294,0.0038984082681255096,
-0.001940337773814677,0.0038902955110764223,
-0.0019362907462496784,0.0038822494868863524,
-0.0019322778850439822,0.0038742723438748203,
-0.0019283002443988507,0.0038663661787151017,
-0.0019243588520782195,0.003858533034299106,
-0.001920454708401876,0.003850774897712935,
-0.0019165887852937227,0.0038430936983244518,
-0.0019127620253857416,0.0038354913059841836,
-0.0019089753411782489,0.00382796952934088,
-0.001905229614257021,0.0038205301142730185,
-0.0019015256945678941,0.0038131747424375653,
-0.0018978643997493968,0.0038059050299372593,
-0.001894246514524033,0.003798722526107719,
-0.0018906727901487732,0.0037916287124256146,
-0.0018871439439253207,0.003784625001539122,
-0.0018836606587707336,0.003777712736421873,
-0.0018802235828488984,0.0037708931896514946,
-0.0018768333292633872,0.0037641675628138148,
-0.0018734904758121373,0.003757536986033661,
-0.0018701955648043676,0.003751002517633085,
-0.001866949102940055,0.003744565143917674,
-0.0018637515612522323,0.0037382257790914285,
-0.001860603375112235,0.0037319852653004567,
-0.0018575049442979717,0.0037258443728055137,
-0.001854456633125069,0.0037198038002830822,
-0.0018514587706406807,0.003713864175254421,
-0.0018485116508795351,0.003708026054641632,
-0.0018456155331816387,0.0037022899254494394,
-0.0018427706425708623,0.003696656205570983,
-0.0018399771701934481,0.0036911252447155117,
-0.0018372352738152623,0.003685697325455469,
-0.0018345450783764565,0.0036803726643900394,
-0.0018319066766019488,0.003675151413421818,
-0.0018293201296660196,0.0036700336611429018,
-0.0018267854679090848,0.0036650194343263317,
-0.0018243026916045933,0.0036601086995184887,
-0.001821871771773848,0.003655301364727799,
-0.0018194926510464273,0.0036505972812048413,
-0.001817165244563839,0.0036459962453088135,
-0.0018148894409239313,0.0036414980004551745,
-0.0018126651031636078,0.0036371022391392402,
-0.0018104920697773644,0.00363280860503051,
-0.001808370155769195,0.0036286166951325564,
-0.0018062991537355093,0.0036245260620034405,
-0.0018042788349767061,0.0036205362160317374,
-0.0018023089506352158,0.003616646627763488,
-0.0018003892328578813,0.0036128567302755937,
-0.0017985193959806946,0.0036091659215914187,
-0.0017966991377340088,0.0036055735671346456,
-0.0017949281404664953,0.003602079002217662,
-0.0017932060723862134,0.003598681534561046,
-0.0017915325888173067,0.0035953804468409623,
-0.0017899073334709126,0.0035921749992615113,
-0.0017883299397290213,0.0035890644321493097,
-0.0017868000319400659,0.0035860479685677652,
-0.0017853172267251205,0.0035831248169486862,
-0.0017838811342936421,0.0035802941737390175,
-0.0017824913597677418,0.003577555226060602,
-0.0017811475045140125,0.0035749071543809984,
-0.0017798491674819495,0.003572349135193413,
-0.001778595946548036,0.0035698803437039114,
-0.0017773874398645576,0.003567499956524075,
-0.0017762232472122185,0.0035652071543673188,
-0.001775102971355623,0.0035630011247470865,
-0.0017740262194006699,0.00356088106467515,
-0.0017729926041529182,0.0035588461833582475,
-0.001772001745475934,0.003556895704891285,
-0.0017710532716486624,0.0035550288709453337,
-0.0017701468207208149,0.003553244943448652,
-0.001769282041865298,0.003551543207258985,
-0.0017684585967266628,0.0035499229728253733,
-0.001767676160764614,0.0035483835788377755,
-0.0017669344245915476,0.0035469243948627765,
-0.00176623309530319,0.003545544823963756,
-0.0017655718978013446,0.0035442443053038787,
-0.0017649505761078298,0.0035430223167303636,
-0.0017643688946686977,0.0035418783773385402,
-0.0017638266396478712,0.003540812050014271,
-0.001763323620209347,0.003539822943953396,
-0.0017628596697871848,0.003538910717156953,
-0.0017624346473425587,0.0035380750789010245,
-0.001762048438607124,0.0035373157921801315,
-0.001761700957312124,0.0035366326761232464,
-0.00176139214640261,0.003536025608381571,
-0.0017611219792362607,0.003535494527487343,
-0.0017608904607663563,0.0035350394351830712,
-0.001760697628708483,0.003534660398720694,
-0.001760543554690647,0.003534357553130278,
-0.0017604283453865363,0.003534131103458015,
-0.0017603521436317,0.0035339813269733658,
-0.0017603151295225402,0.0035339085753453418,
-0.0017603175214980272,0.003533913276788033,
-0.0017603595774041386,0.003533995938175598,
-0.001760441595541106,0.00353415714712708,
-0.0017605639156935838,0.0035343975740615052,
-0.0017607269201439539,0.0035347179742238454,
-0.0017609310346690507,0.0035351191896825784,
-0.0017611767295206493,0.0035356021512996626,
-0.0017614645203901133,0.003536167880673874,
-0.0017617949693577465,0.003536817492058613,
-0.0017621686858273658,0.0035375521942553685,
-0.0017625863274467791,0.0035383732924842027,
-0.0017630486010148825,0.0035392821902327128,
-0.0017635562633762122,0.003540280391085136,
-0.0017641101223038384,0.0035413695005333335,
-0.001764711037371623,0.0035425512277716237,
-0.0017653599208169314,0.0035438273874775572,
-0.0017660577383950312,0.0035451999015809373,
-0.001766805510226489,0.0035466708010235704,
-0.0017676043116390241,0.003548242227512449,
-0.001768455274005419,0.0035499164352693026,
-0.0017693595855791868,0.00355169579277969,
-0.001770318492329906,0.0035535827845450843,
-0.001771333298780247,0.003555580012841686,
-0.001772405368846921,0.0035576901994900144,
-0.0017735361266879674,0.003559916187639675,
-0.0017747270575589676,0.0035622609435740425,
-0.0017759797086810269,0.0035647275585400174,
-0.0017772956901235793,0.003567319250608422,
-0.0017786766757052817,0.003570039366571042,
-0.0017801244039165735,0.0035728913838808203,
-0.0017816406788676734,0.00357587891264218,
-0.001783227371266145,0.0035790056976590335,
-0.0017848864194283621,0.0035822756205485555,
-0.0017866198303296038,0.003585692701929411,
-0.0017884296806977167,0.0035892611036937383,
-0.0017903181181557007,0.003592985131372818,
-0.0017922873624188266,0.003596869236607039,
-0.0017943397065522707,0.00360091801973142,
-0.0017964775182955847,0.0036051362324886864,
-0.0017987032414606317,0.0036095287808825633,
-0.0018010193974100392,0.0036141007281847277,
-0.001803428586623466,0.003618857298109551,
-0.0018059334903594343,0.0036238038781715347,
-0.0018085368724207337,0.0036289460232410828,
-0.001811241581031838,0.00363428945931502,
-0.0018140505508370504,0.003639840087519017,
-0.0018169668050284742,0.0036456039883598352,
-0.001819993457613261,0.0036515874262461074,
-0.0018231337158298997,0.003657796854297097,
-0.0018263908827236967,0.0036642389194596905,
-0.0018297683598919123,0.003670920467954644,
-0.001833269650409393,0.0036778485510739036,
-0.0018368983619459127,0.003685030431351654,
-0.0018406582100867817,0.0036924735891325474,
-0.0018445530218687083,0.0037001857295614693,
-0.0018485867395432775,0.003708174790020068,
-0.001852763424580871,0.0037164489480362313,
-0.0018570872619282932,0.003725016629693687,
-0.0018615625645338938,0.0037338865185699587,
-0.0018661937781544674,0.0037430675652320305,
-0.001870985486458873,0.00375256899732033,
-0.0018759424164438553,0.003762400330252879,
-0.00188106944417833,0.0037725713785829594,
-0.0018863716008931134,0.0037830922680451374,
-0.0018918540794339055,0.00379397344832617,
-0.0018975222410962816,0.0038052257065991834,
-0.001903381622862416,0.0038168601818614595,
-0.0019094379450603643,0.003828888380118377,
-0.0019156971194679495,0.0038413221904584076,
-0.0019221652578845433,0.003854173902066641,
-0.0019288486811955446,0.0038674562222271386,
-0.0019357539289558015,0.0038811822953674483,
-0.0019428877695199908,0.003895365723201924,
-0.0019502572107497397,0.003910020586034113,
-0.0019578695113292586,0.003925161465282317,
-0.0019657321927234036,0.003940803467296686,
-0.001973853051814356,0.003956962248540718,
-0.0019822401742556305,0.003973654042214955,
-0.0019909019485847665,0.003990895686405961,
-0.001999847081138946,0.004008704653849355,
-0.0020090846118208964,0.004027099083401801,
-0.0020186239307657086,0.004046097813323455,
-0.00202847479596283,0.00406572041647944,
-0.0020386473518912845,0.004085987237576536,
-0.002049152149230246,0.00410691943255939,
-0.002060000165711557,0.004128539010299338,
-0.002071202828185405,0.004150868876718251,
-0.0020827720359754436,0.004173932881499856,
-0.0020947201856050222,0.0041977558675517284,
-0.002107060196981918,0.004222363723392593,
-0.0021198055411351022,0.004247783438651821,
-0.0021329702696036425,0.004274043162881133,
-0.0021465690455848055,0.00430117226789243,
-0.0021606171769558776,0.00432920141385059,
-0.00217513065129214,0.004358162619365875,
-0.0021901261730118506,0.004388089335847477,
-0.00220562120278807,0.004419016526397621,
-0.002221633999376605,0.0044509807495446505,
-0.002238183664019485,0.004484020248133676,
-0.0022552901875939817,0.0045181750437147065,
-0.002272974500688467,0.004553487036790666,
-0.0022912585267982183,0.00459000011331143,
-0.002310165238846752,0.004627760257824915,
-0.0023297187192512273,0.004666815673722262,
-0.0023499442237640304,0.004707216911041305,
-0.002370868249336772,0.004749017002320721,
-0.0023925186062673095,0.0047922716070262035,
-0.00241492449490543,0.004837039165099903,
-0.0024381165872078003,0.00488338106021447,
-0.0024621271134479955,0.004931361793343468,
-0.002486989954402427,0.004981049167289895,
-0.0025127407393474117,0.005032514482843573,
-0.002539416950216392,0.005085832747265555,
-0.0025670580322784352,0.005141082895822109,
-0.002595705511709373,0.0051983480271112865,
-0.0026254031204342356,0.005257715652939674,
-0.0026561969286231567,0.005319277963513978,
-0.0026881354852213574,0.005383132108709052,
-0.002721269966886279,0.005449380496158812,
-0.00275565433568969,0.005518131106886042,
-0.0027913455059181383,0.005589497829138135,
-0.0028284035202692306,0.005663600811024075,
-0.002866891735691179,0.005740566832447722,
-0.002906877019045201,0.005820529696696793,
-0.0029484299526805736,0.005903630641867191,
-0.002991625049895199,0.005990018772068373,
-0.0030365409801046024,0.006079851508055374,
-0.0030832608033522085,0.006173295056552747,
-0.0031318722135553535,0.006270524897058693,
-0.003182467789584865,0.006371726284323995,
-0.0032351452529098173,0.0064770947639675395,
-0.003290007730089344,0.006586836697790298,
-0.0033471640178446564,0.006701169794251477,
-0.0034067288477778917,0.0068203236382367955,
-0.0034688231469988773,0.006944540212636868,
-0.0035335742899520518,0.007074074402314812,
-0.0036011163355754135,0.007209194468720262,
-0.003671590242540878,0.007350182480640285,
-0.003745144053685635,0.007497334683296414,
-0.003821933038810032,0.007650961784126511,
-0.003902119782748591,0.007811389129049919,
-0.003985874202976415,0.007978956737722582,
-0.0040733734779530096,0.008154019160164852,
-0.004164801863892614,0.008336945110114955,
-0.004260350373656785,0.008528116822469727,
-0.004360216286976036,0.008727929073191358,
-0.004464602456231785,0.008936787790102083,
-0.0045737163666089865,0.009155108172140845,
-0.004687768903653795,0.009383312223097379,
-0.004806972775296246,0.009621825593883611,
-0.004931540529472126,0.009871073615543896,
-0.0050616821029650875,0.010131476394173174,
-0.005197601832505298,0.010403442829737285,
-0.0053394948562043056,0.01068736341487305,
-0.005487542832999794,0.010983601668933283,
-0.005641908911105726,0.011292484069189193,
-0.0058027318849636945,0.011614288358112635,
-0.005970119495594555,0.011949230136484844,
-0.006144140853515289,0.012297447700637005,
-0.0063248179986088995,0.012658985152613676,
-0.006512116659571959,0.013033773908578065,
-0.006705936338549034,0.013421612856818378,
-0.0069060999252962794,0.013822147574269751,
-0.00711234313942887,0.014234849198997195,
-0.007324304206781085,0.014658993771154994,
-0.007541514291762359,0.015093643086777951,
-0.007763389323572403,0.01553762834085074,
-0.007989223958151385,0.01598953804424545,
-0.008218188493828663,0.01644771185137881,
-0.008449329587694216,0.016910241993595667,
-0.008681575581236443,0.01737498393628187,
-0.008913747118752773,0.017839577627495058,
-0.00914457351692353,0.01830148025541726,
-0.009372715015414234,0.018758010774512498,
-0.009596790617748392,0.01920640561855314,
-0.009815410747981165,0.019643884050709517,
-0.01002721344876868,0.020067720600462472,
-0.010230902391200829,0.020475321126130167,
-0.010425284623107114,0.0208642983540952,
-0.01060930581167218,0.021232542403877168,
-0.010782080780838,0.02157828189752491,
-0.01094291741748856,0.02190013179914563,
-0.011091332501011993,0.022197125092125913,
-0.011227058643163068,0.022468726666965897,
-0.011350042229399067,0.022714829201940376,
-0.011460432939472931,0.022935732192795138,
-0.011558566011270848,0.023132106460754018,
-0.011644938835975406,0.023304947316778436,
-0.011720183702667725,0.02345552002034637,
-0.011785038545943417,0.02358530124198172,
-0.011840317417169047,0.023695919972721417,
-0.011886882142537344,0.02378910080848181,
-0.011925616300232403,0.023866611875221475,
-0.011957402293896711,0.023930218950159867,
-0.011983101960562095,0.02398164665587129,
-0.012003540856554442,0.02402254701443803,
-0.012019496130311003,0.02405447517944081,
-0.012031687721360264,0.024078871823996453,
-0.01204077251651519,0.024097051446532115,
-0.012047341039079975,0.02411019574542231,
-0.012051916233537699,0.024119351186933785,
-0.012054953925341406,0.02412542992525293,
-0.01205684457259812,0.024129213307745687,
-0.01205791597484448,0.02413135729547273,
-0.012058436657016102,0.0241323992348483,
-0.012058619699361532,0.02413276552168822,
-0.012058626833555639,0.024132779797955327,
-0.012058572670034757,0.024132671411096214,
-0.012058528960552118,0.024132583943858876,