2.57634,2.33572,0,0,
2.57687,2.33433,0.0527483,-0.138882,
2.57784,2.33155,0.0977189,-0.277703,
2.57926,2.32739,0.141486,-0.416574,
2.5811,2.32183,0.183636,-0.555611,
2.58334,2.31488,0.224178,-0.694922,
2.58597,2.30654,0.263121,-0.834602,
2.58897,2.29679,0.300483,-0.974738,
2.59234,2.28564,0.336286,-1.11541,
2.59604,2.27307,0.370563,-1.25667,
2.60008,2.25908,0.403354,-1.39859,
2.60442,2.24367,0.434707,-1.54122,
2.60907,2.22682,0.464685,-1.68458,
2.614,2.20854,0.493358,-1.82873,
2.61921,2.1888,0.520811,-1.97368,
2.62468,2.16761,0.547138,-2.11945,
2.63041,2.14495,0.572445,-2.26606,
2.63638,2.12081,0.596852,-2.41353,
2.64258,2.09519,0.620486,-2.56187,
2.64902,2.06808,0.643487,-2.7111,
2.65568,2.03947,0.666002,-2.86123,
2.66256,2.00935,0.688185,-3.0123,
2.66966,1.9777,0.710198,-3.16434,
2.67698,1.94453,0.732204,-3.31739,
2.68453,1.90981,0.754371,-3.4715,
2.69229,1.87355,0.776867,-3.62674,
2.70029,1.83571,0.799858,-3.7832,
2.70853,1.7963,0.823506,-3.94096,
2.71701,1.7553,0.847967,-4.10014,
2.72574,1.71269,0.873391,-4.26085,
2.73474,1.66846,0.899913,-4.42322,
2.74402,1.62259,0.927656,-4.58739,
2.75358,1.57505,0.956727,-4.75348,
2.76346,1.52584,0.987205,-4.92161,
2.77365,1.47492,1.01915,-5.09188,
2.78417,1.42228,1.05257,-5.26432,
2.79505,1.36789,1.08743,-5.4389,
2.80628,1.31173,1.12365,-5.61548,
2.81789,1.25379,1.16106,-5.79372,
2.82989,1.19406,1.19935,-5.97308,
2.84227,1.13254,1.23811,-6.15264,
2.85504,1.06923,1.27671,-6.33102,
2.86818,1.00417,1.31427,-6.50616,
2.88167,0.937414,1.34957,-6.67515,
2.89548,0.869075,1.38098,-6.83389,
2.90955,0.799306,1.40641,-6.97696,
2.92378,0.72833,1.42336,-7.09759,
2.93807,0.656446,1.42924,-7.18836,
2.9523,0.584013,1.42235,-7.24329,
2.96633,0.51139,1.40367,-7.2623,
2.98012,0.438826,1.37884,-7.25643,
2.9937,0.366355,1.35746,-7.24712,
3.00716,0.293853,1.34607,-7.25017,
3.02055,0.221312,1.33949,-7.25413,
3.03377,0.149109,1.32153,-7.22026,
3.04653,0.0780282,1.27568,-7.10807,
3.05848,0.00902471,1.195,-6.90035,
3.06932,-0.0570689,1.08426,-6.60937,
3.07887,-0.119719,0.955053,-6.26501,
3.08706,-0.1787,0.81926,-5.89811,
3.09392,-0.23401,0.685416,-5.53098,
3.0995,-0.285776,0.558457,-5.17664,
3.10391,-0.334191,0.440776,-4.84144,
3.10724,-0.379468,0.333247,-4.52772,
3.1096,-0.421824,0.235896,-4.23559,
3.11108,-0.461463,0.148303,-3.96393,
3.11178,-0.498574,0.0698404,-3.71113,
3.11178,-0.533328,-0.00019569,-3.47535,
3.11115,-0.565876,-0.0625115,-3.25478,
3.10998,-0.596353,-0.117777,-3.04775,
3.10831,-0.62488,-0.166611,-2.85271,
3.10621,-0.651563,-0.209575,-2.66831,
3.10374,-0.676497,-0.247175,-2.49334,
3.10094,-0.699764,-0.279864,-2.32675,
3.09786,-0.721441,-0.308053,-2.16765,
3.09454,-0.741593,-0.332111,-2.01521,
3.09102,-0.76028,-0.352373,-1.86876,
3.08733,-0.777557,-0.369146,-1.72768,
3.0835,-0.793472,-0.38271,-1.59144,
3.07957,-0.808067,-0.393326,-1.45955,
3.07555,-0.821383,-0.401236,-1.3316,
3.07149,-0.833455,-0.406667,-1.2072,
3.06739,-0.844315,-0.409833,-1.08602,
3.06328,-0.853993,-0.410937,-0.967752,
3.05918,-0.862514,-0.410171,-0.852105,
3.0551,-0.869902,-0.40772,-0.738821,
3.05106,-0.876179,-0.403759,-0.627661,
3.04708,-0.881363,-0.398459,-0.5184,
3.04316,-0.885471,-0.391983,-0.410828,
3.03931,-0.888519,-0.384488,-0.304749,
3.03555,-0.890518,-0.376126,-0.199975,
3.03188,-0.891482,-0.367045,-0.0963308,
3.02831,-0.891418,-0.357386,0.00635253,
3.02484,-0.890336,-0.347285,0.108235,
3.02147,-0.888241,-0.336876,0.209468,
3.0182,-0.885139,-0.326286,0.310199,
3.01505,-0.881033,-0.315637,0.410566,
3.012,-0.875926,-0.305048,0.5107,
3.00905,-0.869819,-0.29463,0.610727,
3.00621,-0.862711,-0.284493,0.710765,
3.00346,-0.854602,-0.274738,0.810923,
3.0008,-0.845489,-0.265462,0.911303,
2.99824,-0.835369,-0.256755,1.012,
2.99575,-0.824238,-0.248701,1.11308,
2.99334,-0.812092,-0.241375,1.21463,
2.99099,-0.798925,-0.234846,1.3167,
2.98869,-0.784732,-0.22917,1.41931,
2.98645,-0.769507,-0.224394,1.52249,
2.98425,-0.753245,-0.22055,1.62622,
2.98207,-0.73594,-0.217655,1.73044,
2.97991,-0.71759,-0.215706,1.83507,
2.97777,-0.69819,-0.214678,1.93997,
2.97562,-0.677741,-0.214516,2.04494,
2.97347,-0.656244,-0.215132,2.14968,
2.9713,-0.633706,-0.216393,2.25381,
2.96912,-0.610138,-0.218115,2.35683,
2.96692,-0.585557,-0.220048,2.45805,
2.9647,-0.559991,-0.221862,2.55662,
2.96247,-0.533476,-0.223131,2.65144,
2.96024,-0.506065,-0.223306,2.7411,
2.95802,-0.477827,-0.221699,2.82386,
2.95585,-0.448851,-0.217462,2.89756,
2.95375,-0.419255,-0.209574,2.9596,
2.95178,-0.389185,-0.196868,3.00703,
2.95,-0.358818,-0.178119,3.03671,
2.94848,-0.328359,-0.152267,3.04585,
2.94729,-0.298027,-0.118876,3.03317,
2.9465,-0.268021,-0.0788704,3.00065,
2.94615,-0.238464,-0.0353955,2.95568,
2.94621,-0.209346,0.00587109,2.91186,
2.94659,-0.180486,0.0380006,2.88597,
2.94715,-0.15158,0.0558632,2.89058,
2.94774,-0.122311,0.0589809,2.92694,
2.94825,-0.092466,0.0517343,2.98446,
2.94866,-0.062004,0.0410426,3.0462,
2.949,-0.0310471,0.0336233,3.09569,
2.94934,0.000164182,0.0342536,3.12113,
2.94979,0.0313338,0.0451913,3.11696,
2.95046,0.0621659,0.0664273,3.08322,
2.95142,0.0924041,0.0964013,3.02381,
2.95275,0.121849,0.132828,2.94445,
2.95448,0.150359,0.173366,2.851,
2.95664,0.177843,0.216009,2.74848,
2.95924,0.204251,0.25922,2.64075,
2.96226,0.229557,0.301915,2.53055,
2.96569,0.253754,0.343371,2.41971,
2.96952,0.276848,0.383133,2.30939,
2.97373,0.298851,0.420934,2.20032,
2.9783,0.31978,0.456631,2.09288,
2.9832,0.339652,0.490165,1.98729,
2.98841,0.358489,0.52153,1.88361,
2.99392,0.376307,0.550754,1.78184,
2.9997,0.393126,0.577889,1.68191,
3.00573,0.408964,0.602997,1.58376,
3.01199,0.423837,0.626151,1.48729,
3.01847,0.43776,0.647426,1.39239,
3.02513,0.45075,0.666902,1.29895,
3.03198,0.462819,0.68466,1.20689,
3.03899,0.47398,0.70078,1.1161,
3.04614,0.484245,0.715342,1.0265,
3.05343,0.493625,0.728428,0.937987,
3.06083,0.50213,0.740118,0.850491,
3.06833,0.509769,0.750489,0.763934,
3.07593,0.516551,0.759619,0.678246,
3.08361,0.522485,0.767587,0.593361,
3.09135,0.527577,0.774466,0.509221,
3.09915,0.531835,0.78033,0.425771,
3.10701,0.535265,0.785252,0.342962,
3.1149,0.537872,0.789302,0.260751,
3.12282,0.539663,0.792546,0.179101,
3.13077,0.540643,0.795049,0.0979824,
3.13874,0.540817,0.796871,0.0173729,
3.14672,0.540189,0.798069,-0.0627402,
3.15471,0.538766,0.798695,-0.142359,
3.1627,0.536551,0.798793,-0.221474,
3.17068,0.53355,0.798402,-0.300058,
3.17866,0.52977,0.797552,-0.378067,
3.18662,0.525215,0.796262,-0.455434,
3.19457,0.519895,0.794537,-0.532065,
3.20249,0.513816,0.792369,-0.60783,
3.21039,0.506991,0.789729,-0.682559,
3.21825,0.499431,0.786567,-0.756027,
3.22608,0.491151,0.782802,-0.827949,
3.23386,0.482172,0.77832,-0.897956,
3.24159,0.472516,0.772964,-0.965584,
3.24926,0.462213,0.766528,-1.03025,
3.25685,0.451301,0.758746,-1.09124,
3.26434,0.439824,0.749283,-1.14766,
3.27172,0.42784,0.737737,-1.19847,
3.27895,0.415414,0.723649,-1.24251,
3.28602,0.402629,0.70654,-1.27852,
3.29288,0.389575,0.685999,-1.30545,
3.2995,0.376347,0.661859,-1.32278,
3.30584,0.363035,0.634465,-1.33123,
3.31189,0.349699,0.605038,-1.33359,
3.31765,0.336344,0.575981,-1.33547,
3.32316,0.322892,0.550839,-1.34524,
3.3285,0.309168,0.533609,-1.37241,
3.33377,0.294922,0.527451,-1.42456,
3.33911,0.279878,0.533454,-1.50437,
3.34461,0.263793,0.550229,-1.60856,
3.35035,0.2465,0.574459,-1.72923,
3.35637,0.227939,0.601916,-1.85618,
3.36266,0.208147,0.62837,-1.97912,
3.36916,0.187256,0.65019,-2.08912,
3.3758,0.165462,0.66466,-2.17941,
3.3825,0.143005,0.670097,-2.24569,
3.38916,0.120144,0.66584,-2.28615,
3.39568,0.0971315,0.652118,-2.30121,
3.40198,0.0742016,0.629849,-2.29299,
3.40799,0.0515538,0.600385,-2.26477,
3.41364,0.0293508,0.565255,-2.22031,
3.4189,0.0077177,0.52596,-2.16331,
3.42374,-0.0132533,0.483826,-2.0971,
3.42814,-0.0334978,0.439945,-2.02445,
3.43209,-0.0529728,0.395163,-1.94751,
3.43559,-0.0716518,0.350107,-1.8679,
3.43864,-0.0895199,0.305228,-1.78681,
3.44125,-0.106571,0.260839,-1.70508,
3.44342,-0.122804,0.217151,-1.6233,
3.44516,-0.138222,0.174306,-1.54186,
3.44649,-0.152833,0.132394,-1.46104,
3.4474,-0.166643,0.0914692,-1.38103,
3.44792,-0.179662,0.0515602,-1.30193,
3.44805,-0.1919,0.0126796,-1.22382,
3.44779,-0.203368,-0.0251722,-1.14674,
3.44717,-0.214075,-0.0620034,-1.07071,
3.4462,-0.224032,-0.0978272,-0.995721,
3.44487,-0.23325,-0.132661,-0.921775,
3.4432,-0.241738,-0.166524,-0.848857,
3.44121,-0.249508,-0.199436,-0.776952,
3.4389,-0.256568,-0.231418,-0.706045,
3.43627,-0.26293,-0.262489,-0.636122,
3.43334,-0.268601,-0.292667,-0.567177,
3.43012,-0.273594,-0.321967,-0.499209,
3.42662,-0.277916,-0.3504,-0.432226,
3.42284,-0.281578,-0.377975,-0.366246,
3.41879,-0.284591,-0.404694,-0.301303,
3.41449,-0.286966,-0.430554,-0.237446,
3.40993,-0.288713,-0.455542,-0.174742,
3.40514,-0.289846,-0.47964,-0.113281,
3.40011,-0.290378,-0.502816,-0.0531817,
3.39486,-0.290324,-0.525026,0.0054087,
3.3894,-0.289701,-0.546213,0.0623044,
3.38373,-0.288528,-0.566299,0.117277,
3.37788,-0.286827,-0.585187,0.170048,
3.37185,-0.284625,-0.602759,0.220283,
3.36566,-0.281949,-0.61887,0.267592,
3.35933,-0.278833,-0.633354,0.31153,
3.35287,-0.275317,-0.646031,0.351618,
3.3463,-0.271443,-0.656727,0.38739,
3.33965,-0.267258,-0.665312,0.418493,
3.33293,-0.26281,-0.671773,0.444847,
3.32617,-0.258141,-0.676317,0.46691,
3.31937,-0.253281,-0.679518,0.486021,
3.31255,-0.248233,-0.682461,0.504747,
3.30568,-0.242963,-0.686806,0.527051,
3.29873,-0.237383,-0.694675,0.558008,
3.29165,-0.231354,-0.708265,0.602879,
3.28436,-0.224697,-0.729264,0.665712,
3.27678,-0.217216,-0.758319,0.748039,
3.26883,-0.208733,-0.794789,0.848283,
3.26046,-0.199112,-0.836897,0.962106,
3.25164,-0.188279,-0.882129,1.08336,
3.24236,-0.176227,-0.927696,1.20521,
3.23265,-0.163016,-0.970917,1.32103,
3.22256,-0.148766,-1.00948,1.42506,
3.21214,-0.133637,-1.04162,1.51283,
3.20148,-0.117824,-1.06614,1.58132,
3.19065,-0.101534,-1.0825,1.62899,
3.17975,-0.0849772,-1.09067,1.65571,
3.16884,-0.0683521,-1.09112,1.66251,
3.15799,-0.0518393,-1.08464,1.65128,
3.14727,-0.0355947,-1.07221,1.62446,
3.13672,-0.0197482,-1.05491,1.58465,
3.12638,-0.00440395,-1.03373,1.53442,
3.11629,0.0103568,-1.00961,1.47607,
3.10645,0.0244726,-0.98329,1.41158,
3.0969,0.0378982,-0.955403,1.34256,
3.08763,0.0506008,-0.926422,1.27026,
3.07867,0.0625577,-0.896704,1.19569,
3.07,0.0737534,-0.866513,1.11957,
3.06164,0.084178,-0.836034,1.04246,
3.05359,0.0938257,-0.8054,0.964774,
3.04584,0.102694,-0.7747,0.886825,
3.0384,0.110782,-0.743994,0.808844,
3.03127,0.118092,-0.713323,0.731009,
3.02444,0.124627,-0.682709,0.653459,
3.01792,0.13039,-0.652168,0.576302,
3.0117,0.135386,-0.621708,0.499631,
3.00579,0.139622,-0.591332,0.423525,
3.00018,0.143102,-0.561044,0.348055,
2.99487,0.145835,-0.530845,0.27329,
2.98986,0.147828,-0.50074,0.199299,
2.98515,0.14909,-0.470734,0.126157,
2.98075,0.149629,-0.44084,0.0539436,
2.97664,0.149457,-0.411072,-0.0172479,
2.97282,0.148583,-0.381453,-0.0873116,
2.9693,0.147022,-0.352016,-0.156123,
2.96607,0.144787,-0.322801,-0.223534,
2.96313,0.141893,-0.293863,-0.289371,
2.96048,0.138359,-0.265269,-0.353425,
2.95811,0.134204,-0.237105,-0.415449,
2.95602,0.129453,-0.209477,-0.475146,
2.95419,0.124131,-0.182515,-0.532166,
2.95263,0.11827,-0.156374,-0.586096,
2.95131,0.111906,-0.131243,-0.636449,
2.95024,0.105079,-0.107344,-0.682657,
2.94939,0.0978386,-0.0849316,-0.724072,
2.94875,0.0902389,-0.0642967,-0.759969,
2.94829,0.0823432,-0.0457525,-0.789569,
2.948,0.0742223,-0.0296159,-0.812089,
2.94783,0.0659539,-0.0161692,-0.82684,
2.94778,0.0576202,-0.00559786,-0.833374,
2.9478,0.0493032,0.00209759,-0.831703,
2.94787,0.0410776,0.00720803,-0.82256,
2.94797,0.0330013,0.0104112,-0.807629,
2.9481,0.025105,0.0128053,-0.789627,
2.94826,0.0173841,0.0158241,-0.772092,
2.94847,0.00979587,0.0210094,-0.758821,
2.94877,0.00226494,0.0296934,-0.753093,
2.94919,-0.00530454,0.0427066,-0.756948,
2.9498,-0.0130127,0.0602261,-0.770818,
2.95062,-0.0209486,0.0818008,-0.793591,
2.95168,-0.0291786,0.10651,-0.822999,
2.95301,-0.0377401,0.133177,-0.856144,
2.95462,-0.0466398,0.16056,-0.889976,
2.95649,-0.0558565,0.187509,-0.92167,
2.95862,-0.0653451,0.213058,-0.948857,
2.96099,-0.0750425,0.236473,-0.969745,
2.96356,-0.0848739,0.257258,-0.983139,
2.96631,-0.0947579,0.275144,-0.9884,
2.96921,-0.104612,0.290047,-0.985362,
2.97223,-0.114354,0.302035,-0.97423,
2.97535,-0.123909,0.311279,-0.955476,
2.97853,-0.133206,0.318019,-0.92974,
2.98175,-0.142183,0.322526,-0.897748,
2.985,-0.150786,0.32508,-0.860251,
2.98826,-0.158966,0.325952,-0.817979,
2.99152,-0.166682,0.32539,-0.771609,
2.99475,-0.173899,0.323615,-0.721754,
2.99796,-0.180589,0.320818,-0.668954,
3.00113,-0.186726,0.317161,-0.613677,
3.00426,-0.192289,0.312775,-0.556324,
3.00734,-0.197261,0.307771,-0.497237,
3.01036,-0.201628,0.302235,-0.436705,
3.01332,-0.205378,0.296237,-0.374976,
3.01622,-0.208501,0.289832,-0.312261,
3.01905,-0.210988,0.283064,-0.248742,
3.02181,-0.212834,0.275967,-0.184584,
3.0245,-0.214033,0.268571,-0.119931,
3.0271,-0.214583,0.260899,-0.0549199,
3.02963,-0.214479,0.252974,0.0103174,
3.03208,-0.213723,0.244818,0.0756512,
3.03445,-0.212313,0.236455,0.140948,
3.03673,-0.210253,0.227911,0.206068,
3.03892,-0.207544,0.219219,0.27086,
3.04102,-0.204193,0.210416,0.335157,
3.04304,-0.200205,0.201549,0.398772,
3.04497,-0.19559,0.192675,0.461498,
3.0468,-0.190359,0.183863,0.523096,
3.04856,-0.184526,0.175194,0.583295,
3.05022,-0.178108,0.16677,0.641787,
3.05181,-0.171126,0.158706,0.698219,
3.05332,-0.163604,0.151142,0.752191,
3.05476,-0.155571,0.144238,0.803252,
3.05615,-0.147062,0.138176,0.850897,
3.05748,-0.138117,0.133162,0.894569,
3.05877,-0.12878,0.12942,0.93367,
3.06004,-0.119104,0.127186,0.967576,
3.06131,-0.109148,0.126695,0.995671,
3.06259,-0.0989737,0.128162,1.01739,
3.06391,-0.0886506,0.131753,1.0323,
3.06529,-0.0782488,0.137547,1.04019,
3.06674,-0.0678373,0.145493,1.04115,
3.06829,-0.0574801,0.155373,1.03572,
3.06996,-0.0472312,0.166778,1.02489,
3.07175,-0.0371301,0.179112,1.01011,
3.07367,-0.0271983,0.191651,0.993175,
3.07571,-0.0174388,0.203629,0.975954,
3.07785,-0.00783721,0.214349,0.960156,
3.08008,0.00163338,0.223291,0.947059,
3.08238,0.0110069,0.230174,0.937353,
3.08473,0.0203179,0.234969,0.931102,
3.08711,0.0295962,0.237872,0.927827,
3.0895,0.0388626,0.239241,0.926645,
3.0919,0.0481271,0.239527,0.926448,
3.09429,0.0573877,0.239214,0.926057,
3.09668,0.0666312,0.238759,0.924351,
3.09907,0.0758347,0.238566,0.920351,
3.10145,0.0849674,0.238961,0.913269,
3.10386,0.0939927,0.240189,0.902528,
3.10628,0.10287,0.242409,0.887755,
3.10874,0.111558,0.245711,0.868764,
3.11124,0.120013,0.250119,0.845521,
3.1138,0.128194,0.255611,0.818122,
3.11642,0.136062,0.262126,0.786753,
3.11911,0.143579,0.269577,0.75167,
3.12189,0.15071,0.277862,0.71317,
3.12476,0.157426,0.286868,0.671575,
3.12772,0.163698,0.29648,0.627217,
3.13079,0.169502,0.306583,0.580429,
3.13396,0.174818,0.317065,0.531538,
3.13724,0.179626,0.327819,0.480861,
3.14063,0.183913,0.338743,0.428706,
3.14412,0.187667,0.349737,0.37537,
3.14773,0.190879,0.360708,0.321141,
3.15145,0.193542,0.371565,0.266302,
3.15527,0.195653,0.382215,0.211133,
3.15919,0.197212,0.39257,0.155917,
3.16322,0.198222,0.402534,0.10094,
3.16734,0.198686,0.412013,0.0464967,
3.17155,0.198615,0.420904,-0.00710445,
3.17584,0.19802,0.4291,-0.0595402,
3.1802,0.196915,0.436484,-0.110469,
3.18463,0.19532,0.442932,-0.15953,
3.18912,0.193257,0.448312,-0.206344,
3.19364,0.190751,0.452485,-0.250516,
3.1982,0.187835,0.455309,-0.291646,
3.20276,0.184542,0.456642,-0.329338,
3.20732,0.180909,0.456354,-0.363221,
3.21187,0.17698,0.454334,-0.392978,
3.21637,0.172796,0.450508,-0.418383,
3.22082,0.168402,0.444852,-0.43934,
3.2252,0.163843,0.437419,-0.455933,
3.22948,0.159158,0.428348,-0.468469,
3.23366,0.154383,0.41788,-0.4775,
3.23772,0.149545,0.406354,-0.483827,
3.24166,0.144661,0.394194,-0.488452,
3.24548,0.139736,0.381871,-0.4925,
3.24918,0.134765,0.369855,-0.497095,
3.25277,0.129732,0.358563,-0.503228,
3.25625,0.124616,0.348306,-0.511632,
3.25964,0.119389,0.339255,-0.522704,
3.26296,0.114024,0.331432,-0.536467,
3.2662,0.108498,0.324714,-0.552595,
3.26939,0.102794,0.318861,-0.57047,
3.27253,0.0969009,0.313549,-0.589272,
3.27561,0.0908203,0.30841,-0.608067,
3.27864,0.0845613,0.303062,-0.625896,
3.28161,0.0781428,0.297145,-0.641847,
3.28452,0.0715918,0.290337,-0.655108,
3.28734,0.0649418,0.282371,-0.665,
3.29007,0.0582318,0.273042,-0.671001,
3.29269,0.0515043,0.262208,-0.672748,
3.29519,0.044804,0.249788,-0.670032,
3.29755,0.0381761,0.235756,-0.662783,
3.29975,0.0316656,0.220137,-0.651053,
3.30178,0.0253156,0.20299,-0.634997,
3.30362,0.0191672,0.18441,-0.614846,
3.30527,0.0132582,0.164513,-0.590896,
3.3067,0.00762337,0.143432,-0.563483,
3.30792,0.00229365,0.121309,-0.532972,
3.3089,-0.00270379,0.0982926,-0.499744,
3.30965,-0.00734568,0.0745348,-0.464189,
3.31015,-0.0116126,0.0501866,-0.426697,
3.3104,-0.0154892,0.0253982,-0.387658,
3.3104,-0.0189638,0.000317977,-0.347456,
3.31016,-0.0220285,-0.0249071,-0.306474,
3.30965,-0.0246794,-0.0501314,-0.26509,
3.3089,-0.0269163,-0.0752094,-0.223683,
3.3079,-0.0287426,-0.0999952,-0.182631,
3.30666,-0.0301657,-0.124341,-0.142315,
3.30518,-0.0311969,-0.148099,-0.103122,
3.30347,-0.0318513,-0.171116,-0.0654383,
3.30153,-0.0321479,-0.19324,-0.0296564,
3.29939,-0.0321095,-0.214318,0.00383584,
3.29705,-0.0317629,-0.234202,0.0346609,
3.29452,-0.0311383,-0.252751,0.062464,
3.29182,-0.030269,-0.269839,0.0869302,
3.28897,-0.0291909,-0.285366,0.107807,
3.28598,-0.0279416,-0.299267,0.124933,
3.28286,-0.0265589,-0.311525,0.138265,
3.27964,-0.0250798,-0.322182,0.147912,
3.27633,-0.0235382,-0.331352,0.154158,
3.27293,-0.0219635,-0.339224,0.157473,
3.26947,-0.0203785,-0.346059,0.158504,
3.26595,-0.018798,-0.352178,0.158046,
3.26237,-0.0172282,-0.357936,0.15698,
3.25874,-0.0156662,-0.363695,0.1562,
3.25504,-0.014101,-0.369787,0.156526,
3.25127,-0.0125147,-0.376482,0.158624,
3.24743,-0.0108853,-0.383962,0.162944,
3.24351,-0.00918838,-0.392311,0.16969,
3.23949,-0.00740027,-0.401508,0.178811,
3.23538,-0.00549997,-0.41144,0.19003,
3.23116,-0.00347116,-0.421921,0.202881,
3.22683,-0.00130354,-0.432706,0.216762,
3.2224,0.00100642,-0.44352,0.230996,
3.21786,0.00345517,-0.454078,0.244875,
3.21322,0.00603226,-0.464098,0.257709,
3.20848,0.00872088,-0.473322,0.268862,
3.20367,0.0114986,-0.481522,0.277774,
3.19878,0.0143384,-0.488506,0.283979,
3.19384,0.0172095,-0.494123,0.287111,
3.18886,0.0200786,-0.498262,0.286908,
3.18385,0.0229106,-0.500851,0.283202,
3.17883,0.0256698,-0.501852,0.275918,
3.17382,0.0283204,-0.501258,0.265058,
3.16883,0.0308273,-0.49909,0.250691,
3.16388,0.0331567,-0.495391,0.232945,
3.15897,0.0352767,-0.490218,0.211992,
3.15414,0.037157,-0.483646,0.188037,
3.14938,0.0387702,-0.475757,0.161315,
3.14471,0.040091,-0.46664,0.132078,
3.14015,0.0410969,-0.456391,0.100592,
3.1357,0.0417682,-0.445108,0.0671342,
3.13137,0.0420881,-0.432893,0.0319857,
3.12717,0.0420424,-0.419848,-0.00456573,
3.12311,0.0416201,-0.406077,-0.0422288,
3.11919,0.0408131,-0.391686,-0.0807078,
3.11542,0.039616,-0.376784,-0.119702,
3.11181,0.038027,-0.361483,-0.158904,
3.10835,0.036047,-0.345897,-0.197999,
3.10505,0.0336804,-0.330144,-0.236664,
3.10191,0.0309347,-0.31435,-0.274564,
3.09892,0.0278212,-0.298643,-0.311355,
3.09609,0.0243544,-0.283157,-0.346681,
3.09341,0.0205526,-0.26803,-0.380178,
3.09087,0.0164378,-0.253405,-0.411476,
3.08848,0.0120358,-0.239425,-0.440207,
3.08622,0.00737567,-0.226229,-0.466011,
3.08408,0.00249015,-0.213949,-0.488553,
3.08205,-0.00258518,-0.202705,-0.507533,
3.08012,-0.00781231,-0.192592,-0.522713,
3.07829,-0.0131516,-0.183674,-0.533931,
3.07653,-0.0185629,-0.175979,-0.54113,
3.07483,-0.0240066,-0.169482,-0.544369,
3.07319,-0.029445,-0.16411,-0.543844,
3.07159,-0.0348438,-0.159736,-0.539879,
3.07003,-0.0401731,-0.156184,-0.532923,
3.0685,-0.0454082,-0.153241,-0.523513,
3.06699,-0.0505306,-0.150674,-0.512242,
3.06551,-0.0555277,-0.148248,-0.499708,
3.06405,-0.0603924,-0.145746,-0.486465,
3.06262,-0.0651222,-0.142984,-0.472985,
3.06123,-0.0697185,-0.139825,-0.459626,
3.05986,-0.0741846,-0.136185,-0.446618,
3.05854,-0.0785253,-0.132032,-0.434062,
3.05727,-0.0827447,-0.12738,-0.421947,
3.05605,-0.0868463,-0.122284,-0.410161,
3.05488,-0.0908316,-0.116828,-0.398525,
3.05377,-0.0946997,-0.111114,-0.386813,
3.05271,-0.0984475,-0.105252,-0.37478,
3.05172,-0.102069,-0.0993561,-0.362179,
3.05079,-0.105557,-0.0935308,-0.348778,
3.04991,-0.108901,-0.0878716,-0.334374,
3.04908,-0.112089,-0.0824599,-0.3188,
3.04831,-0.115108,-0.0773614,-0.301926,
3.04758,-0.117945,-0.0726254,-0.283665,
3.0469,-0.120584,-0.0682851,-0.263973,
3.04626,-0.123013,-0.0643586,-0.242839,
3.04565,-0.125216,-0.0608502,-0.220293,
3.04507,-0.12718,-0.0577516,-0.196392,
3.04452,-0.128892,-0.0550434,-0.171223,
3.04399,-0.130341,-0.0526968,-0.144899,
3.04349,-0.131516,-0.0506746,-0.11755,
3.043,-0.13241,-0.0489325,-0.0893266,
3.04252,-0.133014,-0.0474202,-0.0603947,
3.04206,-0.133323,-0.0460818,-0.0309328,
3.04161,-0.133334,-0.0448571,-0.00113084,
3.04118,-0.133046,-0.0436818,0.0288113,
3.04075,-0.132459,-0.042488,0.0586855,
3.04034,-0.131577,-0.0412051,0.0882771,
3.03994,-0.130403,-0.03976,0.117366,
3.03956,-0.128946,-0.0380781,0.145729,
3.0392,-0.127214,-0.0360844,0.173144,
3.03886,-0.12522,-0.0337043,0.199388,
3.03855,-0.122978,-0.0308657,0.224249,
3.03828,-0.120503,-0.0275008,0.247524,
3.03804,-0.117812,-0.0235483,0.26903,
3.03785,-0.114926,-0.0189567,0.288607,
3.03772,-0.111865,-0.013687,0.306128,
3.03764,-0.10865,-0.00771597,0.321508,
3.03763,-0.105303,-0.00103919,0.334709,
3.03769,-0.101845,0.00632655,0.345745,
3.03784,-0.0982983,0.0143418,0.354691,
3.03807,-0.0946816,0.0229444,0.361675,
3.03839,-0.0910128,0.0320511,0.366882,
3.0388,-0.0873074,0.0415613,0.370538,
3.03932,-0.0835784,0.0513624,0.372902,
3.03993,-0.0798359,0.0613368,0.374245,
3.04064,-0.0760876,0.0713696,0.374833,
3.04146,-0.0723385,0.0813562,0.374907,
3.04237,-0.0685919,0.0912093,0.374667,
3.04338,-0.0648493,0.100864,0.374258,
3.04448,-0.0611116,0.110281,0.373764,
3.04567,-0.0573796,0.119446,0.373204,
3.04696,-0.0536542,0.128371,0.37254,
3.04833,-0.0499374,0.137089,0.371678,
3.04979,-0.0462325,0.145649,0.370488,
3.05133,-0.0425445,0.154112,0.368808,
3.05295,-0.0388798,0.162547,0.366466,
3.05466,-0.0352469,0.17102,0.363286,
3.05646,-0.0316559,0.179597,0.359104,
3.05834,-0.0281182,0.188336,0.353774,
3.06031,-0.0246464,0.197282,0.347177,
3.06238,-0.0212541,0.206471,0.339227,
3.06454,-0.0179554,0.215925,0.329871,
3.0668,-0.0147645,0.22565,0.319092,
3.06915,-0.0116954,0.23564,0.30691,
3.07161,-0.00876163,0.245875,0.293377,
3.07417,-0.00597585,0.256323,0.278577,
3.07684,-0.00334959,0.266942,0.262626,
3.07962,-0.00089297,0.277676,0.245662,
3.0825,0.0013855,0.288464,0.227848,
3.0855,0.00347914,0.299237,0.209364,
3.0886,0.00538321,0.309918,0.190407,
3.0918,0.00709507,0.320427,0.171186,
3.09511,0.00861426,0.33068,0.151919,
3.09851,0.00994254,0.340592,0.132827,
3.10201,0.0110839,0.350077,0.114134,
3.1056,0.0120444,0.35905,0.0960568,
3.10928,0.0128325,0.36743,0.0788077,
3.11303,0.0134584,0.375141,0.0625835,
3.11685,0.013934,0.382115,0.0475626,
3.12073,0.014273,0.388292,0.0338989,
3.12467,0.0144901,0.393625,0.0217155,
3.12865,0.0146011,0.398083,0.0111,
3.13267,0.0146221,0.401649,0.00209918,
3.13671,0.0145693,0.404324,-0.00528397,
3.14077,0.0144584,0.406127,-0.0110921,
3.14484,0.0143042,0.407096,-0.0154126,
3.14892,0.0141205,0.407283,-0.0183736,
3.15298,0.0139191,0.406758,-0.0201382,
3.15704,0.0137102,0.405597,-0.0208942,
3.16108,0.0135017,0.403884,-0.0208436,
3.1651,0.0132998,0.401701,-0.0201893,
3.16909,0.0131086,0.399129,-0.0191221,
3.17305,0.0129305,0.396235,-0.0178091,
3.17698,0.0127667,0.393076,-0.0163834,
3.18088,0.0126173,0.389689,-0.0149371,
3.18474,0.0124821,0.386095,-0.0135174,
3.18856,0.0123609,0.382297,-0.0121264,
3.19234,0.0122536,0.378278,-0.0107236,
3.19608,0.0121613,0.37401,-0.00923138,
3.19978,0.0120859,0.36945,-0.00754241,
3.20342,0.0120306,0.364546,-0.00552789,
3.20702,0.0120002,0.359242,-0.00304656,
3.21055,0.0120006,0.353481,4.66471e-05,
3.21402,0.0120396,0.347206,0.00389256,
3.21743,0.0121258,0.340365,0.0086208,
3.22076,0.0122692,0.332913,0.014344,
3.224,0.0124807,0.324812,0.0211531,
3.22716,0.0127719,0.316037,0.0291147,
3.23023,0.0131546,0.306569,0.0382682,
3.23319,0.0136408,0.296405,0.0486255,
3.23605,0.0142425,0.28555,0.0601707,
3.23879,0.0149711,0.274021,0.0728603,
3.24141,0.0158374,0.261845,0.0866248,
3.2439,0.0168511,0.249058,0.10137,
3.24626,0.0180209,0.235707,0.11698,
3.24847,0.019354,0.221847,0.133315,
3.25055,0.0208562,0.20754,0.15022,
3.25248,0.0225314,0.192854,0.167522,
3.25426,0.0243818,0.177866,0.185033,
3.25588,0.0264073,0.162653,0.202556,
3.25736,0.0286061,0.147301,0.219882,
3.25868,0.0309741,0.131895,0.236798,
3.25984,0.033505,0.116524,0.253088,
3.26085,0.0361904,0.101275,0.268536,
3.26172,0.0390197,0.0862345,0.282932,
3.26243,0.0419804,0.0714867,0.296075,
3.263,0.0450582,0.0571092,0.307778,
3.26343,0.0482369,0.0431727,0.317874,
3.26373,0.0514992,0.0297383,0.326222,
3.2639,0.0548263,0.0168554,0.332711,
3.26394,0.0581989,0.00456,0.337265,
3.26387,0.0615974,-0.00712744,0.339847,
3.26369,0.065002,-0.0182026,0.340463,
3.2634,0.0683936,-0.0286776,0.339159,
3.26302,0.0717539,-0.0385808,0.336026,
3.26254,0.0750657,-0.0479549,0.331187,
3.26197,0.0783137,-0.0568548,0.3248,
3.26132,0.0814842,-0.0653443,0.317043,
3.26058,0.0845653,-0.0734925,0.30811,
3.25977,0.0875473,-0.0813698,0.298199,
3.25888,0.0904223,-0.089044,0.287501,
3.25791,0.0931842,-0.096577,0.276194,
3.25687,0.0958286,-0.104022,0.264435,
3.25576,0.0983521,-0.111421,0.252353,
3.25457,0.100753,-0.118805,0.240051,
3.25331,0.103029,-0.126192,0.227601,
3.25197,0.105179,-0.133588,0.215044,
3.25056,0.107203,-0.14099,0.202401,
3.24908,0.1091,-0.148384,0.189665,
3.24752,0.110868,-0.155749,0.176816,
3.24589,0.112506,-0.163061,0.163818,
3.24419,0.114012,-0.170289,0.15063,
3.24241,0.115384,-0.177403,0.137204,
3.24057,0.116619,-0.184373,0.123494,
3.23866,0.117714,-0.191168,0.109458,
3.23668,0.118665,-0.197763,0.0950602,
3.23464,0.119467,-0.204132,0.0802718,
3.23254,0.120118,-0.210257,0.0650756,
3.23038,0.120613,-0.216122,0.0494648,
3.22816,0.120947,-0.221717,0.0334446,
3.22589,0.121117,-0.227035,0.0170318,
3.22357,0.12112,-0.232077,0.000254952,
3.2212,0.120951,-0.236844,-0.016846,
3.21878,0.120609,-0.241346,-0.0342206,
3.21633,0.120091,-0.245593,-0.0518082,
3.21383,0.119396,-0.249603,-0.0695396,
3.2113,0.118522,-0.253392,-0.0873372,
3.20873,0.117471,-0.256985,-0.105117,
3.20613,0.116243,-0.260404,-0.12279,
3.20349,0.114841,-0.263676,-0.140262,
3.20082,0.113266,-0.266829,-0.157437,
3.19812,0.111524,-0.269889,-0.174218,
3.19539,0.109619,-0.272886,-0.19051,
3.19263,0.107557,-0.275846,-0.206219,
3.18985,0.105344,-0.278795,-0.221257,
3.18703,0.102989,-0.281757,-0.235541,
3.18418,0.100499,-0.28475,-0.249001,
3.1813,0.0978832,-0.287791,-0.261573,
3.17839,0.0951511,-0.290892,-0.273207,
3.17545,0.0923124,-0.29406,-0.283869,
3.17248,0.0893771,-0.297294,-0.293537,
3.16947,0.086355,-0.300591,-0.302205,
3.16644,0.0832562,-0.303939,-0.309882,
3.16336,0.0800903,-0.307324,-0.316591,
3.16025,0.0768666,-0.310725,-0.322367,
3.15711,0.0735941,-0.314119,-0.327256,
3.15394,0.070281,-0.31748,-0.331309,
3.15073,0.0669351,-0.320781,-0.334583,
3.14749,0.0635638,-0.323995,-0.337133,
3.14422,0.0601737,-0.327096,-0.339013,
3.14092,0.056771,-0.330064,-0.340272,
3.13759,0.0533615,-0.332879,-0.340947,
3.13424,0.0499508,-0.335527,-0.341071,
3.13086,0.0465442,-0.337999,-0.340661,
3.12745,0.0431469,-0.340289,-0.339728,
3.12403,0.0397642,-0.342398,-0.338271,
3.12059,0.0364013,-0.344327,-0.336284,
3.11712,0.0330638,-0.346083,-0.333753,
3.11365,0.0297572,-0.347673,-0.330662,
3.11016,0.0264872,-0.349104,-0.326995,
3.10665,0.0232599,-0.350385,-0.322736,
3.10314,0.0200811,-0.351522,-0.317876,
3.09961,0.016957,-0.352518,-0.312411,
3.09608,0.0138936,-0.353376,-0.306345,
3.09254,0.0108966,-0.354092,-0.299693,
3.08899,0.00797184,-0.35466,-0.292479,
3.08544,0.00512445,-0.35507,-0.284739,
3.08189,0.00235926,-0.355309,-0.276519,
3.07833,-0.000319491,-0.355357,-0.267876,
3.07478,-0.00290825,-0.355193,-0.258876,
3.07123,-0.00540421,-0.354792,-0.249596,
3.06769,-0.00780538,-0.354126,-0.240117,
3.06416,-0.0101107,-0.353165,-0.230529,
3.06064,-0.0123199,-0.351877,-0.220924,
3.05714,-0.0144339,-0.35023,-0.211397,
3.05366,-0.0164543,-0.348192,-0.202045,
3.0502,-0.0183839,-0.34573,-0.192962,
3.04677,-0.0202263,-0.342814,-0.184238,
3.04338,-0.0219859,-0.339416,-0.175959,
3.04002,-0.0236679,-0.335512,-0.168201,
3.03671,-0.0252783,-0.33108,-0.161034,
3.03345,-0.0268234,-0.326103,-0.154515,
3.03025,-0.0283103,-0.32057,-0.148688,
3.0271,-0.0297462,-0.314473,-0.143586,
3.02402,-0.0311384,-0.307811,-0.139226,
3.02102,-0.0324945,-0.300591,-0.135613,
3.01809,-0.0338219,-0.29282,-0.132736,
3.01524,-0.0351276,-0.284515,-0.130574,
3.01249,-0.0364186,-0.275694,-0.129092,
3.00982,-0.037701,-0.266382,-0.128248,
3.00726,-0.038981,-0.256605,-0.127991,
3.00479,-0.0402636,-0.24639,-0.128267,
3.00244,-0.0415538,-0.235767,-0.129017,
3.00019,-0.0428557,-0.224764,-0.130186,
2.99805,-0.0441728,-0.213409,-0.13172,
2.99604,-0.0455085,-0.201727,-0.133569,
2.99414,-0.0468655,-0.189742,-0.135691,
2.99236,-0.048246,-0.177474,-0.138052,
2.99071,-0.0496522,-0.164938,-0.140623,
2.98919,-0.0510861,-0.152149,-0.143386,
2.9878,-0.0525494,-0.139116,-0.14633,
2.98654,-0.0540439,-0.125848,-0.14945,
2.98542,-0.0555713,-0.11235,-0.152745,
2.98443,-0.0571335,-0.0986266,-0.15622,
2.98359,-0.0587323,-0.0846805,-0.15988,
2.98288,-0.0603696,-0.0705156,-0.163731,
2.98232,-0.0620474,-0.056136,-0.167775,
2.9819,-0.0637675,-0.0415475,-0.172013,
2.98164,-0.0655319,-0.0267577,-0.17644,
2.98152,-0.0673424,-0.0117768,-0.181044,
2.98155,-0.0692004,0.00338185,-0.185807,
2.98174,-0.0711075,0.018702,-0.190703,
2.98208,-0.0730644,0.0341639,-0.195697,
2.98258,-0.0750719,0.0497443,-0.200745,
2.98323,-0.0771298,0.0654165,-0.205798,
2.98405,-0.0792378,0.0811508,-0.210795,
2.98501,-0.0813945,0.0969145,-0.215671,
2.98614,-0.0835981,0.112672,-0.220355,
2.98742,-0.0858458,0.128387,-0.22477,
2.98887,-0.0881341,0.144019,-0.228835,
2.99046,-0.0904588,0.159529,-0.232469,
2.99221,-0.0928147,0.174877,-0.235591,
2.99411,-0.0951959,0.190023,-0.238118,
2.99616,-0.0975956,0.204928,-0.239976,
2.99835,-0.100007,0.219555,-0.241091,
3.00069,-0.102421,0.23387,-0.241399,
3.00317,-0.104829,0.247843,-0.240846,
3.00579,-0.107223,0.261446,-0.239384,
3.00853,-0.109593,0.274657,-0.236982,
3.01141,-0.111929,0.287458,-0.233619,
3.01441,-0.114222,0.299836,-0.229286,
3.01752,-0.116462,0.311785,-0.223991,
3.02076,-0.118639,0.323301,-0.217753,
3.0241,-0.120745,0.334389,-0.210605,
3.02755,-0.122771,0.345054,-0.20259,
3.0311,-0.124709,0.355308,-0.193763,
3.03476,-0.126551,0.365164,-0.184184,
3.0385,-0.12829,0.37464,-0.173924,
3.04234,-0.12992,0.383753,-0.163052,
3.04626,-0.131437,0.39252,-0.151642,
3.05027,-0.132834,0.40096,-0.139766,
3.05436,-0.134109,0.409088,-0.127493,
3.05853,-0.135258,0.41692,-0.114888,
3.06278,-0.136278,0.424467,-0.10201,
3.0671,-0.137167,0.431738,-0.0889096,
3.07148,-0.137924,0.438739,-0.0756318,
3.07594,-0.138546,0.445473,-0.0622124,
3.08046,-0.139033,0.451939,-0.0486797,
3.08504,-0.139383,0.458134,-0.0350547,
3.08968,-0.139597,0.464053,-0.0213515,
3.09438,-0.139672,0.469685,-0.00757891,
3.09913,-0.13961,0.475023,0.00625944,
3.10393,-0.139408,0.480053,0.0201633,
3.10877,-0.139067,0.484763,0.034135,
3.11367,-0.138585,0.48914,0.048178,
3.1186,-0.137962,0.493172,0.0622962,
3.12357,-0.137197,0.496846,0.0764928,
3.12857,-0.13629,0.500149,0.090769,
3.1336,-0.135238,0.503072,0.105124,
3.13865,-0.134043,0.505606,0.119553,
3.14373,-0.132702,0.507742,0.134049,
3.14883,-0.131216,0.509475,0.148601,
3.15393,-0.129584,0.510802,0.163191,
3.15905,-0.127806,0.51172,0.177801,
3.16417,-0.125882,0.51223,0.192406,
3.1693,-0.123813,0.512334,0.206978,
3.17442,-0.121598,0.512036,0.221483,
3.17953,-0.119239,0.511342,0.235887,
3.18463,-0.116737,0.510259,0.250151,
3.18972,-0.114095,0.508796,0.264234,
3.19479,-0.111314,0.506963,0.278092,
3.19984,-0.108397,0.50477,0.291682,
3.20486,-0.105348,0.50223,0.304958,
3.20986,-0.102169,0.499353,0.317876,
3.21482,-0.098865,0.496152,0.330394,
3.21974,-0.0954403,0.492638,0.342468,
3.22463,-0.0918997,0.488823,0.354059,
3.22948,-0.0882484,0.484718,0.365132,
3.23428,-0.0844918,0.480332,0.375653,
3.23904,-0.0806359,0.475673,0.385592,
3.24375,-0.0766867,0.47075,0.394924,
3.2484,-0.0726504,0.465569,0.403629,
3.253,-0.0685335,0.460136,0.41169,
3.25755,-0.0643426,0.454454,0.419093,
3.26203,-0.0600842,0.448528,0.425831,
3.26646,-0.0557653,0.442359,0.431898,
3.27082,-0.0513923,0.435949,0.437292,
3.27511,-0.0469722,0.4293,0.442012,
3.27933,-0.0425116,0.422413,0.446062,
3.28349,-0.0380172,0.415289,0.449444,
3.28757,-0.0334955,0.407929,0.452165,
3.29157,-0.0289532,0.400334,0.454231,
3.29549,-0.0243967,0.392505,0.455649,
3.29934,-0.0198324,0.384444,0.456428,
3.3031,-0.0152667,0.376153,0.456577,
3.30678,-0.0107056,0.367632,0.456105,
3.31036,-0.00615533,0.358884,0.455027,
3.31386,-0.00162178,0.349909,0.453354,
3.31727,0.00288926,0.340708,0.451104,
3.32058,0.00737221,0.331282,0.448295,
3.3238,0.0118217,0.32163,0.444947,
3.32692,0.0162325,0.31175,0.441086,
3.32993,0.0205999,0.301641,0.436739,
3.33285,0.0249193,0.291299,0.431936,
3.33565,0.0291864,0.280719,0.426713,
3.33835,0.0333975,0.269897,0.421106,
3.34094,0.037549,0.258827,0.415155,
3.34342,0.0416381,0.247501,0.408904,
3.34578,0.045662,0.235912,0.402397,
3.34802,0.0496188,0.224052,0.39568,
3.35014,0.0535068,0.211913,0.388802,
3.35213,0.0573249,0.199486,0.381809,
3.354,0.0610724,0.186765,0.37475,
3.35574,0.0647491,0.17374,0.367669,
3.35734,0.0683552,0.160408,0.360613,
3.35881,0.0718915,0.14676,0.353622,
3.36013,0.0753588,0.132795,0.346735,
3.36132,0.0787587,0.118509,0.339986,
3.36236,0.0820927,0.103903,0.333407,
3.36325,0.085363,0.0889762,0.327021,
3.36399,0.0885714,0.073734,0.320849,
3.36457,0.0917205,0.0581818,0.314906,
3.36499,0.0948125,0.0423278,0.3092,
3.36525,0.0978499,0.0261824,0.303734,
3.36535,0.100835,0.00975814,0.298507,
3.36528,0.10377,-0.00693015,0.293509,
3.36504,0.106657,-0.0238659,0.288729,
3.36463,0.109499,-0.0410308,0.284151,
3.36405,0.112296,-0.0584052,0.279754,
3.36329,0.115052,-0.0759681,0.275516,
3.36235,0.117766,-0.093698,0.271411,
3.36124,0.12044,-0.111573,0.267413,
3.35994,0.123075,-0.12957,0.263495,
3.35846,0.125671,-0.147667,0.259632,
3.3568,0.128229,-0.165843,0.255797,
3.35496,0.130749,-0.184076,0.251966,
3.35294,0.13323,-0.202345,0.248117,
3.35073,0.135672,-0.220631,0.24423,
3.34835,0.138075,-0.238915,0.240288,
3.34577,0.140438,-0.257179,0.236273,
3.34302,0.142759,-0.275406,0.232174,
3.34008,0.145039,-0.29358,0.227978,
3.33697,0.147276,-0.311685,0.223676,
3.33367,0.149469,-0.329706,0.219258,
3.33019,0.151616,-0.347628,0.214718,
3.32654,0.153716,-0.365436,0.210046,
3.32271,0.155769,-0.383114,0.205235,
3.3187,0.157771,-0.400648,0.200277,
3.31452,0.159723,-0.418021,0.195161,
3.31017,0.161622,-0.435217,0.189877,
3.30565,0.163466,-0.452219,0.184411,
3.30096,0.165253,-0.469008,0.178751,
3.2961,0.166982,-0.485567,0.172878,
3.29108,0.16865,-0.501874,0.166776,
3.2859,0.170254,-0.51791,0.160425,
3.28057,0.171792,-0.533653,0.153804,
3.27508,0.173261,-0.549083,0.146892,
3.26943,0.174658,-0.564176,0.139667,
3.26365,0.175979,-0.578912,0.132106,
3.25771,0.177221,-0.593268,0.124188,
3.25164,0.17838,-0.607223,0.115893,
3.24543,0.179452,-0.620756,0.107202,
3.23909,0.180433,-0.633846,0.0980993,
3.23263,0.181318,-0.646474,0.0885709,
3.22604,0.182104,-0.658623,0.0786071,
3.21934,0.182786,-0.670276,0.068202,
3.21253,0.18336,-0.681419,0.0573537,
3.20561,0.183821,-0.692038,0.0460647,
3.19858,0.184164,-0.702122,0.0343421,
3.19147,0.184386,-0.711662,0.0221978,
3.18426,0.184483,-0.72065,0.00964768,
3.17697,0.18445,-0.72908,-0.00328783,
3.1696,0.184284,-0.736947,-0.0165847,
3.16216,0.183982,-0.744249,-0.0302157,
3.15465,0.18354,-0.750984,-0.0441508,
3.14708,0.182957,-0.75715,-0.058358,
3.13945,0.182228,-0.762748,-0.072804,
3.13177,0.181354,-0.767778,-0.0874549,
3.12405,0.180331,-0.772239,-0.102277,
3.11629,0.179159,-0.776133,-0.117238,
3.10849,0.177836,-0.779459,-0.132305,
3.10067,0.176361,-0.782216,-0.14745,
3.09283,0.174735,-0.784402,-0.162646,
3.08497,0.172956,-0.786016,-0.177868,
3.0771,0.171025,-0.787054,-0.193096,
3.06922,0.168942,-0.787513,-0.208312,
3.06135,0.166707,-0.787387,-0.223501,
3.05348,0.164321,-0.786671,-0.238651,
3.04563,0.161783,-0.785357,-0.253753,
3.03779,0.159095,-0.783441,-0.268801,
3.02998,0.156257,-0.780913,-0.28379,
3.02221,0.15327,-0.777767,-0.298718,
3.01447,0.150134,-0.773996,-0.313581,
3.00677,0.14685,-0.769593,-0.328379,
2.99913,0.143419,-0.76455,-0.34311,
2.99154,0.139841,-0.758864,-0.357773,
2.98401,0.136118,-0.752529,-0.372364,
2.97656,0.132249,-0.745541,-0.38688,
2.96918,0.128236,-0.7379,-0.401313,
2.96188,0.124079,-0.729604,-0.415656,
2.95467,0.11978,-0.720654,-0.429898,
2.94756,0.11534,-0.711054,-0.444024,
2.94056,0.11076,-0.700809,-0.45802,
2.93366,0.106041,-0.689925,-0.471864,
2.92687,0.101186,-0.67841,-0.485536,
2.92021,0.0961958,-0.666275,-0.499009,
2.91367,0.0910732,-0.653533,-0.512257,
2.90727,0.0858207,-0.640196,-0.52525,
2.90101,0.0804412,-0.62628,-0.537954,
2.89489,0.0749378,-0.611802,-0.550337,
2.88892,0.0693142,-0.596781,-0.562361,
2.88311,0.0635743,-0.581234,-0.573992,
2.87746,0.0577224,-0.565183,-0.58519,
2.87197,0.0517632,-0.548648,-0.59592,
2.86666,0.0457018,-0.53165,-0.606143,
2.86151,0.0395435,-0.514212,-0.615823,
2.85655,0.0332943,-0.496354,-0.624924,
2.85177,0.0269601,-0.4781,-0.633414,
2.84717,0.0205476,-0.459471,-0.641259,
2.84277,0.0140633,-0.440487,-0.648431,
2.83856,0.00751423,-0.42117,-0.654902,
2.83454,0.000907737,-0.401539,-0.660649,
2.83073,-0.00574878,-0.381615,-0.665652,
2.82711,-0.0124477,-0.361415,-0.669892,
2.8237,-0.0191813,-0.340957,-0.673356,
2.8205,-0.0259416,-0.320256,-0.676034,
2.81751,-0.0327208,-0.29933,-0.67792,
2.81473,-0.0395109,-0.278191,-0.67901,
2.81216,-0.046304,-0.256853,-0.679306,
2.8098,-0.0530921,-0.235328,-0.678812,
2.80767,-0.0598674,-0.213627,-0.677537,
2.80575,-0.0666223,-0.19176,-0.675491,
2.80405,-0.0733492,-0.169735,-0.672689,
2.80258,-0.0800407,-0.147559,-0.66915,
2.80132,-0.0866897,-0.125241,-0.664894,
2.8003,-0.0932891,-0.102786,-0.659943,
2.79949,-0.0998324,-0.0801997,-0.654324,
2.79892,-0.106313,-0.0574859,-0.648064,
2.79857,-0.112725,-0.0346489,-0.641192,
2.79846,-0.119062,-0.0116924,-0.633739,
2.79857,-0.12532,0.0113804,-0.625736,
2.79892,-0.131492,0.0345664,-0.617216,
2.79949,-0.137574,0.0578626,-0.608212,
2.80031,-0.143562,0.081266,-0.598756,
2.80135,-0.14945,0.104773,-0.58888,
2.80264,-0.155236,0.128381,-0.578616,
2.80416,-0.160916,0.152085,-0.567994,
2.80592,-0.166487,0.17588,-0.557043,
2.80792,-0.171945,0.199761,-0.545791,
2.81015,-0.177287,0.223722,-0.534263,
2.81263,-0.182512,0.247756,-0.522481,
2.81535,-0.187617,0.271855,-0.510466,
2.81831,-0.192599,0.296008,-0.498236,
2.82151,-0.197457,0.320207,-0.485807,
2.82496,-0.202189,0.344439,-0.47319,
2.82864,-0.206793,0.368691,-0.460396,
2.83257,-0.211267,0.392949,-0.44743,
2.83674,-0.21561,0.417198,-0.434297,
2.84116,-0.21982,0.441423,-0.420999,
2.84581,-0.223896,0.465604,-0.407535,
2.85071,-0.227835,0.489724,-0.3939,
2.85585,-0.231636,0.513763,-0.380092,
2.86123,-0.235297,0.537702,-0.366102,
2.86684,-0.238816,0.561519,-0.351924,
2.87269,-0.242191,0.585193,-0.337549,
2.87878,-0.245421,0.608702,-0.322968,
2.8851,-0.248503,0.632024,-0.308174,
2.89165,-0.251434,0.655137,-0.293157,
2.89843,-0.254213,0.67802,-0.27791,
2.90544,-0.256838,0.70065,-0.262427,
2.91267,-0.259305,0.723006,-0.246704,
2.92012,-0.261612,0.745068,-0.230737,
2.92779,-0.263757,0.766814,-0.214526,
2.93567,-0.265738,0.788224,-0.198073,
2.94376,-0.267552,0.809281,-0.181381,
2.95206,-0.269197,0.829964,-0.164457,
2.96056,-0.27067,0.850257,-0.147309,
2.96927,-0.271969,0.870142,-0.129948,
2.97816,-0.273093,0.889602,-0.112387,
2.98725,-0.274039,0.908621,-0.0946406,
2.99652,-0.274807,0.927183,-0.0767255,
3.00597,-0.275393,0.945274,-0.0586597,
3.0156,-0.275798,0.962878,-0.0404624,
3.0254,-0.276019,0.97998,-0.0221533,
3.03537,-0.276057,0.996564,-0.00375277,
3.04549,-0.27591,1.01262,0.0147186,
3.05577,-0.275577,1.02812,0.0332404,
3.06621,-0.275059,1.04307,0.0517926,
3.07678,-0.274356,1.05743,0.0703561,
3.08749,-0.273467,1.0712,0.0889122,
3.09834,-0.272392,1.08436,0.107444,
3.1093,-0.271133,1.09689,0.125934,
3.12039,-0.269689,1.10877,0.144369,
3.13159,-0.268062,1.11999,0.162733,
3.1429,-0.266252,1.13053,0.181016,
3.1543,-0.26426,1.14037,0.199205,
3.1658,-0.262087,1.1495,0.217292,
3.17737,-0.259734,1.15788,0.235266,
3.18903,-0.257203,1.16552,0.25312,
3.20075,-0.254494,1.17237,0.270847,
3.21254,-0.25161,1.17844,0.288441,
3.22437,-0.248551,1.1837,0.305896,
3.23626,-0.245319,1.18813,0.323207,
3.24817,-0.241915,1.19172,0.340369,
3.26012,-0.238342,1.19445,0.357379,
3.27208,-0.234599,1.1963,0.374231,
3.28405,-0.23069,1.19727,0.390922,
3.29603,-0.226616,1.19733,0.407449,
3.30799,-0.222377,1.19647,0.423807,
3.31994,-0.217978,1.19469,0.439995,
3.33186,-0.213417,1.19196,0.456009,
3.34374,-0.208699,1.18829,0.471846,
3.35558,-0.203824,1.18365,0.487506,
3.36736,-0.198794,1.17805,0.502987,
3.37907,-0.193611,1.17147,0.518288,
3.39071,-0.188277,1.16391,0.53341,
3.40227,-0.182794,1.15537,0.548354,
3.41372,-0.177162,1.14583,0.563122,
3.42508,-0.171385,1.13529,0.577715,
3.43631,-0.165464,1.12376,0.592138,
3.44743,-0.1594,1.11123,0.606394,
3.4584,-0.153195,1.0977,0.620487,
3.46924,-0.146851,1.08316,0.634422,
3.47991,-0.140369,1.06763,0.648204,
3.49042,-0.13375,1.05111,0.661836,
3.50076,-0.126997,1.03359,0.675323,
3.51091,-0.12011,1.0151,0.688668,
3.52087,-0.113092,0.995623,0.701873,
3.53062,-0.105942,0.975184,0.714939,
3.54016,-0.0986637,0.953789,0.727864,
3.54947,-0.0912572,0.931453,0.740647,
3.55855,-0.0837244,0.90819,0.753281,
3.56739,-0.0760668,0.884017,0.76576,
3.57598,-0.0682861,0.858953,0.778072,
3.58431,-0.060384,0.833019,0.790205,
3.59237,-0.0523626,0.806238,0.802142,
3.60016,-0.0442239,0.778635,0.813865,
3.60766,-0.0359704,0.750236,0.82535,
3.61487,-0.0276047,0.721071,0.836572,
3.62179,-0.0191297,0.691169,0.847502,
3.62839,-0.0105486,0.660564,0.858109,
3.63468,-0.00186504,0.629287,0.868358,
3.64066,0.00691708,0.597375,0.878212,
3.64631,0.0157934,0.564864,0.887632,
3.65162,0.0247592,0.531789,0.896578,
3.65661,0.0338092,0.49819,0.905006,
3.66125,0.042938,0.464103,0.912873,
3.66554,0.0521393,0.429569,0.920136,
3.66949,0.0614068,0.394624,0.926749,
3.67308,0.0707335,0.359308,0.93267,
3.67632,0.0801121,0.323657,0.937856,
3.6792,0.0895347,0.28771,0.942264,
3.68171,0.0989933,0.251503,0.945855,
3.68386,0.108479,0.215069,0.948593,
3.68565,0.117984,0.178443,0.950442,
3.68706,0.127497,0.141657,0.951372,
3.68811,0.137011,0.104741,0.951354,
3.68879,0.146515,0.0677235,0.950363,
3.68909,0.155998,0.0306317,0.94838,
3.68903,0.165452,-0.00650976,0.945389,
3.68859,0.174866,-0.0436781,0.941376,
3.68778,0.184229,-0.0808523,0.936333,
3.6866,0.193532,-0.118013,0.930255,
3.68505,0.202763,-0.155144,0.923143,
3.68313,0.211913,-0.192228,0.914997,
3.68084,0.220971,-0.229252,0.905825,
3.67817,0.229928,-0.266203,0.895634,
3.67514,0.238772,-0.30307,0.884435,
3.67175,0.247495,-0.339841,0.872242,
3.66798,0.256085,-0.376508,0.859069,
3.66385,0.264535,-0.413062,0.844933,
3.65935,0.272833,-0.449493,0.82985,
3.6545,0.280972,-0.485793,0.813838,
3.64928,0.288941,-0.521955,0.796915,
3.6437,0.296732,-0.557968,0.779098,
3.63776,0.304336,-0.593826,0.760404,
3.63146,0.311744,-0.629518,0.740851,
3.62481,0.318949,-0.665034,0.720453,
3.61781,0.325941,-0.700364,0.699226,
3.61046,0.332713,-0.735496,0.677184,
3.60275,0.339256,-0.770419,0.65434,
3.5947,0.345563,-0.805118,0.630706,
3.5863,0.351626,-0.83958,0.606293,
3.57757,0.357437,-0.873789,0.581113,
3.56849,0.362989,-0.907729,0.555175,
3.55907,0.368274,-0.941384,0.528491,
3.54933,0.373285,-0.974734,0.50107,
3.53925,0.378014,-1.00776,0.472925,
3.52885,0.382455,-1.04045,0.444067,
3.51812,0.3866,-1.07277,0.41451,
3.50707,0.390442,-1.10472,0.384271,
3.49571,0.393976,-1.13626,0.353367,
3.48403,0.397194,-1.16737,0.321821,
3.47205,0.400091,-1.19805,0.289657,
3.45977,0.40266,-1.22826,0.256903,
3.44719,0.404896,-1.25798,0.223594,
3.43432,0.406793,-1.28721,0.189768,
3.42116,0.408348,-1.31591,0.155469,
3.40772,0.409556,-1.34408,0.120747,
3.394,0.410412,-1.3717,0.0856572,
3.38001,0.410915,-1.39874,0.050262,
3.36576,0.411061,-1.42521,0.0146296,
3.35125,0.410849,-1.45108,-0.0211653,
3.33649,0.410279,-1.47635,-0.0570421,
3.32148,0.40935,-1.501,-0.0929145,
3.30623,0.408063,-1.52504,-0.128691,
3.29074,0.40642,-1.54845,-0.164275,
3.27503,0.404425,-1.57122,-0.199568,
3.2591,0.40208,-1.59335,-0.234467,
3.24295,0.399391,-1.61484,-0.26887,
3.22659,0.396364,-1.63568,-0.302674,
3.21003,0.393007,-1.65586,-0.335777,
3.19328,0.389326,-1.67537,-0.368083,
3.17634,0.385331,-1.69421,-0.3995,
3.15921,0.381031,-1.71235,-0.429944,
3.14192,0.376438,-1.72978,-0.45934,
3.12445,0.371562,-1.74649,-0.487623,
3.10683,0.366414,-1.76244,-0.514743,
3.08905,0.361008,-1.7776,-0.540661,
3.07113,0.355354,-1.79195,-0.565356,
3.05308,0.349466,-1.80543,-0.58882,
3.0349,0.343355,-1.818,-0.611062,
3.0166,0.337034,-1.82962,-0.632107,
2.9982,0.330514,-1.84022,-0.651996,
2.9797,0.323807,-1.84975,-0.670784,
2.96112,0.316921,-1.85814,-0.688536,
2.94247,0.309868,-1.86533,-0.705332,
2.92375,0.302655,-1.87126,-0.721259,
2.905,0.295291,-1.87585,-0.736409,
2.88621,0.287782,-1.87903,-0.750882,
2.8674,0.280135,-1.88075,-0.764777,
2.84859,0.272353,-1.88095,-0.778194,
2.82979,0.26444,-1.87955,-0.79123,
2.81103,0.256401,-1.87652,-0.803976,
2.79231,0.248235,-1.87181,-0.816521,
2.77366,0.239946,-1.86536,-0.828942,
2.75509,0.231533,-1.85716,-0.841312,
2.73661,0.222996,-1.84716,-0.853691,
2.71826,0.214335,-1.83536,-0.866133,
2.70004,0.205548,-1.82173,-0.878681,
2.68198,0.196634,-1.80626,-0.891368,
2.66409,0.187592,-1.78897,-0.90422,
2.64639,0.178419,-1.76985,-0.917252,
2.6289,0.169115,-1.74891,-0.930474,
2.61164,0.159676,-1.72618,-0.943885,
2.59462,0.150101,-1.70168,-0.957481,
2.57787,0.140388,-1.67544,-0.97125,
2.56139,0.130537,-1.64749,-0.985176,
2.54522,0.120544,-1.61787,-0.999239,
2.52935,0.11041,-1.58663,-1.01341,
2.51381,0.100133,-1.55381,-1.02767,
2.49862,0.0897137,-1.51946,-1.04198,
2.48378,0.0791505,-1.48362,-1.05631,
2.46932,0.0684442,-1.44637,-1.07063,
2.45524,0.0575952,-1.40774,-1.0849,
2.44156,0.0466045,-1.36781,-1.09908,
2.4283,0.0354732,-1.32662,-1.11313,
2.41545,0.0242031,-1.28425,-1.12701,
2.40305,0.0127963,-1.24075,-1.14068,
2.39108,0.00125532,-1.19619,-1.1541,
2.37958,-0.0104168,-1.15063,-1.16721,
2.36854,-0.0222166,-1.10414,-1.17998,
2.35797,-0.03414,-1.05678,-1.19235,
2.34788,-0.0461827,-1.00862,-1.20427,
2.33828,-0.0583395,-0.959726,-1.21569,
2.32918,-0.070605,-0.910158,-1.22655,
2.32058,-0.082973,-0.859985,-1.2368,
2.31249,-0.0954368,-0.809271,-1.24638,
2.30491,-0.107989,-0.758081,-1.25523,
2.29784,-0.120622,-0.706477,-1.26329,
2.2913,-0.133327,-0.65452,-1.27051,
2.28528,-0.146095,-0.602271,-1.27681,
2.27978,-0.158917,-0.549787,-1.28215,
2.27481,-0.171781,-0.497123,-1.28646,
2.27036,-0.184678,-0.444331,-1.28969,
2.26645,-0.197596,-0.391461,-1.29178,
2.26306,-0.210523,-0.338559,-1.2927,
2.26021,-0.223447,-0.285667,-1.29239,
2.25788,-0.236355,-0.232825,-1.29081,
2.25608,-0.249234,-0.180068,-1.28792,
2.2548,-0.262071,-0.127427,-1.2837,
2.25406,-0.274852,-0.0749309,-1.27811,
2.25383,-0.287564,-0.0226038,-1.27114,
2.25412,-0.300191,0.0295331,-1.26275,
2.25494,-0.312721,0.0814612,-1.25294,
2.25627,-0.325137,0.133165,-1.24169,
2.25812,-0.337427,0.18463,-1.22898,
2.26048,-0.349575,0.235844,-1.21481,
2.26334,-0.361567,0.286797,-1.19916,
2.26672,-0.373387,0.337476,-1.182,
2.2706,-0.38502,0.387873,-1.16333,
2.27498,-0.396452,0.437975,-1.14313,
2.27985,-0.407665,0.48777,-1.12136,
2.28523,-0.418645,0.537245,-1.09801,
2.29109,-0.429376,0.586385,-1.07302,
2.29744,-0.439839,0.635173,-1.04638,
2.30428,-0.450019,0.68359,-1.01802,
2.31159,-0.459899,0.731614,-0.987906,
2.31939,-0.469458,0.779223,-0.955984,
2.32765,-0.47868,0.82639,-0.922195,
2.33638,-0.487545,0.873087,-0.886483,
2.34557,-0.496033,0.919285,-0.848788,
2.35522,-0.504124,0.964951,-0.809048,
2.36532,-0.511796,1.01005,-0.767205,
2.37587,-0.519028,1.05456,-0.7232,
2.38685,-0.525797,1.09842,-0.67698,
2.39827,-0.532082,1.14162,-0.628496,
2.41011,-0.537859,1.18412,-0.577706,
2.42237,-0.543105,1.22587,-0.524575,
2.43504,-0.547796,1.26685,-0.46908,
2.44811,-0.551908,1.30701,-0.411207,
2.46157,-0.555418,1.34634,-0.35096,
2.47542,-0.558301,1.38481,-0.288355,
2.48964,-0.560535,1.42238,-0.223428,
2.50423,-0.562098,1.45905,-0.156237,
2.51918,-0.562966,1.4948,-0.086863,
2.53448,-0.563121,1.52962,-0.0154131,
2.55011,-0.562541,1.56353,0.0579734,
2.56608,-0.56121,1.59653,0.133123,
2.58237,-0.559111,1.62866,0.209822,
2.59897,-0.556233,1.65996,0.287813,
2.61587,-0.552565,1.69049,0.366788,
2.63307,-0.548102,1.72035,0.446385,
2.65057,-0.54284,1.74962,0.526176,
2.66835,-0.536783,1.77846,0.605669,
2.68643,-0.52994,1.80702,0.684293,
2.70478,-0.522326,1.8355,0.7614,
2.72342,-0.513964,1.86413,0.836256,
2.74235,-0.504883,1.89319,0.908039,
2.76158,-0.495125,1.92297,0.975844,
2.78112,-0.484738,1.95381,1.03868,
2.80098,-0.473783,1.98608,1.09549,
2.82118,-0.462331,2.02019,1.14517,
2.84175,-0.450466,2.05651,1.18658,
2.8627,-0.43828,2.09547,1.2186,
2.88408,-0.425878,2.13742,1.24019,
2.9059,-0.413374,2.1827,1.25042,
2.92822,-0.400888,2.23154,1.24858,
2.95106,-0.388545,2.28407,1.23424,
2.97446,-0.376472,2.34027,1.20734,
2.99846,-0.36479,2.39995,1.16822,
3.02309,-0.353612,2.46273,1.11774,
3.04837,-0.34304,2.52804,1.05719,
3.07432,-0.333157,2.59513,0.988341,
3.10095,-0.324024,2.66309,0.913312,
3.12826,-0.315679,2.73094,0.834476,
3.15624,-0.308136,2.79763,0.754317,
3.18486,-0.301383,2.86214,0.67529,
3.21409,-0.295386,2.9235,0.599698,
3.2439,-0.29009,2.98083,0.529598,
3.27424,-0.285423,3.0334,0.466746,
3.30504,-0.281297,3.08057,0.412571,
3.33626,-0.277615,3.12184,0.368184,
3.36783,-0.274271,3.15685,0.334397,
3.39968,-0.271154,3.18529,0.31176,
3.43175,-0.268148,3.20697,0.300603,
3.46397,-0.265137,3.22176,0.301068,
3.49627,-0.262005,3.22957,0.313154,
3.52857,-0.258638,3.23036,0.336743,
3.56081,-0.254922,3.22412,0.371632,
3.59292,-0.250746,3.21088,0.417552,
3.62483,-0.246004,3.19066,0.474191,
3.65646,-0.240592,3.1635,0.54121,
3.68776,-0.23441,3.12948,0.61825,
3.71864,-0.22736,3.08864,0.704946,
3.74905,-0.219351,3.04107,0.80093,
3.77892,-0.210292,2.98686,0.905833,
3.80818,-0.2001,2.9261,1.01929,
3.83677,-0.18869,2.85891,1.14093,
3.86463,-0.175986,2.78542,1.2704,
3.89168,-0.161913,2.70577,1.40734,
3.91788,-0.146399,2.62014,1.55137,
3.94317,-0.129378,2.5287,1.70215,
3.96749,-0.110784,2.43167,1.85932,
3.99078,-0.0905591,2.32925,2.02252,
4.013,-0.0686451,2.22169,2.1914,
4.03409,-0.0449894,2.10925,2.36557,
4.05401,-0.0195431,1.99222,2.54463,
4.07272,0.00773782,1.87091,2.72809,
4.09018,0.0368917,1.7457,2.91538,
4.10635,0.0679496,1.61699,3.1058,
4.1212,0.100934,1.48528,3.29846,
4.13471,0.135857,1.35113,3.49229,
4.14686,0.172718,1.21514,3.68605,
4.15764,0.211501,1.078,3.87829,
4.16705,0.252175,0.940424,4.06745,
4.17508,0.294694,0.803135,4.25191,
4.18175,0.338995,0.666827,4.43007,
4.18707,0.384999,0.532135,4.60044,
4.19107,0.432617,0.399603,4.76175,
4.19376,0.481746,0.269658,4.91294,
4.19519,0.532279,0.142607,5.05327,
4.19537,0.584101,0.0186333,5.18223,
4.19435,0.637097,-0.102188,5.29959,
4.19215,0.69115,-0.219875,5.4053,
4.18881,0.746145,-0.334518,5.49946,
4.18435,0.801968,-0.446263,5.58229,
4.17879,0.858508,-0.555293,5.65408,
4.17217,0.91566,-0.661821,5.71515,
4.16451,0.973319,-0.766083,5.76586,
4.15583,1.03138,-0.868336,5.80659,
4.14614,1.08976,-0.968861,5.83773,
4.13546,1.14836,-1.06796,5.85967,
4.1238,1.20709,-1.16598,5.87282,
4.11117,1.26586,-1.26327,5.87759,
4.09757,1.32461,-1.36024,5.87436,
4.08299,1.38324,-1.45731,5.86346,
4.06745,1.44169,-1.55492,5.84519,
4.05091,1.49989,-1.65355,5.81976,
4.03337,1.55776,-1.75367,5.7873,
4.01482,1.61524,-1.85576,5.74782,
3.99521,1.67225,-1.96029,5.70123,
3.97454,1.72873,-2.06773,5.64734,
3.95275,1.78459,-2.1785,5.58583,
3.92982,1.83975,-2.29303,5.51628,
3.9057,1.89413,-2.41166,5.4382,
3.88036,1.94764,-2.53469,5.35101,
3.85373,2.00018,-2.66236,5.25409,
3.82578,2.05165,-2.79482,5.14681,
3.79646,2.10193,-2.93211,5.02852,
3.76572,2.15092,-3.07415,4.89863,
3.73351,2.19849,-3.22073,4.75662,
3.6998,2.24451,-3.37148,4.60208,
3.66454,2.28885,-3.52587,4.43472,
3.62771,2.3314,-3.68321,4.25444,
3.58928,2.37201,-3.84265,4.06131,
3.54925,2.41057,-4.0032,3.8556,
3.50761,2.44695,-4.16373,3.63774,
3.46438,2.48103,-4.32304,3.40835,
3.41958,2.51271,-4.4799,3.16816,
3.37325,2.54189,-4.63307,2.91797,
3.32544,2.56848,-4.78137,2.65862,
3.2762,2.59239,-4.92372,2.39091,
3.22561,2.61354,-5.05917,2.11554,
3.17374,2.63187,-5.18692,1.83309,
3.12068,2.64731,-5.30636,1.54396,
3.06651,2.6598,-5.417,1.24835,
3.01132,2.66926,-5.51848,0.946276,
2.95522,2.67563,-5.61053,0.637571,
2.89829,2.67885,-5.69289,0.32191,
2.84064,2.67884,-5.76527,-0.00114685,
2.78236,2.67552,-5.82729,-0.332101,
2.72358,2.66881,-5.8784,-0.671464,
2.6644,2.65861,-5.91783,-1.01969,
2.60496,2.64484,-5.94458,-1.37714,
2.54538,2.6274,-5.95737,-1.744,
2.48583,2.6062,-5.95466,-2.12023,
2.42649,2.58114,-5.93469,-2.50558,
2.36753,2.55214,-5.89552,-2.89951,
2.30918,2.51913,-5.83519,-3.30123,
2.25166,2.48203,-5.75181,-3.7097,
2.19523,2.4408,-5.6437,-4.12369,
2.14013,2.39538,-5.50959,-4.54183,
2.08664,2.34575,-5.34877,-4.96271,
2.03503,2.2919,-5.16119,-5.38493,
1.98555,2.23383,-4.94755,-5.80725,
1.93846,2.17154,-4.70935,-6.22861,
1.89397,2.10506,-4.44881,-6.64823,
1.85229,2.03441,-4.16878,-7.06562,
1.81356,1.9596,-3.8726,-7.48058,
1.77792,1.88067,-3.5639,-7.89322,
1.74546,1.79763,-3.24641,-8.30386,
1.71622,1.7105,-2.92382,-8.713,
1.69022,1.61929,-2.59963,-9.12115,
1.66745,1.524,-2.27713,-9.5287,
1.64786,1.42464,-1.95935,-9.9357,
1.63137,1.32123,-1.64922,-10.3414,
1.61787,1.21379,-1.34969,-10.744,
1.60723,1.1024,-1.06409,-11.1394,
1.59926,0.987193,-0.796603,-11.5202,
1.59373,0.868453,-0.55288,-11.874,
1.59032,0.746646,-0.340955,-12.1807,
1.5886,0.622549,-0.172124,-12.4098,
1.58799,0.497358,-0.0613389,-12.5191,
1.58773,0.372777,-0.0258368,-12.4581,
1.58693,0.250965,-0.080255,-12.1812,
1.58465,0.134242,-0.228037,-11.6723,
1.58011,0.0245806,-0.453864,-10.9661,
1.57286,-0.0768713,-0.725302,-10.1452,
1.5628,-0.16993,-1.00504,-9.30588,
1.55016,-0.255153,-1.26418,-8.52228,
1.53528,-0.333463,-1.488,-7.831,
1.51854,-0.405823,-1.67445,-7.23598,
1.50024,-0.473031,-1.8298,-6.7208,
1.4806,-0.535631,-1.96435,-6.26008,
1.4597,-0.593905,-2.08932,-5.82741,
1.43755,-0.647899,-2.2151,-5.39933,
1.41405,-0.697463,-2.35063,-4.95639,
1.38901,-0.742291,-2.50344,-4.48279,
1.36221,-0.781946,-2.67984,-3.9655,
1.33336,-0.815881,-2.88495,-3.39358,
1.30214,-0.843463,-3.12256,-2.75816,
1.26819,-0.863993,-3.39455,-2.05301,
1.23119,-0.876753,-3.69986,-1.27599,
1.19086,-0.881067,-4.03334,-0.431364,
1.14702,-0.876392,-4.38439,0.467494,
1.09965,-0.862437,-4.73635,1.39544,
1.04898,-0.839295,-5.06696,2.31421,
0.995479,-0.807558,-5.35056,3.17374,
0.939858,-0.768385,-5.56202,3.91729,
0.883042,-0.723481,-5.68159,4.49039,
0.82605,-0.674959,-5.69927,4.85224,
0.769877,-0.625102,-5.61731,4.98568,
0.715379,-0.57608,-5.44978,4.90221,
0.663185,-0.529686,-5.21943,4.63942,
0.613654,-0.487164,-4.95302,4.25218,
0.566886,-0.44915,-4.67687,3.80137,
0.522748,-0.415706,-4.41374,3.34439,
0.480933,-0.386411,-4.18155,2.92947,
0.441001,-0.360477,-3.99313,2.59342,
0.402437,-0.336867,-3.85646,2.36101,
0.364692,-0.314424,-3.77452,2.24432,
0.327245,-0.292012,-3.74471,2.24117,
0.289666,-0.268687,-3.75784,2.33257,
0.251699,-0.243892,-3.79675,2.47949,
0.213342,-0.217684,-3.83564,2.62074,
0.17493,-0.190928,-3.84117,2.67561,
0.137149,-0.165353,-3.77816,2.55757,
0.100934,-0.143312,-3.62153,2.20406,
0.0672149,-0.127158,-3.37187,1.61538,
0.0365833,-0.118415,-3.06316,0.874358,
0.00914851,-0.117421,-2.74348,0.09932,
